day,year,day_of_year,x,y,distance_km,water_l,snow_l,wet_organic_kg,dry_organic_kg,electricity_kwh,heat_kwh,mass_kg,water_deficit_hours,organic_deficit_hours,thermal_deficit_hours,niche_count,operational,failure,max_ledger_error,actions
1,1,1,7.103373,16.982086,17.664858,2632.651855,0,472,1191.062988,182.708725,2.835553,21017.115234,0,0,0,3,1,None,0.000977,"harvest live biomass|harvest dry biomass|burn dry organic matter|power intake and harvest|heat caravan|reject heat|maintain caravan water circuit|maintain living structure|maintain electrical systems|move|movement water loss|movement organic maintenance|grow Парус|grow Охлаждающий орган|grow Каркас"
2,1,2,6.284601,0,46.979298,2454.899902,0,472,1019.411499,191.362808,1.036943,20673.716797,0,0,0,3,1,None,0.000977,"burn dry organic matter|heat caravan|reject heat|maintain caravan water circuit|maintain living structure|maintain electrical systems|move|movement water loss|movement organic maintenance|grow Парус|grow Охлаждающий орган|grow Каркас"
3,1,3,12.600813,3.4853,78.979294,2278.142334,0,556,949.984558,170.73349,0.934811,20699.9375,0,0,0,4,1,None,0.000977,"burn dry organic matter|heat caravan|reject heat|maintain caravan water circuit|maintain living structure|maintain electrical systems|move|movement water loss|movement organic maintenance|grow Парус|grow Охлаждающий орган|grow Каркас"
4,1,4,23,18.017746,105.457329,2105.58374,0,640,879.281494,177.235107,0.600714,20724.275391,0,0,0,4,1,None,0.000977,"burn dry organic matter|heat caravan|reject heat|maintain caravan water circuit|maintain living structure|maintain electrical systems|move|movement water loss|movement organic maintenance|grow Парус|grow Охлаждающий орган|grow Каркас"
5,1,5,22.541328,15.88632,136.610825,1930.003418,0,724,809.500916,173.867065,0.719511,20746.515625,0,0,0,4,1,None,0.000977,"burn dry organic matter|heat caravan|reject heat|maintain caravan water circuit|maintain living structure|maintain electrical systems|move|movement water loss|movement organic maintenance|grow Парус|grow Охлаждающий орган|grow Каркас"
6,1,6,0.719564,23,166.987244,2596.348877,0,808,738.948181,171.205109,0.538041,21609.908203,0,0,0,4,1,None,0.000977,"burn dry organic matter|heat caravan|reject heat|maintain caravan water circuit|maintain living structure|maintain electrical systems|move|movement water loss|movement organic maintenance|grow Парус|grow Охлаждающий орган|grow Каркас"
7,1,7,6.995591,7.887168,196.500244,3262.33374,0,892,668.236938,156.217255,2.301595,22472.78125,0,0,0,4,1,None,0.000977,"burn dry organic matter|heat caravan|reject heat|maintain caravan water circuit|maintain living structure|maintain electrical systems|move|movement water loss|movement organic maintenance|grow Парус|grow Охлаждающий орган|grow Каркас"
8,1,8,11.663786,21.755836,225.489365,3087.159424,0,976,597.605286,144.692337,1.712048,22494.576172,0,0,0,4,1,None,0.000977,"burn dry organic matter|heat caravan|reject heat|maintain caravan water circuit|maintain living structure|maintain electrical systems|move|movement water loss|movement organic maintenance|grow Парус|grow Охлаждающий орган|grow Каркас"
9,1,9,23,22.934711,257.287018,2910.581055,0,1060,529.871155,90.915833,2.257071,22520.273438,0,0,0,4,1,None,0.000977,"burn dry organic matter|heat caravan|reject heat|maintain caravan water circuit|maintain living structure|maintain electrical systems|move|movement water loss|movement organic maintenance|grow Парус|grow Охлаждающий орган|grow Каркас"
10,1,10,23,22.934711,257.287018,3573.808594,0,1144,456.372162,169.628326,0,23377.601563,0,0,0,4,1,None,0.000977,"burn dry organic matter|heat caravan|reject heat|maintain caravan water circuit|maintain living structure|maintain electrical systems|grow Парус|grow Охлаждающий орган|grow Каркас"
11,1,11,23,22.934711,257.287018,3393.760254,0,1228,381.632751,251.23558,0,23390.414063,0,0,0,4,1,None,0.000977,"burn dry organic matter|heat caravan|reject heat|maintain caravan water circuit|maintain living structure|maintain electrical systems|grow Парус|grow Охлаждающий орган|grow Каркас"
12,1,12,23,22.934711,257.287018,3212.932373,0,1312,307.028656,278.931824,0,23402.583984,0,0,0,4,1,None,0.000977,"burn dry organic matter|heat caravan|reject heat|maintain caravan water circuit|maintain living structure|maintain electrical systems|grow Парус|grow Охлаждающий орган|grow Каркас"
13,1,13,23,22.934711,257.287018,3031.023193,0,1396,232.60347,278.931793,0,23413.847656,0,0,0,4,1,None,0.000977,"burn dry organic matter|heat caravan|reject heat|maintain caravan water circuit|maintain living structure|maintain electrical systems|grow Парус|grow Охлаждающий орган|grow Каркас"
14,1,14,23,21.643873,266.050873,2854.383301,0,1480,159.292389,249.229401,2.274908,23434.941406,0,0,0,4,1,None,0.000977,"capture dust|burn dry organic matter|power intake and harvest|heat caravan|reject heat|maintain caravan water circuit|maintain living structure|maintain electrical systems|move|movement water loss|movement organic maintenance|grow Парус|grow Охлаждающий орган|grow Каркас"
15,1,15,23,20.074669,291.875366,2871.584229,0,1564,89.366333,236.910965,1.233779,23654.648438,0,0,0,4,1,None,0.000977,"harvest live biomass|harvest dry biomass|capture dust|burn dry organic matter|power intake and harvest|heat caravan|reject heat|maintain caravan water circuit|maintain living structure|maintain electrical systems|move|movement water loss|movement organic maintenance"
16,1,16,23,13.699291,319.240448,2827.585938,0,1559.301025,0,187.646149,0.074888,23512.662109,0,0,0,4,1,None,0.000977,"capture dust|power intake and harvest|heat caravan|maintain caravan water circuit|maintain living structure|maintain electrical systems|move|movement water loss|movement organic maintenance"
17,1,17,7.030551,15.985825,349.26651,2872.672607,0,1549.750977,0,54.437782,2.594048,23529.160156,0,0,0,4,1,None,0.000977,"heat caravan|maintain caravan water circuit|maintain living structure|maintain electrical systems|move|movement water loss|movement organic maintenance"
18,1,18,19.588434,8.44565,363.423645,3554.088623,0,1540.66687,0,0,0,24193.044922,0,0,7.185559,4,1,None,0.000977,"capture dust|maintain caravan water circuit|maintain living structure|move|movement water loss|movement organic maintenance"
19,1,19,19.419746,8.610539,363.568665,3409.353516,0,1532.033936,0,0,0,24036.816406,0,0,28.658953,4,1,None,0.000977,"capture dust|maintain caravan water circuit|maintain living structure|move|movement water loss|movement organic maintenance"
20,1,20,18.538948,8.50131,363.791351,3264.227539,0,1523.395508,0,0,0,23863.533203,0,0,42.7276,4,1,None,0.000977,"maintain caravan water circuit|maintain living structure|move|movement water loss|movement organic maintenance"
21,1,21,18.669153,8.436951,364.043396,3118.811523,0,1514.769897,0,0,0,23694.675781,0,0,56.808418,4,1,None,0.000977,"maintain caravan water circuit|maintain living structure|move|movement water loss|movement organic maintenance"
22,1,22,21.056538,8.851225,364.867493,2971.240967,0,1506.131714,0,0,0,23523.144531,0,0,78.119003,4,1,None,0.000977,"maintain caravan water circuit|maintain living structure|move|movement water loss|movement organic maintenance"
23,1,23,20.896505,9.604378,365.135956,2825.443848,0,1497.541138,0,0,0,23349.339844,0,0,99.956894,4,1,None,0.000977,"maintain caravan water circuit|maintain living structure|move|movement water loss|movement organic maintenance"
24,1,24,21.978762,20.10507,368.196106,2673.043701,0,1488.997192,0,0,0,23171.333984,0,0,122.697502,4,1,None,0.000977,"maintain caravan water circuit|maintain living structure|move|movement water loss|movement organic maintenance"
25,1,25,21.017551,20.308184,368.442352,2527.290283,0,1480.547485,0,0,0,22998.013672,0,0,144.784897,4,1,None,0.000977,"maintain caravan water circuit|maintain living structure|move|movement water loss|movement organic maintenance"
26,1,26,21.174919,20.548321,368.526123,2682.655029,0,1472.084229,0,0,0,23130.091797,0,0,166.948654,4,1,None,0.000977,"maintain caravan water circuit|maintain living structure|move|movement water loss|movement organic maintenance"
27,1,27,21.421024,20.781332,368.648254,2538.126953,0,1463.649658,0,0,0,22960.214844,0,0,189.288086,4,1,None,0.000977,"maintain caravan water circuit|maintain living structure|move|movement water loss|movement organic maintenance"
28,1,28,21.435808,20.660116,368.678802,2927.690674,0,1455.230713,0,0,0,23322.304688,0,0,211.499161,4,1,None,0.000977,"maintain caravan water circuit|maintain living structure|move|movement water loss|movement organic maintenance"
29,1,29,21.307291,20.4732,368.747345,2783.025391,0,1446.821899,0,0,0,23105.150391,0,0,233.365128,4,1,None,0.000977,"capture dust|maintain caravan water circuit|maintain living structure|move|movement water loss|movement organic maintenance"
30,1,30,20.778168,20.832541,369.136993,2636.264404,0,1438.416626,0,0,0,22945.533203,0,0,255.133423,4,1,None,0.000977,"capture dust|maintain caravan water circuit|maintain living structure|move|movement water loss|movement organic maintenance"
31,1,31,20.348734,20.413431,369.858246,2487.979736,0,1430.026611,0,0,0,22774.005859,0,0,276.121399,4,1,None,0.000977,"maintain caravan water circuit|maintain living structure|move|movement water loss|movement organic maintenance"
32,1,32,20.460217,20.19639,370.34021,2341.070801,0,1421.63855,0,0,0,22611.992188,0,0,289.973206,4,1,None,0.000977,"capture dust|maintain caravan water circuit|maintain living structure|move|movement water loss|movement organic maintenance"
33,1,33,20.114176,15.142922,371.824463,2899.850586,0,1413.221558,0,0,0,23147.361328,0,0,303.658325,4,1,None,0.000977,"maintain caravan water circuit|maintain living structure|move|movement water loss|movement organic maintenance"
34,1,34,17.87998,14.489687,372.699432,2751.399902,0,1404.797852,0,0,0,22979.445313,0,0,324.225311,4,1,None,0.000977,"capture dust|maintain caravan water circuit|maintain living structure|move|movement water loss|movement organic maintenance"
35,1,35,19.743189,19.405489,374.599274,2601.416504,0,1396.378296,0,0,0,22805.970703,0,0,341.399872,4,1,None,0.000977,"maintain caravan water circuit|maintain living structure|move|movement water loss|movement organic maintenance"
36,1,36,20.151272,16.649618,377.500488,2448.703857,0,1387.961792,0,0,0,22625.792969,0,0,354.714447,4,1,None,0.000977,"maintain caravan water circuit|maintain living structure|move|movement water loss|movement organic maintenance"
37,1,37,22.877447,11.171596,379.332184,2299.868652,0,1379.63916,0,0,0,22449.787109,0,0,375.331085,4,1,None,0.000977,"maintain caravan water circuit|maintain living structure|move|movement water loss|movement organic maintenance"
38,1,38,22.74884,11.36977,379.393158,2822.925537,0,1371.511841,0,0,0,22946.279297,0,0,396.642273,4,1,None,0.000977,"spoil wet organic matter|maintain caravan water circuit|maintain living structure|move|movement water loss|movement organic maintenance"
39,1,39,22.22196,11.814949,379.580048,2676.800537,0,1363.339233,0,0,0,22773.451172,0,0,418.356934,4,1,None,0.000977,"maintain caravan water circuit|maintain living structure|move|movement water loss|movement organic maintenance"
40,1,40,21.585484,12.38604,379.794006,2530.00708,0,1355.045898,0,0,0,22599.574219,0,0,441.013977,4,1,None,0.000977,"maintain caravan water circuit|maintain living structure|move|movement water loss|movement organic maintenance"
41,1,41,23,16.127228,380.866791,2381.72583,0,1346.795532,0,0,0,22426.207031,0,0,461.959106,4,1,None,0.000977,"maintain caravan water circuit|maintain living structure|move|movement water loss|movement organic maintenance"
42,1,42,22.999594,16.116825,380.86969,2239.252686,0,1338.616211,0,0,0,22257.005859,0,0,482.695618,4,1,None,0.000977,"spoil wet organic matter|maintain caravan water circuit|maintain living structure|move|movement water loss|movement organic maintenance"
43,1,43,22.93465,16.156906,380.888794,2095.683838,0,1330.383789,0,0,0,22086.548828,0,0,503.309052,4,1,None,0.000977,"spoil wet organic matter|maintain caravan water circuit|maintain living structure|move|movement water loss|movement organic maintenance"
44,1,44,22.723644,16.222301,380.944366,1951.128906,0,1322.125488,0,0,0,21915.021484,0,0,523.78479,4,1,None,0.000977,"spoil wet organic matter|maintain caravan water circuit|maintain living structure|move|movement water loss|movement organic maintenance"
45,1,45,21.631151,16.400013,381.221344,1804.479492,0,1313.883423,0,0,0,21741.449219,0,0,541.877441,4,1,None,0.000977,"spoil wet organic matter|maintain caravan water circuit|maintain living structure|move|movement water loss|movement organic maintenance"
46,1,46,20.042507,17.070194,381.654877,1657.25354,0,1305.692261,0,0,0,21576.183594,0,0,558.910706,4,1,None,0.000977,"capture dust|maintain caravan water circuit|maintain living structure|move|movement water loss|movement organic maintenance"
47,1,47,11.94663,22.575884,385.536194,2106.455811,0,1297.335205,0,0,0,22005.013672,0,0,574.949341,4,1,None,0.000977,"spoil wet organic matter|maintain caravan water circuit|maintain living structure|move|movement water loss|movement organic maintenance"
48,1,48,20.711761,20.418993,389.598877,1952.880127,0,1288.964355,0,0,0,21825.824219,0,0,587.798035,4,1,None,0.000977,"spoil wet organic matter|maintain caravan water circuit|maintain living structure|move|movement water loss|movement organic maintenance"
49,1,49,11.190339,14.914424,393.493469,1800.709961,0,1280.671997,0,0,0,21646.572266,0,0,600.676025,4,1,None,0.000977,"maintain caravan water circuit|maintain living structure|move|movement water loss|movement organic maintenance"
50,1,50,12.589139,15.661145,393.972687,1654.356689,0,1272.427612,0,0,0,21476.654297,0,0,614.433533,4,1,None,0.000977,"capture dust|maintain caravan water circuit|maintain living structure|move|movement water loss|movement organic maintenance"
51,1,51,14.263845,14.171217,394.564911,1508.623535,0,1264.214233,0,0,0,21304.089844,0,0,630.973145,4,1,None,0.000977,"maintain caravan water circuit|maintain living structure|move|movement water loss|movement organic maintenance"
52,1,52,22.679983,10.05223,397.185638,1359.711914,0,1255.675903,0,0,0,21127.332031,0,0,644.88092,4,1,None,0.000977,"spoil wet organic matter|maintain caravan water circuit|maintain living structure|move|movement water loss|movement organic maintenance"
53,1,53,22.661406,10.215197,397.227692,1215.53894,0,1247.268433,0,0,0,20955.720703,0,0,658.762085,4,1,None,0.000977,"spoil wet organic matter|maintain caravan water circuit|maintain living structure|move|movement water loss|movement organic maintenance"
54,1,54,22.686142,10.981943,397.419464,1069.116577,0,1239.003052,0,0,0,20782.306641,0,0,672.633057,4,1,None,0.000977,"spoil wet organic matter|maintain caravan water circuit|maintain living structure|move|movement water loss|movement organic maintenance"
55,1,55,22.707636,11.567589,397.566376,924.203979,0,1230.751099,0,0,0,20610.439453,0,0,689.651123,4,1,None,0.000977,"spoil wet organic matter|maintain caravan water circuit|maintain living structure|move|movement water loss|movement organic maintenance"
56,1,56,22.704485,11.561934,397.568237,781.642944,0,1222.250854,0,0,0,20440.152344,0,0,706.444763,4,1,None,0.000977,"spoil wet organic matter|maintain caravan water circuit|maintain living structure|move|movement water loss|movement organic maintenance"
57,1,57,22.639463,11.583287,397.585785,655.929626,0,1214.699341,0,0,0,20289.671875,0,0,720.126099,4,0,ThermalSystemCollapse,0.000977,""
58,1,58,22.639463,11.583287,397.585785,655.929626,0,1214.699341,0,0,0,20288.472656,0,0,720.126099,4,0,ThermalSystemCollapse,0.000977,""
59,1,59,22.639463,11.583287,397.585785,655.929626,0,1214.699341,0,0,0,20287.273438,0,0,720.126099,4,0,ThermalSystemCollapse,0.000977,""
60,1,60,22.639463,11.583287,397.585785,655.929626,0,1214.699341,0,0,0,20286.072266,0,0,720.126099,4,0,ThermalSystemCollapse,0.000977,""
61,1,61,22.639463,11.583287,397.585785,655.929626,0,1214.699341,0,0,0,20284.873047,0,0,720.126099,4,0,ThermalSystemCollapse,0.000977,""
62,1,62,22.639463,11.583287,397.585785,655.929626,0,1214.699341,0,0,0,20283.671875,0,0,720.126099,4,0,ThermalSystemCollapse,0.000977,""
63,1,63,22.639463,11.583287,397.585785,655.929626,0,1214.699341,0,0,0,20282.472656,0,0,720.126099,4,0,ThermalSystemCollapse,0.000977,""
64,1,64,22.639463,11.583287,397.585785,655.929626,0,1214.699341,0,0,0,20281.273438,0,0,720.126099,4,0,ThermalSystemCollapse,0.000977,""
65,1,65,22.639463,11.583287,397.585785,655.929626,0,1214.699341,0,0,0,20280.072266,0,0,720.126099,4,0,ThermalSystemCollapse,0.000977,""
66,1,66,22.639463,11.583287,397.585785,655.929626,0,1214.699341,0,0,0,20278.873047,0,0,720.126099,4,0,ThermalSystemCollapse,0.000977,""
67,1,67,22.639463,11.583287,397.585785,655.929626,0,1214.699341,0,0,0,20277.671875,0,0,720.126099,4,0,ThermalSystemCollapse,0.000977,""
68,1,68,22.639463,11.583287,397.585785,655.929626,0,1214.699341,0,0,0,20276.472656,0,0,720.126099,4,0,ThermalSystemCollapse,0.000977,""
69,1,69,22.639463,11.583287,397.585785,655.929626,0,1214.699341,0,0,0,20275.273438,0,0,720.126099,4,0,ThermalSystemCollapse,0.000977,""
70,1,70,22.639463,11.583287,397.585785,655.929626,0,1214.699341,0,0,0,20274.072266,0,0,720.126099,4,0,ThermalSystemCollapse,0.000977,""
71,1,71,22.639463,11.583287,397.585785,655.929626,0,1214.699341,0,0,0,20272.873047,0,0,720.126099,4,0,ThermalSystemCollapse,0.000977,""
72,1,72,22.639463,11.583287,397.585785,655.929626,0,1214.699341,0,0,0,20271.671875,0,0,720.126099,4,0,ThermalSystemCollapse,0.000977,""
73,1,73,22.639463,11.583287,397.585785,655.929626,0,1214.699341,0,0,0,20270.472656,0,0,720.126099,4,0,ThermalSystemCollapse,0.000977,""
74,1,74,22.639463,11.583287,397.585785,655.929626,0,1214.699341,0,0,0,20269.273438,0,0,720.126099,4,0,ThermalSystemCollapse,0.000977,""
75,1,75,22.639463,11.583287,397.585785,655.929626,0,1214.699341,0,0,0,20268.072266,0,0,720.126099,4,0,ThermalSystemCollapse,0.000977,""
76,1,76,22.639463,11.583287,397.585785,655.929626,0,1214.699341,0,0,0,20266.873047,0,0,720.126099,4,0,ThermalSystemCollapse,0.000977,""
77,1,77,22.639463,11.583287,397.585785,655.929626,0,1214.699341,0,0,0,20265.671875,0,0,720.126099,4,0,ThermalSystemCollapse,0.000977,""
78,1,78,22.639463,11.583287,397.585785,655.929626,0,1214.699341,0,0,0,20264.472656,0,0,720.126099,4,0,ThermalSystemCollapse,0.000977,""
79,1,79,22.639463,11.583287,397.585785,655.929626,0,1214.699341,0,0,0,20263.273438,0,0,720.126099,4,0,ThermalSystemCollapse,0.000977,""
80,1,80,22.639463,11.583287,397.585785,655.929626,0,1214.699341,0,0,0,20262.072266,0,0,720.126099,4,0,ThermalSystemCollapse,0.000977,""
81,1,81,22.639463,11.583287,397.585785,655.929626,0,1214.699341,0,0,0,20260.873047,0,0,720.126099,4,0,ThermalSystemCollapse,0.000977,""
82,1,82,22.639463,11.583287,397.585785,655.929626,0,1214.699341,0,0,0,20259.671875,0,0,720.126099,4,0,ThermalSystemCollapse,0.000977,""
83,1,83,22.639463,11.583287,397.585785,655.929626,0,1214.699341,0,0,0,20258.472656,0,0,720.126099,4,0,ThermalSystemCollapse,0.000977,""
84,1,84,22.639463,11.583287,397.585785,655.929626,0,1214.699341,0,0,0,20257.273438,0,0,720.126099,4,0,ThermalSystemCollapse,0.000977,""
85,1,85,22.639463,11.583287,397.585785,655.929626,0,1214.699341,0,0,0,20256.072266,0,0,720.126099,4,0,ThermalSystemCollapse,0.000977,""
86,1,86,22.639463,11.583287,397.585785,655.929626,0,1214.699341,0,0,0,20254.873047,0,0,720.126099,4,0,ThermalSystemCollapse,0.000977,""
87,1,87,22.639463,11.583287,397.585785,655.929626,0,1214.699341,0,0,0,20253.671875,0,0,720.126099,4,0,ThermalSystemCollapse,0.000977,""
88,1,88,22.639463,11.583287,397.585785,655.929626,0,1214.699341,0,0,0,20253.666016,0,0,720.126099,4,0,ThermalSystemCollapse,0.000977,""
89,1,89,22.639463,11.583287,397.585785,655.929626,0,1214.699341,0,0,0,20253.666016,0,0,720.126099,4,0,ThermalSystemCollapse,0.000977,""
90,1,90,22.639463,11.583287,397.585785,655.929626,0,1214.699341,0,0,0,20253.666016,0,0,720.126099,4,0,ThermalSystemCollapse,0.000977,""
91,1,91,22.639463,11.583287,397.585785,655.929626,0,1214.699341,0,0,0,20253.666016,0,0,720.126099,4,0,ThermalSystemCollapse,0.000977,""
92,1,92,22.639463,11.583287,397.585785,655.929626,0,1214.699341,0,0,0,20253.666016,0,0,720.126099,4,0,ThermalSystemCollapse,0.000977,""
93,1,93,22.639463,11.583287,397.585785,655.929626,0,1214.699341,0,0,0,20253.666016,0,0,720.126099,4,0,ThermalSystemCollapse,0.000977,""
94,1,94,22.639463,11.583287,397.585785,655.929626,0,1214.699341,0,0,0,20253.666016,0,0,720.126099,4,0,ThermalSystemCollapse,0.000977,""
95,1,95,22.639463,11.583287,397.585785,655.929626,0,1214.699341,0,0,0,20253.666016,0,0,720.126099,4,0,ThermalSystemCollapse,0.000977,""
96,1,96,22.639463,11.583287,397.585785,655.929626,0,1214.699341,0,0,0,20253.666016,0,0,720.126099,4,0,ThermalSystemCollapse,0.000977,""
97,1,97,22.639463,11.583287,397.585785,655.929626,0,1214.699341,0,0,0,20253.666016,0,0,720.126099,4,0,ThermalSystemCollapse,0.000977,""
98,1,98,22.639463,11.583287,397.585785,655.929626,0,1214.699341,0,0,0,20253.666016,0,0,720.126099,4,0,ThermalSystemCollapse,0.000977,""
99,1,99,22.639463,11.583287,397.585785,655.929626,0,1214.699341,0,0,0,20253.666016,0,0,720.126099,4,0,ThermalSystemCollapse,0.000977,""
100,1,100,22.639463,11.583287,397.585785,655.929626,0,1214.699341,0,0,0,20253.666016,0,0,720.126099,4,0,ThermalSystemCollapse,0.000977,""
101,1,101,22.639463,11.583287,397.585785,655.929626,0,1214.699341,0,0,0,20253.666016,0,0,720.126099,4,0,ThermalSystemCollapse,0.000977,""
102,1,102,22.639463,11.583287,397.585785,655.929626,0,1214.699341,0,0,0,20253.666016,0,0,720.126099,4,0,ThermalSystemCollapse,0.000977,""
103,1,103,22.639463,11.583287,397.585785,655.929626,0,1214.699341,0,0,0,20253.666016,0,0,720.126099,4,0,ThermalSystemCollapse,0.000977,""
104,1,104,22.639463,11.583287,397.585785,655.929626,0,1214.699341,0,0,0,20253.666016,0,0,720.126099,4,0,ThermalSystemCollapse,0.000977,""
105,1,105,22.639463,11.583287,397.585785,655.929626,0,1214.699341,0,0,0,20253.666016,0,0,720.126099,4,0,ThermalSystemCollapse,0.000977,""
106,1,106,22.639463,11.583287,397.585785,655.929626,0,1214.699341,0,0,0,20253.666016,0,0,720.126099,4,0,ThermalSystemCollapse,0.000977,""
107,1,107,22.639463,11.583287,397.585785,655.929626,0,1214.699341,0,0,0,20253.666016,0,0,720.126099,4,0,ThermalSystemCollapse,0.000977,""
108,1,108,22.639463,11.583287,397.585785,655.929626,0,1214.699341,0,0,0,20253.666016,0,0,720.126099,4,0,ThermalSystemCollapse,0.000977,""
109,1,109,22.639463,11.583287,397.585785,655.929626,0,1214.699341,0,0,0,20253.666016,0,0,720.126099,5,0,ThermalSystemCollapse,0.000977,""
110,1,110,22.639463,11.583287,397.585785,655.929626,0,1214.699341,0,0,0,20253.666016,0,0,720.126099,5,0,ThermalSystemCollapse,0.000977,""
111,1,111,22.639463,11.583287,397.585785,655.929626,0,1214.699341,0,0,0,20253.666016,0,0,720.126099,5,0,ThermalSystemCollapse,0.000977,""
112,1,112,22.639463,11.583287,397.585785,655.929626,0,1214.699341,0,0,0,20253.666016,0,0,720.126099,5,0,ThermalSystemCollapse,0.000977,""
113,1,113,22.639463,11.583287,397.585785,655.929626,0,1214.699341,0,0,0,20253.666016,0,0,720.126099,5,0,ThermalSystemCollapse,0.000977,""
114,1,114,22.639463,11.583287,397.585785,655.929626,0,1214.699341,0,0,0,20253.666016,0,0,720.126099,5,0,ThermalSystemCollapse,0.000977,""
115,1,115,22.639463,11.583287,397.585785,655.929626,0,1214.699341,0,0,0,20253.666016,0,0,720.126099,5,0,ThermalSystemCollapse,0.000977,""
116,1,116,22.639463,11.583287,397.585785,655.929626,0,1214.699341,0,0,0,20253.666016,0,0,720.126099,5,0,ThermalSystemCollapse,0.000977,""
117,1,117,22.639463,11.583287,397.585785,655.929626,0,1214.699341,0,0,0,20253.666016,0,0,720.126099,5,0,ThermalSystemCollapse,0.000977,""
118,1,118,22.639463,11.583287,397.585785,655.929626,0,1214.699341,0,0,0,20253.666016,0,0,720.126099,5,0,ThermalSystemCollapse,0.000977,""
119,1,119,22.639463,11.583287,397.585785,655.929626,0,1214.699341,0,0,0,20253.666016,0,0,720.126099,5,0,ThermalSystemCollapse,0.000977,""
120,1,120,22.639463,11.583287,397.585785,655.929626,0,1214.699341,0,0,0,20253.666016,0,0,720.126099,5,0,ThermalSystemCollapse,0.000977,""
121,1,121,22.639463,11.583287,397.585785,655.929626,0,1214.699341,0,0,0,20253.666016,0,0,720.126099,5,0,ThermalSystemCollapse,0.000977,""
122,1,122,22.639463,11.583287,397.585785,655.929626,0,1214.699341,0,0,0,20253.666016,0,0,720.126099,5,0,ThermalSystemCollapse,0.000977,""
123,1,123,22.639463,11.583287,397.585785,655.929626,0,1214.699341,0,0,0,20253.666016,0,0,720.126099,5,0,ThermalSystemCollapse,0.000977,""
124,1,124,22.639463,11.583287,397.585785,655.929626,0,1214.699341,0,0,0,20253.666016,0,0,720.126099,5,0,ThermalSystemCollapse,0.000977,""
125,1,125,22.639463,11.583287,397.585785,655.929626,0,1214.699341,0,0,0,20253.666016,0,0,720.126099,5,0,ThermalSystemCollapse,0.000977,""
126,1,126,22.639463,11.583287,397.585785,655.929626,0,1214.699341,0,0,0,20253.666016,0,0,720.126099,5,0,ThermalSystemCollapse,0.000977,""
127,1,127,22.639463,11.583287,397.585785,655.929626,0,1214.699341,0,0,0,20253.666016,0,0,720.126099,5,0,ThermalSystemCollapse,0.000977,""
128,1,128,22.639463,11.583287,397.585785,655.929626,0,1214.699341,0,0,0,20253.666016,0,0,720.126099,5,0,ThermalSystemCollapse,0.000977,""
129,1,129,22.639463,11.583287,397.585785,655.929626,0,1214.699341,0,0,0,20253.666016,0,0,720.126099,5,0,ThermalSystemCollapse,0.000977,""
130,1,130,22.639463,11.583287,397.585785,655.929626,0,1214.699341,0,0,0,20253.666016,0,0,720.126099,5,0,ThermalSystemCollapse,0.000977,""
131,1,131,22.639463,11.583287,397.585785,655.929626,0,1214.699341,0,0,0,20253.666016,0,0,720.126099,5,0,ThermalSystemCollapse,0.000977,""
132,1,132,22.639463,11.583287,397.585785,655.929626,0,1214.699341,0,0,0,20253.666016,0,0,720.126099,5,0,ThermalSystemCollapse,0.000977,""
133,1,133,22.639463,11.583287,397.585785,655.929626,0,1214.699341,0,0,0,20253.666016,0,0,720.126099,5,0,ThermalSystemCollapse,0.000977,""
134,1,134,22.639463,11.583287,397.585785,655.929626,0,1214.699341,0,0,0,20253.666016,0,0,720.126099,5,0,ThermalSystemCollapse,0.000977,""
135,1,135,22.639463,11.583287,397.585785,655.929626,0,1214.699341,0,0,0,20253.666016,0,0,720.126099,5,0,ThermalSystemCollapse,0.000977,""
136,1,136,22.639463,11.583287,397.585785,655.929626,0,1214.699341,0,0,0,20253.666016,0,0,720.126099,5,0,ThermalSystemCollapse,0.000977,""
137,1,137,22.639463,11.583287,397.585785,655.929626,0,1214.699341,0,0,0,20253.666016,0,0,720.126099,5,0,ThermalSystemCollapse,0.000977,""
138,1,138,22.639463,11.583287,397.585785,655.929626,0,1214.699341,0,0,0,20253.666016,0,0,720.126099,5,0,ThermalSystemCollapse,0.000977,""
139,1,139,22.639463,11.583287,397.585785,655.929626,0,1214.699341,0,0,0,20253.666016,0,0,720.126099,5,0,ThermalSystemCollapse,0.000977,""
140,1,140,22.639463,11.583287,397.585785,655.929626,0,1214.699341,0,0,0,20253.666016,0,0,720.126099,5,0,ThermalSystemCollapse,0.000977,""
141,1,141,22.639463,11.583287,397.585785,655.929626,0,1214.699341,0,0,0,20253.666016,0,0,720.126099,5,0,ThermalSystemCollapse,0.000977,""
142,1,142,22.639463,11.583287,397.585785,655.929626,0,1214.699341,0,0,0,20253.666016,0,0,720.126099,5,0,ThermalSystemCollapse,0.000977,""
143,1,143,22.639463,11.583287,397.585785,655.929626,0,1214.699341,0,0,0,20253.666016,0,0,720.126099,5,0,ThermalSystemCollapse,0.000977,""
144,1,144,22.639463,11.583287,397.585785,655.929626,0,1214.699341,0,0,0,20253.666016,0,0,720.126099,5,0,ThermalSystemCollapse,0.000977,""
145,1,145,22.639463,11.583287,397.585785,655.929626,0,1214.699341,0,0,0,20253.666016,0,0,720.126099,5,0,ThermalSystemCollapse,0.000977,""
146,1,146,22.639463,11.583287,397.585785,655.929626,0,1214.699341,0,0,0,20253.666016,0,0,720.126099,5,0,ThermalSystemCollapse,0.000977,""
147,1,147,22.639463,11.583287,397.585785,655.929626,0,1214.699341,0,0,0,20253.666016,0,0,720.126099,5,0,ThermalSystemCollapse,0.000977,""
148,1,148,22.639463,11.583287,397.585785,655.929626,0,1214.699341,0,0,0,20253.666016,0,0,720.126099,5,0,ThermalSystemCollapse,0.000977,""
149,1,149,22.639463,11.583287,397.585785,655.929626,0,1214.699341,0,0,0,20253.666016,0,0,720.126099,5,0,ThermalSystemCollapse,0.000977,""
150,1,150,22.639463,11.583287,397.585785,655.929626,0,1214.699341,0,0,0,20253.666016,0,0,720.126099,5,0,ThermalSystemCollapse,0.000977,""
151,1,151,22.639463,11.583287,397.585785,655.929626,0,1214.699341,0,0,0,20253.666016,0,0,720.126099,5,0,ThermalSystemCollapse,0.000977,""
152,1,152,22.639463,11.583287,397.585785,655.929626,0,1214.699341,0,0,0,20253.666016,0,0,720.126099,5,0,ThermalSystemCollapse,0.000977,""
153,1,153,22.639463,11.583287,397.585785,655.929626,0,1214.699341,0,0,0,20253.666016,0,0,720.126099,5,0,ThermalSystemCollapse,0.000977,""
154,1,154,22.639463,11.583287,397.585785,655.929626,0,1214.699341,0,0,0,20253.666016,0,0,720.126099,5,0,ThermalSystemCollapse,0.000977,""
155,1,155,22.639463,11.583287,397.585785,655.929626,0,1214.699341,0,0,0,20253.666016,0,0,720.126099,5,0,ThermalSystemCollapse,0.000977,""
156,1,156,22.639463,11.583287,397.585785,655.929626,0,1214.699341,0,0,0,20253.666016,0,0,720.126099,5,0,ThermalSystemCollapse,0.000977,""
157,1,157,22.639463,11.583287,397.585785,655.929626,0,1214.699341,0,0,0,20253.666016,0,0,720.126099,5,0,ThermalSystemCollapse,0.000977,""
158,1,158,22.639463,11.583287,397.585785,655.929626,0,1214.699341,0,0,0,20253.666016,0,0,720.126099,5,0,ThermalSystemCollapse,0.000977,""
159,1,159,22.639463,11.583287,397.585785,655.929626,0,1214.699341,0,0,0,20253.666016,0,0,720.126099,5,0,ThermalSystemCollapse,0.000977,""
160,1,160,22.639463,11.583287,397.585785,655.929626,0,1214.699341,0,0,0,20253.666016,0,0,720.126099,5,0,ThermalSystemCollapse,0.000977,""
161,1,161,22.639463,11.583287,397.585785,655.929626,0,1214.699341,0,0,0,20253.666016,0,0,720.126099,5,0,ThermalSystemCollapse,0.000977,""
162,1,162,22.639463,11.583287,397.585785,655.929626,0,1214.699341,0,0,0,20253.666016,0,0,720.126099,5,0,ThermalSystemCollapse,0.000977,""
163,1,163,22.639463,11.583287,397.585785,655.929626,0,1214.699341,0,0,0,20253.666016,0,0,720.126099,5,0,ThermalSystemCollapse,0.000977,""
164,1,164,22.639463,11.583287,397.585785,655.929626,0,1214.699341,0,0,0,20253.666016,0,0,720.126099,5,0,ThermalSystemCollapse,0.000977,""
165,1,165,22.639463,11.583287,397.585785,655.929626,0,1214.699341,0,0,0,20253.666016,0,0,720.126099,5,0,ThermalSystemCollapse,0.000977,""
166,1,166,22.639463,11.583287,397.585785,655.929626,0,1214.699341,0,0,0,20253.666016,0,0,720.126099,5,0,ThermalSystemCollapse,0.000977,""
167,1,167,22.639463,11.583287,397.585785,655.929626,0,1214.699341,0,0,0,20253.666016,0,0,720.126099,5,0,ThermalSystemCollapse,0.000977,""
168,1,168,22.639463,11.583287,397.585785,655.929626,0,1214.699341,0,0,0,20253.666016,0,0,720.126099,5,0,ThermalSystemCollapse,0.000977,""
169,1,169,22.639463,11.583287,397.585785,655.929626,0,1214.699341,0,0,0,20253.666016,0,0,720.126099,5,0,ThermalSystemCollapse,0.000977,""
170,1,170,22.639463,11.583287,397.585785,655.929626,0,1214.699341,0,0,0,20253.666016,0,0,720.126099,5,0,ThermalSystemCollapse,0.000977,""
171,1,171,22.639463,11.583287,397.585785,655.929626,0,1214.699341,0,0,0,20253.666016,0,0,720.126099,5,0,ThermalSystemCollapse,0.000977,""
172,1,172,22.639463,11.583287,397.585785,655.929626,0,1214.699341,0,0,0,20253.666016,0,0,720.126099,5,0,ThermalSystemCollapse,0.000977,""
173,1,173,22.639463,11.583287,397.585785,655.929626,0,1214.699341,0,0,0,20253.666016,0,0,720.126099,5,0,ThermalSystemCollapse,0.000977,""
174,1,174,22.639463,11.583287,397.585785,655.929626,0,1214.699341,0,0,0,20253.666016,0,0,720.126099,5,0,ThermalSystemCollapse,0.000977,""
175,1,175,22.639463,11.583287,397.585785,655.929626,0,1214.699341,0,0,0,20253.666016,0,0,720.126099,5,0,ThermalSystemCollapse,0.000977,""
176,1,176,22.639463,11.583287,397.585785,655.929626,0,1214.699341,0,0,0,20253.666016,0,0,720.126099,5,0,ThermalSystemCollapse,0.000977,""
177,1,177,22.639463,11.583287,397.585785,655.929626,0,1214.699341,0,0,0,20253.666016,0,0,720.126099,5,0,ThermalSystemCollapse,0.000977,""
178,1,178,22.639463,11.583287,397.585785,655.929626,0,1214.699341,0,0,0,20253.666016,0,0,720.126099,5,0,ThermalSystemCollapse,0.000977,""
179,1,179,22.639463,11.583287,397.585785,655.929626,0,1214.699341,0,0,0,20253.666016,0,0,720.126099,5,0,ThermalSystemCollapse,0.000977,""
180,1,180,22.639463,11.583287,397.585785,655.929626,0,1214.699341,0,0,0,20253.666016,0,0,720.126099,5,0,ThermalSystemCollapse,0.000977,""
181,1,181,22.639463,11.583287,397.585785,655.929626,0,1214.699341,0,0,0,20253.666016,0,0,720.126099,5,0,ThermalSystemCollapse,0.000977,""
182,1,182,22.639463,11.583287,397.585785,655.929626,0,1214.699341,0,0,0,20253.666016,0,0,720.126099,5,0,ThermalSystemCollapse,0.000977,""
183,1,183,22.639463,11.583287,397.585785,655.929626,0,1214.699341,0,0,0,20253.666016,0,0,720.126099,5,0,ThermalSystemCollapse,0.000977,""
184,1,184,22.639463,11.583287,397.585785,655.929626,0,1214.699341,0,0,0,20253.666016,0,0,720.126099,5,0,ThermalSystemCollapse,0.000977,""
185,1,185,22.639463,11.583287,397.585785,655.929626,0,1214.699341,0,0,0,20253.666016,0,0,720.126099,5,0,ThermalSystemCollapse,0.000977,""
186,1,186,22.639463,11.583287,397.585785,655.929626,0,1214.699341,0,0,0,20253.666016,0,0,720.126099,5,0,ThermalSystemCollapse,0.000977,""
187,1,187,22.639463,11.583287,397.585785,655.929626,0,1214.699341,0,0,0,20253.666016,0,0,720.126099,5,0,ThermalSystemCollapse,0.000977,""
188,1,188,22.639463,11.583287,397.585785,655.929626,0,1214.699341,0,0,0,20253.666016,0,0,720.126099,5,0,ThermalSystemCollapse,0.000977,""
189,1,189,22.639463,11.583287,397.585785,655.929626,0,1214.699341,0,0,0,20253.666016,0,0,720.126099,5,0,ThermalSystemCollapse,0.000977,""
190,1,190,22.639463,11.583287,397.585785,655.929626,0,1214.699341,0,0,0,20253.666016,0,0,720.126099,5,0,ThermalSystemCollapse,0.000977,""
191,1,191,22.639463,11.583287,397.585785,655.929626,0,1214.699341,0,0,0,20253.666016,0,0,720.126099,5,0,ThermalSystemCollapse,0.000977,""
192,1,192,22.639463,11.583287,397.585785,655.929626,0,1214.699341,0,0,0,20253.666016,0,0,720.126099,5,0,ThermalSystemCollapse,0.000977,""
193,1,193,22.639463,11.583287,397.585785,655.929626,0,1214.699341,0,0,0,20253.666016,0,0,720.126099,5,0,ThermalSystemCollapse,0.000977,""
194,1,194,22.639463,11.583287,397.585785,655.929626,0,1214.699341,0,0,0,20253.666016,0,0,720.126099,5,0,ThermalSystemCollapse,0.000977,""
195,1,195,22.639463,11.583287,397.585785,655.929626,0,1214.699341,0,0,0,20253.666016,0,0,720.126099,5,0,ThermalSystemCollapse,0.000977,""
196,1,196,22.639463,11.583287,397.585785,655.929626,0,1214.699341,0,0,0,20253.666016,0,0,720.126099,5,0,ThermalSystemCollapse,0.000977,""
197,1,197,22.639463,11.583287,397.585785,655.929626,0,1214.699341,0,0,0,20253.666016,0,0,720.126099,5,0,ThermalSystemCollapse,0.000977,""
198,1,198,22.639463,11.583287,397.585785,655.929626,0,1214.699341,0,0,0,20253.666016,0,0,720.126099,5,0,ThermalSystemCollapse,0.000977,""
199,1,199,22.639463,11.583287,397.585785,655.929626,0,1214.699341,0,0,0,20253.666016,0,0,720.126099,5,0,ThermalSystemCollapse,0.000977,""
200,1,200,22.639463,11.583287,397.585785,655.929626,0,1214.699341,0,0,0,20253.666016,0,0,720.126099,5,0,ThermalSystemCollapse,0.000977,""
201,1,201,22.639463,11.583287,397.585785,655.929626,0,1214.699341,0,0,0,20253.666016,0,0,720.126099,5,0,ThermalSystemCollapse,0.000977,""
202,1,202,22.639463,11.583287,397.585785,655.929626,0,1214.699341,0,0,0,20253.666016,0,0,720.126099,5,0,ThermalSystemCollapse,0.000977,""
203,1,203,22.639463,11.583287,397.585785,655.929626,0,1214.699341,0,0,0,20253.666016,0,0,720.126099,5,0,ThermalSystemCollapse,0.000977,""
204,1,204,22.639463,11.583287,397.585785,655.929626,0,1214.699341,0,0,0,20253.666016,0,0,720.126099,5,0,ThermalSystemCollapse,0.000977,""
205,1,205,22.639463,11.583287,397.585785,655.929626,0,1214.699341,0,0,0,20253.666016,0,0,720.126099,5,0,ThermalSystemCollapse,0.000977,""
206,1,206,22.639463,11.583287,397.585785,655.929626,0,1214.699341,0,0,0,20253.666016,0,0,720.126099,5,0,ThermalSystemCollapse,0.000977,""
207,1,207,22.639463,11.583287,397.585785,655.929626,0,1214.699341,0,0,0,20253.666016,0,0,720.126099,5,0,ThermalSystemCollapse,0.000977,""
208,1,208,22.639463,11.583287,397.585785,655.929626,0,1214.699341,0,0,0,20253.666016,0,0,720.126099,5,0,ThermalSystemCollapse,0.000977,""
209,1,209,22.639463,11.583287,397.585785,655.929626,0,1214.699341,0,0,0,20253.666016,0,0,720.126099,5,0,ThermalSystemCollapse,0.000977,""
210,1,210,22.639463,11.583287,397.585785,655.929626,0,1214.699341,0,0,0,20253.666016,0,0,720.126099,5,0,ThermalSystemCollapse,0.000977,""
211,1,211,22.639463,11.583287,397.585785,655.929626,0,1214.699341,0,0,0,20253.666016,0,0,720.126099,5,0,ThermalSystemCollapse,0.000977,""
212,1,212,22.639463,11.583287,397.585785,655.929626,0,1214.699341,0,0,0,20253.666016,0,0,720.126099,5,0,ThermalSystemCollapse,0.000977,""
213,1,213,22.639463,11.583287,397.585785,655.929626,0,1214.699341,0,0,0,20253.666016,0,0,720.126099,5,0,ThermalSystemCollapse,0.000977,""
214,1,214,22.639463,11.583287,397.585785,655.929626,0,1214.699341,0,0,0,20253.666016,0,0,720.126099,5,0,ThermalSystemCollapse,0.000977,""
215,1,215,22.639463,11.583287,397.585785,655.929626,0,1214.699341,0,0,0,20253.666016,0,0,720.126099,5,0,ThermalSystemCollapse,0.000977,""
216,1,216,22.639463,11.583287,397.585785,655.929626,0,1214.699341,0,0,0,20253.666016,0,0,720.126099,5,0,ThermalSystemCollapse,0.000977,""
217,1,217,22.639463,11.583287,397.585785,655.929626,0,1214.699341,0,0,0,20253.666016,0,0,720.126099,5,0,ThermalSystemCollapse,0.000977,""
218,1,218,22.639463,11.583287,397.585785,655.929626,0,1214.699341,0,0,0,20253.666016,0,0,720.126099,5,0,ThermalSystemCollapse,0.000977,""
219,1,219,22.639463,11.583287,397.585785,655.929626,0,1214.699341,0,0,0,20253.666016,0,0,720.126099,5,0,ThermalSystemCollapse,0.000977,""
220,1,220,22.639463,11.583287,397.585785,655.929626,0,1214.699341,0,0,0,20253.666016,0,0,720.126099,5,0,ThermalSystemCollapse,0.000977,""
221,1,221,22.639463,11.583287,397.585785,655.929626,0,1214.699341,0,0,0,20253.666016,0,0,720.126099,5,0,ThermalSystemCollapse,0.000977,""
222,1,222,22.639463,11.583287,397.585785,655.929626,0,1214.699341,0,0,0,20253.666016,0,0,720.126099,5,0,ThermalSystemCollapse,0.000977,""
223,1,223,22.639463,11.583287,397.585785,655.929626,0,1214.699341,0,0,0,20253.666016,0,0,720.126099,5,0,ThermalSystemCollapse,0.000977,""
224,1,224,22.639463,11.583287,397.585785,655.929626,0,1214.699341,0,0,0,20253.666016,0,0,720.126099,5,0,ThermalSystemCollapse,0.000977,""
225,1,225,22.639463,11.583287,397.585785,655.929626,0,1214.699341,0,0,0,20253.666016,0,0,720.126099,5,0,ThermalSystemCollapse,0.000977,""
226,1,226,22.639463,11.583287,397.585785,655.929626,0,1214.699341,0,0,0,20253.666016,0,0,720.126099,5,0,ThermalSystemCollapse,0.000977,""
227,1,227,22.639463,11.583287,397.585785,655.929626,0,1214.699341,0,0,0,20253.666016,0,0,720.126099,5,0,ThermalSystemCollapse,0.000977,""
228,1,228,22.639463,11.583287,397.585785,655.929626,0,1214.699341,0,0,0,20253.666016,0,0,720.126099,5,0,ThermalSystemCollapse,0.000977,""
229,1,229,22.639463,11.583287,397.585785,655.929626,0,1214.699341,0,0,0,20253.666016,0,0,720.126099,5,0,ThermalSystemCollapse,0.000977,""
230,1,230,22.639463,11.583287,397.585785,655.929626,0,1214.699341,0,0,0,20253.666016,0,0,720.126099,5,0,ThermalSystemCollapse,0.000977,""
231,1,231,22.639463,11.583287,397.585785,655.929626,0,1214.699341,0,0,0,20253.666016,0,0,720.126099,5,0,ThermalSystemCollapse,0.000977,""
232,1,232,22.639463,11.583287,397.585785,655.929626,0,1214.699341,0,0,0,20253.666016,0,0,720.126099,5,0,ThermalSystemCollapse,0.000977,""
233,1,233,22.639463,11.583287,397.585785,655.929626,0,1214.699341,0,0,0,20253.666016,0,0,720.126099,5,0,ThermalSystemCollapse,0.000977,""
234,1,234,22.639463,11.583287,397.585785,655.929626,0,1214.699341,0,0,0,20253.666016,0,0,720.126099,5,0,ThermalSystemCollapse,0.000977,""
235,1,235,22.639463,11.583287,397.585785,655.929626,0,1214.699341,0,0,0,20253.666016,0,0,720.126099,5,0,ThermalSystemCollapse,0.000977,""
236,1,236,22.639463,11.583287,397.585785,655.929626,0,1214.699341,0,0,0,20253.666016,0,0,720.126099,5,0,ThermalSystemCollapse,0.000977,""
237,1,237,22.639463,11.583287,397.585785,655.929626,0,1214.699341,0,0,0,20253.666016,0,0,720.126099,5,0,ThermalSystemCollapse,0.000977,""
238,1,238,22.639463,11.583287,397.585785,655.929626,0,1214.699341,0,0,0,20253.666016,0,0,720.126099,5,0,ThermalSystemCollapse,0.000977,""
239,1,239,22.639463,11.583287,397.585785,655.929626,0,1214.699341,0,0,0,20253.666016,0,0,720.126099,5,0,ThermalSystemCollapse,0.000977,""
240,1,240,22.639463,11.583287,397.585785,655.929626,0,1214.699341,0,0,0,20253.666016,0,0,720.126099,5,0,ThermalSystemCollapse,0.000977,""
241,1,241,22.639463,11.583287,397.585785,655.929626,0,1214.699341,0,0,0,20253.666016,0,0,720.126099,5,0,ThermalSystemCollapse,0.000977,""
242,1,242,22.639463,11.583287,397.585785,655.929626,0,1214.699341,0,0,0,20253.666016,0,0,720.126099,5,0,ThermalSystemCollapse,0.000977,""
243,1,243,22.639463,11.583287,397.585785,655.929626,0,1214.699341,0,0,0,20253.666016,0,0,720.126099,5,0,ThermalSystemCollapse,0.000977,""
244,1,244,22.639463,11.583287,397.585785,655.929626,0,1214.699341,0,0,0,20253.666016,0,0,720.126099,5,0,ThermalSystemCollapse,0.000977,""
245,1,245,22.639463,11.583287,397.585785,655.929626,0,1214.699341,0,0,0,20253.666016,0,0,720.126099,5,0,ThermalSystemCollapse,0.000977,""
246,1,246,22.639463,11.583287,397.585785,655.929626,0,1214.699341,0,0,0,20253.666016,0,0,720.126099,5,0,ThermalSystemCollapse,0.000977,""
247,1,247,22.639463,11.583287,397.585785,655.929626,0,1214.699341,0,0,0,20253.666016,0,0,720.126099,5,0,ThermalSystemCollapse,0.000977,""
248,1,248,22.639463,11.583287,397.585785,655.929626,0,1214.699341,0,0,0,20253.666016,0,0,720.126099,5,0,ThermalSystemCollapse,0.000977,""
249,1,249,22.639463,11.583287,397.585785,655.929626,0,1214.699341,0,0,0,20253.666016,0,0,720.126099,5,0,ThermalSystemCollapse,0.000977,""
250,1,250,22.639463,11.583287,397.585785,655.929626,0,1214.699341,0,0,0,20253.666016,0,0,720.126099,5,0,ThermalSystemCollapse,0.000977,""
251,1,251,22.639463,11.583287,397.585785,655.929626,0,1214.699341,0,0,0,20253.666016,0,0,720.126099,5,0,ThermalSystemCollapse,0.000977,""
252,1,252,22.639463,11.583287,397.585785,655.929626,0,1214.699341,0,0,0,20253.666016,0,0,720.126099,5,0,ThermalSystemCollapse,0.000977,""
253,1,253,22.639463,11.583287,397.585785,655.929626,0,1214.699341,0,0,0,20253.666016,0,0,720.126099,5,0,ThermalSystemCollapse,0.000977,""
254,1,254,22.639463,11.583287,397.585785,655.929626,0,1214.699341,0,0,0,20253.666016,0,0,720.126099,5,0,ThermalSystemCollapse,0.000977,""
255,1,255,22.639463,11.583287,397.585785,655.929626,0,1214.699341,0,0,0,20253.666016,0,0,720.126099,5,0,ThermalSystemCollapse,0.000977,""
256,1,256,22.639463,11.583287,397.585785,655.929626,0,1214.699341,0,0,0,20253.666016,0,0,720.126099,5,0,ThermalSystemCollapse,0.000977,""
257,1,257,22.639463,11.583287,397.585785,655.929626,0,1214.699341,0,0,0,20253.666016,0,0,720.126099,5,0,ThermalSystemCollapse,0.000977,""
258,1,258,22.639463,11.583287,397.585785,655.929626,0,1214.699341,0,0,0,20253.666016,0,0,720.126099,5,0,ThermalSystemCollapse,0.000977,""
259,1,259,22.639463,11.583287,397.585785,655.929626,0,1214.699341,0,0,0,20253.666016,0,0,720.126099,5,0,ThermalSystemCollapse,0.000977,""
260,1,260,22.639463,11.583287,397.585785,655.929626,0,1214.699341,0,0,0,20253.666016,0,0,720.126099,5,0,ThermalSystemCollapse,0.000977,""
261,1,261,22.639463,11.583287,397.585785,655.929626,0,1214.699341,0,0,0,20253.666016,0,0,720.126099,5,0,ThermalSystemCollapse,0.000977,""
262,1,262,22.639463,11.583287,397.585785,655.929626,0,1214.699341,0,0,0,20253.666016,0,0,720.126099,5,0,ThermalSystemCollapse,0.000977,""
263,1,263,22.639463,11.583287,397.585785,655.929626,0,1214.699341,0,0,0,20253.666016,0,0,720.126099,5,0,ThermalSystemCollapse,0.000977,""
264,1,264,22.639463,11.583287,397.585785,655.929626,0,1214.699341,0,0,0,20253.666016,0,0,720.126099,5,0,ThermalSystemCollapse,0.000977,""
265,1,265,22.639463,11.583287,397.585785,655.929626,0,1214.699341,0,0,0,20253.666016,0,0,720.126099,5,0,ThermalSystemCollapse,0.000977,""
266,1,266,22.639463,11.583287,397.585785,655.929626,0,1214.699341,0,0,0,20253.666016,0,0,720.126099,5,0,ThermalSystemCollapse,0.000977,""
267,1,267,22.639463,11.583287,397.585785,655.929626,0,1214.699341,0,0,0,20253.666016,0,0,720.126099,5,0,ThermalSystemCollapse,0.000977,""
268,1,268,22.639463,11.583287,397.585785,655.929626,0,1214.699341,0,0,0,20253.666016,0,0,720.126099,5,0,ThermalSystemCollapse,0.000977,""
269,1,269,22.639463,11.583287,397.585785,655.929626,0,1214.699341,0,0,0,20253.666016,0,0,720.126099,5,0,ThermalSystemCollapse,0.000977,""
270,1,270,22.639463,11.583287,397.585785,655.929626,0,1214.699341,0,0,0,20253.666016,0,0,720.126099,5,0,ThermalSystemCollapse,0.000977,""
271,1,271,22.639463,11.583287,397.585785,655.929626,0,1214.699341,0,0,0,20253.666016,0,0,720.126099,5,0,ThermalSystemCollapse,0.000977,""
272,1,272,22.639463,11.583287,397.585785,655.929626,0,1214.699341,0,0,0,20253.666016,0,0,720.126099,5,0,ThermalSystemCollapse,0.000977,""
273,1,273,22.639463,11.583287,397.585785,655.929626,0,1214.699341,0,0,0,20253.666016,0,0,720.126099,5,0,ThermalSystemCollapse,0.000977,""
274,1,274,22.639463,11.583287,397.585785,655.929626,0,1214.699341,0,0,0,20253.666016,0,0,720.126099,5,0,ThermalSystemCollapse,0.000977,""
275,1,275,22.639463,11.583287,397.585785,655.929626,0,1214.699341,0,0,0,20253.666016,0,0,720.126099,5,0,ThermalSystemCollapse,0.000977,""
276,1,276,22.639463,11.583287,397.585785,655.929626,0,1214.699341,0,0,0,20253.666016,0,0,720.126099,5,0,ThermalSystemCollapse,0.000977,""
277,1,277,22.639463,11.583287,397.585785,655.929626,0,1214.699341,0,0,0,20253.666016,0,0,720.126099,5,0,ThermalSystemCollapse,0.000977,""
278,1,278,22.639463,11.583287,397.585785,655.929626,0,1214.699341,0,0,0,20253.666016,0,0,720.126099,5,0,ThermalSystemCollapse,0.000977,""
279,1,279,22.639463,11.583287,397.585785,655.929626,0,1214.699341,0,0,0,20253.666016,0,0,720.126099,5,0,ThermalSystemCollapse,0.000977,""
280,1,280,22.639463,11.583287,397.585785,655.929626,0,1214.699341,0,0,0,20253.666016,0,0,720.126099,5,0,ThermalSystemCollapse,0.000977,""
281,1,281,22.639463,11.583287,397.585785,655.929626,0,1214.699341,0,0,0,20253.666016,0,0,720.126099,5,0,ThermalSystemCollapse,0.000977,""
282,1,282,22.639463,11.583287,397.585785,655.929626,0,1214.699341,0,0,0,20253.666016,0,0,720.126099,5,0,ThermalSystemCollapse,0.000977,""
283,1,283,22.639463,11.583287,397.585785,655.929626,0,1214.699341,0,0,0,20253.666016,0,0,720.126099,5,0,ThermalSystemCollapse,0.000977,""
284,1,284,22.639463,11.583287,397.585785,655.929626,0,1214.699341,0,0,0,20253.666016,0,0,720.126099,5,0,ThermalSystemCollapse,0.000977,""
285,1,285,22.639463,11.583287,397.585785,655.929626,0,1214.699341,0,0,0,20253.666016,0,0,720.126099,5,0,ThermalSystemCollapse,0.000977,""
286,1,286,22.639463,11.583287,397.585785,655.929626,0,1214.699341,0,0,0,20253.666016,0,0,720.126099,5,0,ThermalSystemCollapse,0.000977,""
287,1,287,22.639463,11.583287,397.585785,655.929626,0,1214.699341,0,0,0,20253.666016,0,0,720.126099,5,0,ThermalSystemCollapse,0.000977,""
288,1,288,22.639463,11.583287,397.585785,655.929626,0,1214.699341,0,0,0,20253.666016,0,0,720.126099,5,0,ThermalSystemCollapse,0.000977,""
289,1,289,22.639463,11.583287,397.585785,655.929626,0,1214.699341,0,0,0,20253.666016,0,0,720.126099,5,0,ThermalSystemCollapse,0.000977,""
290,1,290,22.639463,11.583287,397.585785,655.929626,0,1214.699341,0,0,0,20253.666016,0,0,720.126099,5,0,ThermalSystemCollapse,0.000977,""
291,1,291,22.639463,11.583287,397.585785,655.929626,0,1214.699341,0,0,0,20253.666016,0,0,720.126099,5,0,ThermalSystemCollapse,0.000977,""
292,1,292,22.639463,11.583287,397.585785,655.929626,0,1214.699341,0,0,0,20253.666016,0,0,720.126099,5,0,ThermalSystemCollapse,0.000977,""
293,1,293,22.639463,11.583287,397.585785,655.929626,0,1214.699341,0,0,0,20253.666016,0,0,720.126099,5,0,ThermalSystemCollapse,0.000977,""
294,1,294,22.639463,11.583287,397.585785,655.929626,0,1214.699341,0,0,0,20253.666016,0,0,720.126099,5,0,ThermalSystemCollapse,0.000977,""
295,1,295,22.639463,11.583287,397.585785,655.929626,0,1214.699341,0,0,0,20253.666016,0,0,720.126099,5,0,ThermalSystemCollapse,0.000977,""
296,1,296,22.639463,11.583287,397.585785,655.929626,0,1214.699341,0,0,0,20253.666016,0,0,720.126099,5,0,ThermalSystemCollapse,0.000977,""
297,1,297,22.639463,11.583287,397.585785,655.929626,0,1214.699341,0,0,0,20253.666016,0,0,720.126099,5,0,ThermalSystemCollapse,0.000977,""
298,1,298,22.639463,11.583287,397.585785,655.929626,0,1214.699341,0,0,0,20253.666016,0,0,720.126099,5,0,ThermalSystemCollapse,0.000977,""
299,1,299,22.639463,11.583287,397.585785,655.929626,0,1214.699341,0,0,0,20253.666016,0,0,720.126099,5,0,ThermalSystemCollapse,0.000977,""
300,1,300,22.639463,11.583287,397.585785,655.929626,0,1214.699341,0,0,0,20253.666016,0,0,720.126099,5,0,ThermalSystemCollapse,0.000977,""
301,1,301,22.639463,11.583287,397.585785,655.929626,0,1214.699341,0,0,0,20253.666016,0,0,720.126099,5,0,ThermalSystemCollapse,0.000977,""
302,1,302,22.639463,11.583287,397.585785,655.929626,0,1214.699341,0,0,0,20253.666016,0,0,720.126099,5,0,ThermalSystemCollapse,0.000977,""
303,1,303,22.639463,11.583287,397.585785,655.929626,0,1214.699341,0,0,0,20253.666016,0,0,720.126099,5,0,ThermalSystemCollapse,0.000977,""
304,1,304,22.639463,11.583287,397.585785,655.929626,0,1214.699341,0,0,0,20253.666016,0,0,720.126099,5,0,ThermalSystemCollapse,0.000977,""
305,1,305,22.639463,11.583287,397.585785,655.929626,0,1214.699341,0,0,0,20253.666016,0,0,720.126099,5,0,ThermalSystemCollapse,0.000977,""
306,1,306,22.639463,11.583287,397.585785,655.929626,0,1214.699341,0,0,0,20253.666016,0,0,720.126099,5,0,ThermalSystemCollapse,0.000977,""
307,1,307,22.639463,11.583287,397.585785,655.929626,0,1214.699341,0,0,0,20253.666016,0,0,720.126099,5,0,ThermalSystemCollapse,0.000977,""
308,1,308,22.639463,11.583287,397.585785,655.929626,0,1214.699341,0,0,0,20253.666016,0,0,720.126099,5,0,ThermalSystemCollapse,0.000977,""
309,1,309,22.639463,11.583287,397.585785,655.929626,0,1214.699341,0,0,0,20253.666016,0,0,720.126099,5,0,ThermalSystemCollapse,0.000977,""
310,1,310,22.639463,11.583287,397.585785,655.929626,0,1214.699341,0,0,0,20253.666016,0,0,720.126099,5,0,ThermalSystemCollapse,0.000977,""
311,1,311,22.639463,11.583287,397.585785,655.929626,0,1214.699341,0,0,0,20253.666016,0,0,720.126099,5,0,ThermalSystemCollapse,0.000977,""
312,1,312,22.639463,11.583287,397.585785,655.929626,0,1214.699341,0,0,0,20253.666016,0,0,720.126099,5,0,ThermalSystemCollapse,0.000977,""
313,1,313,22.639463,11.583287,397.585785,655.929626,0,1214.699341,0,0,0,20253.666016,0,0,720.126099,5,0,ThermalSystemCollapse,0.000977,""
314,1,314,22.639463,11.583287,397.585785,655.929626,0,1214.699341,0,0,0,20253.666016,0,0,720.126099,5,0,ThermalSystemCollapse,0.000977,""
315,1,315,22.639463,11.583287,397.585785,655.929626,0,1214.699341,0,0,0,20253.666016,0,0,720.126099,5,0,ThermalSystemCollapse,0.000977,""
316,1,316,22.639463,11.583287,397.585785,655.929626,0,1214.699341,0,0,0,20253.666016,0,0,720.126099,5,0,ThermalSystemCollapse,0.000977,""
317,1,317,22.639463,11.583287,397.585785,655.929626,0,1214.699341,0,0,0,20253.666016,0,0,720.126099,5,0,ThermalSystemCollapse,0.000977,""
318,1,318,22.639463,11.583287,397.585785,655.929626,0,1214.699341,0,0,0,20253.666016,0,0,720.126099,5,0,ThermalSystemCollapse,0.000977,""
319,1,319,22.639463,11.583287,397.585785,655.929626,0,1214.699341,0,0,0,20253.666016,0,0,720.126099,5,0,ThermalSystemCollapse,0.000977,""
320,1,320,22.639463,11.583287,397.585785,655.929626,0,1214.699341,0,0,0,20253.666016,0,0,720.126099,5,0,ThermalSystemCollapse,0.000977,""
321,1,321,22.639463,11.583287,397.585785,655.929626,0,1214.699341,0,0,0,20253.666016,0,0,720.126099,5,0,ThermalSystemCollapse,0.000977,""
322,1,322,22.639463,11.583287,397.585785,655.929626,0,1214.699341,0,0,0,20253.666016,0,0,720.126099,5,0,ThermalSystemCollapse,0.000977,""
323,1,323,22.639463,11.583287,397.585785,655.929626,0,1214.699341,0,0,0,20253.666016,0,0,720.126099,5,0,ThermalSystemCollapse,0.000977,""
324,1,324,22.639463,11.583287,397.585785,655.929626,0,1214.699341,0,0,0,20253.666016,0,0,720.126099,5,0,ThermalSystemCollapse,0.000977,""
325,1,325,22.639463,11.583287,397.585785,655.929626,0,1214.699341,0,0,0,20253.666016,0,0,720.126099,5,0,ThermalSystemCollapse,0.000977,""
326,1,326,22.639463,11.583287,397.585785,655.929626,0,1214.699341,0,0,0,20253.666016,0,0,720.126099,5,0,ThermalSystemCollapse,0.000977,""
327,1,327,22.639463,11.583287,397.585785,655.929626,0,1214.699341,0,0,0,20253.666016,0,0,720.126099,5,0,ThermalSystemCollapse,0.000977,""
328,1,328,22.639463,11.583287,397.585785,655.929626,0,1214.699341,0,0,0,20253.666016,0,0,720.126099,5,0,ThermalSystemCollapse,0.000977,""
329,1,329,22.639463,11.583287,397.585785,655.929626,0,1214.699341,0,0,0,20253.666016,0,0,720.126099,5,0,ThermalSystemCollapse,0.000977,""
330,1,330,22.639463,11.583287,397.585785,655.929626,0,1214.699341,0,0,0,20253.666016,0,0,720.126099,5,0,ThermalSystemCollapse,0.000977,""
331,1,331,22.639463,11.583287,397.585785,655.929626,0,1214.699341,0,0,0,20253.666016,0,0,720.126099,5,0,ThermalSystemCollapse,0.000977,""
332,1,332,22.639463,11.583287,397.585785,655.929626,0,1214.699341,0,0,0,20253.666016,0,0,720.126099,5,0,ThermalSystemCollapse,0.000977,""
333,1,333,22.639463,11.583287,397.585785,655.929626,0,1214.699341,0,0,0,20253.666016,0,0,720.126099,5,0,ThermalSystemCollapse,0.000977,""
334,1,334,22.639463,11.583287,397.585785,655.929626,0,1214.699341,0,0,0,20253.666016,0,0,720.126099,5,0,ThermalSystemCollapse,0.000977,""
335,1,335,22.639463,11.583287,397.585785,655.929626,0,1214.699341,0,0,0,20253.666016,0,0,720.126099,5,0,ThermalSystemCollapse,0.000977,""
336,1,336,22.639463,11.583287,397.585785,655.929626,0,1214.699341,0,0,0,20253.666016,0,0,720.126099,5,0,ThermalSystemCollapse,0.000977,""
337,1,337,22.639463,11.583287,397.585785,655.929626,0,1214.699341,0,0,0,20253.666016,0,0,720.126099,5,0,ThermalSystemCollapse,0.000977,""
338,1,338,22.639463,11.583287,397.585785,655.929626,0,1214.699341,0,0,0,20253.666016,0,0,720.126099,5,0,ThermalSystemCollapse,0.000977,""
339,1,339,22.639463,11.583287,397.585785,655.929626,0,1214.699341,0,0,0,20253.666016,0,0,720.126099,5,0,ThermalSystemCollapse,0.000977,""
340,1,340,22.639463,11.583287,397.585785,655.929626,0,1214.699341,0,0,0,20253.666016,0,0,720.126099,5,0,ThermalSystemCollapse,0.000977,""
341,1,341,22.639463,11.583287,397.585785,655.929626,0,1214.699341,0,0,0,20253.666016,0,0,720.126099,5,0,ThermalSystemCollapse,0.000977,""
342,1,342,22.639463,11.583287,397.585785,655.929626,0,1214.699341,0,0,0,20253.666016,0,0,720.126099,5,0,ThermalSystemCollapse,0.000977,""
343,1,343,22.639463,11.583287,397.585785,655.929626,0,1214.699341,0,0,0,20253.666016,0,0,720.126099,5,0,ThermalSystemCollapse,0.000977,""
344,1,344,22.639463,11.583287,397.585785,655.929626,0,1214.699341,0,0,0,20253.666016,0,0,720.126099,5,0,ThermalSystemCollapse,0.000977,""
345,1,345,22.639463,11.583287,397.585785,655.929626,0,1214.699341,0,0,0,20253.666016,0,0,720.126099,5,0,ThermalSystemCollapse,0.000977,""
346,1,346,22.639463,11.583287,397.585785,655.929626,0,1214.699341,0,0,0,20253.666016,0,0,720.126099,5,0,ThermalSystemCollapse,0.000977,""
347,1,347,22.639463,11.583287,397.585785,655.929626,0,1214.699341,0,0,0,20253.666016,0,0,720.126099,5,0,ThermalSystemCollapse,0.000977,""
348,1,348,22.639463,11.583287,397.585785,655.929626,0,1214.699341,0,0,0,20253.666016,0,0,720.126099,5,0,ThermalSystemCollapse,0.000977,""
349,1,349,22.639463,11.583287,397.585785,655.929626,0,1214.699341,0,0,0,20253.666016,0,0,720.126099,5,0,ThermalSystemCollapse,0.000977,""
350,1,350,22.639463,11.583287,397.585785,655.929626,0,1214.699341,0,0,0,20253.666016,0,0,720.126099,5,0,ThermalSystemCollapse,0.000977,""
351,1,351,22.639463,11.583287,397.585785,655.929626,0,1214.699341,0,0,0,20253.666016,0,0,720.126099,5,0,ThermalSystemCollapse,0.000977,""
352,1,352,22.639463,11.583287,397.585785,655.929626,0,1214.699341,0,0,0,20253.666016,0,0,720.126099,5,0,ThermalSystemCollapse,0.000977,""
353,1,353,22.639463,11.583287,397.585785,655.929626,0,1214.699341,0,0,0,20253.666016,0,0,720.126099,5,0,ThermalSystemCollapse,0.000977,""
354,1,354,22.639463,11.583287,397.585785,655.929626,0,1214.699341,0,0,0,20253.666016,0,0,720.126099,5,0,ThermalSystemCollapse,0.000977,""
355,1,355,22.639463,11.583287,397.585785,655.929626,0,1214.699341,0,0,0,20253.666016,0,0,720.126099,5,0,ThermalSystemCollapse,0.000977,""
356,1,356,22.639463,11.583287,397.585785,655.929626,0,1214.699341,0,0,0,20253.666016,0,0,720.126099,5,0,ThermalSystemCollapse,0.000977,""
357,1,357,22.639463,11.583287,397.585785,655.929626,0,1214.699341,0,0,0,20253.666016,0,0,720.126099,5,0,ThermalSystemCollapse,0.000977,""
358,1,358,22.639463,11.583287,397.585785,655.929626,0,1214.699341,0,0,0,20253.666016,0,0,720.126099,5,0,ThermalSystemCollapse,0.000977,""
359,1,359,22.639463,11.583287,397.585785,655.929626,0,1214.699341,0,0,0,20253.666016,0,0,720.126099,5,0,ThermalSystemCollapse,0.000977,""
360,1,360,22.639463,11.583287,397.585785,655.929626,0,1214.699341,0,0,0,20253.666016,0,0,720.126099,5,0,ThermalSystemCollapse,0.000977,""
361,1,361,22.639463,11.583287,397.585785,655.929626,0,1214.699341,0,0,0,20253.666016,0,0,720.126099,5,0,ThermalSystemCollapse,0.000977,""
362,1,362,22.639463,11.583287,397.585785,655.929626,0,1214.699341,0,0,0,20253.666016,0,0,720.126099,5,0,ThermalSystemCollapse,0.000977,""
363,1,363,22.639463,11.583287,397.585785,655.929626,0,1214.699341,0,0,0,20253.666016,0,0,720.126099,5,0,ThermalSystemCollapse,0.000977,""
364,1,364,22.639463,11.583287,397.585785,655.929626,0,1214.699341,0,0,0,20253.666016,0,0,720.126099,5,0,ThermalSystemCollapse,0.000977,""
365,1,365,22.639463,11.583287,397.585785,655.929626,0,1214.699341,0,0,0,20253.666016,0,0,720.126099,5,0,ThermalSystemCollapse,0.000977,""
