year,stored_water_mm_per_cell,input_mm_per_cell,output_mm_per_cell,water_error,nitrogen_gm2_per_cell,nitrogen_error,climate_temperature_anomaly_c,climate_moisture_multiplier,climate_wind_multiplier,climate_storm_frequency,climate_storm_intensity,climate_phase_shift_days,severe_heat,severe_cold,severe_drought,extreme_wet,severe_wind,temperature_c,surface_water_mm,root_water_mm,groundwater_mm,snow_mm,live_biomass_gm2,dry_biomass_gm2,available_nitrogen_gm2,plant_nitrogen_gm2,organic_nitrogen_gm2,soil_compaction,soil_depth_m,dust_gm2,fire_intensity,burn_scar,non_finite
1,297.7952082157135,992.33452347633806,790.1203331107447,6.1658221711368286E-07,19.872225284576416,7.9633989466966677E-07,-0.59993124008178711,0.90255343914031982,0.99728578329086304,1.1382597684860229,0.81245481967926025,9.4253749847412109,0,0,0,0,0,-9.232177734375,2.6573872566223145,101.96336364746094,94.999313354492188,93.581451416015625,35.998813629150391,22.609622955322266,0.90018916130065918,0.64797842502593994,18.324058532714844,0.029201671481132507,1.5370835065841675,9.1485553639358841E-06,0,0,0
2,266.35543096065521,737.41752306575654,768.85981418573078,1.7446980561029587E-06,19.872237920761108,1.432212051618704E-06,0.43707931041717529,0.74671679735183716,1.0037463903427124,0.94033801555633545,1.0475691556930542,9.9783344268798828,0,0,0,0,0,-7.8504328727722168,3.1714608669281006,100.61000823974609,94.495918273925781,62.75653076171875,48.947727203369141,26.837244033813477,0.98226231336593628,0.88105899095535278,18.008916854858398,0.049636527895927429,1.5370739698410034,0.0065177585929632187,0,0,0
3,211.60611188411713,494.57113824388784,549.32212407122051,2.0912096588699974E-06,19.872246891260147,1.8836212951131855E-06,0.9590333104133606,0.71359556913375854,0.96214854717254639,1.151714563369751,1.0317662954330444,1.3861122131347656,0,0,0,0,0,-3.64717698097229,1.7155067920684814,96.006416320800781,82.677085876464844,26.245264053344727,57.062103271484375,30.304317474365234,1.0410710573196411,1.0271174907684326,17.804058074951172,0.06330244243144989,1.5370694398880005,0.0061515700072050095,0,0,0
4,178.40601289272308,328.33500383755563,361.5364275690722,2.3321708799074169E-06,19.872266948223114,2.8929183744214449E-06,5.7839756011962891,0.77621561288833618,1.0454308986663818,1.0085256099700928,1.0994127988815308,4.0551657676696777,1,0,0,0,0,-7.0164546966552734,0.081194974482059479,91.695457458496094,65.82135009765625,15.937960624694824,71.252471923828125,23.564266204833984,1.3232945203781128,1.2825442552566528,17.266427993774414,0.072209931910037994,1.5370681285858154,1.3701391253562178E-05,0,0,0
5,202.97466266155243,486.13543359652613,461.5678113079789,2.2982659850710413E-06,19.872285664081573,3.8347290219780376E-06,1.1425231695175171,0.79255056381225586,1.0059746503829956,1.2003706693649292,0.81111901998519897,-5.0759706497192383,0,0,0,0,0,-8.4075717926025391,0.088403560221195221,87.167640686035156,64.015335083007812,46.853061676025391,70.163566589355469,43.096519470214844,1.14231276512146,1.2629439830780029,17.467029571533203,0.076354585587978363,1.5370672941207886,0.0036910679191350937,0,0,0
6,231.89697349071503,719.01459642464215,690.0938471825757,2.274676437317401E-06,19.872299820184708,4.5470858015789636E-06,0.67243671417236328,0.7945026159286499,0.9336090087890625,1.2287269830703735,0.97322851419448853,-0.52393007278442383,0,0,0,0,0,-6.8277039527893066,2.9957137107849121,96.939277648925781,86.290977478027344,40.278881072998047,69.454055786132812,38.916728973388672,1.0591411590576172,1.2501727342605591,17.562986373901367,0.079591758549213409,1.5370620489120483,0.004314696416258812,0,0,0
7,210.44253313541412,569.59215639253671,591.0480017258219,2.2993973515914122E-06,19.872311592102051,5.1394667025102605E-06,1.5286036729812622,0.81815534830093384,0.92501038312911987,1.0692309141159058,0.90733432769775391,-2.9499673843383789,0,0,0,0,0,-4.9375100135803223,1.9306042194366455,93.2489013671875,77.238754272460938,32.054840087890625,68.413619995117188,37.130420684814453,1.0895454883575439,1.2314453125,17.551321029663086,0.081649906933307648,1.53705894947052,1.5367539162980393E-05,0,0,0
8,204.30268561840057,511.90221592264061,518.04347380595846,2.3466729825765041E-06,19.87232169508934,5.6478644883728161E-06,4.4619688987731934,0.93604212999343872,1.0440521240234375,1.0425615310668945,0.78853374719619751,-1.0737347602844238,1,0,0,0,0,-7.5589313507080078,0.58965271711349487,92.303504943847656,71.888580322265625,34.454479217529297,73.939659118652344,30.553733825683594,1.2761435508728027,1.3309140205383301,17.265264511108398,0.082836568355560303,1.5370572805404663,0.0034417759161442518,0,0,0
9,292.64348077774048,853.17114722208134,764.83110474703244,2.1308095211613332E-06,19.872342497110367,6.6946540297653345E-06,1.3911352157592773,0.97963917255401611,1.0540831089019775,1.1083544492721558,0.90668165683746338,-9.9238519668579102,0,0,0,0,0,-7.8308420181274414,2.5431482791900635,95.776016235351562,82.194488525390625,106.80783843994141,65.611373901367188,44.627887725830078,1.1387345790863037,1.181004524230957,17.552602767944336,0.083173215389251709,1.5370534658432007,0.0052647129632532597,0,0,0
10,391.79303061962128,1256.2755605603197,1157.1283554002857,2.0836507288361101E-06,19.872360646724701,7.6079704061378905E-06,0.78083473443984985,1.0848779678344727,1.1553343534469604,1.0324153900146484,1.0690408945083618,-7.7137184143066406,0,0,0,0,0,-9.4970951080322266,3.681396484375,103.91398620605469,104.77532958984375,174.47422790527344,62.733917236328125,43.225776672363281,1.0493037700653076,1.1292105913162231,17.693845748901367,0.084312804043292999,1.5370415449142456,3.205155735486187E-05,0,0,0
11,451.51402258872986,2613.9575424139275,2554.2395130113682,1.8264614425057186E-06,19.872372299432755,8.1943525131357047E-06,-0.10266381502151489,1.5221859216690063,0.97157317399978638,1.1915740966796875,1.2897961139678955,0.63760042190551758,0,0,0,1,0,-7.1054620742797852,3.6932666301727295,110.70736694335938,133.15187072753906,198.72616577148438,54.476390838623047,40.018413543701172,0.98071318864822388,0.98057490587234497,17.911083221435547,0.082818783819675446,1.5370140075683594,0.00084438908379524946,0,0,0
12,300.93569731712341,863.92687408521851,1014.5068120023698,1.8297607880563335E-06,19.872392892837524,9.2306441651446311E-06,1.2918494939804077,0.97341936826705933,0.93442785739898682,1.087633490562439,1.0622619390487671,0.57387399673461914,0,0,0,0,0,-8.0376415252685547,3.6656308174133301,104.61775207519531,105.16184234619141,82.318374633789062,58.912448883056641,34.838863372802734,1.0213053226470947,1.060423731803894,17.790664672851562,0.083243109285831451,1.5370088815689087,0.0082701509818434715,0,0,0
13,325.91033971309662,1051.2871425231606,1026.3134738255376,1.747684878324489E-06,19.872405916452408,9.8860124023774834E-06,0.38415417075157166,1.0172392129898071,1.3274095058441162,1.2876853942871094,0.93925988674163818,-3.8962314128875732,0,0,0,0,0,-8.0765190124511719,3.6667048931121826,101.25981140136719,102.57823181152344,113.34062194824219,56.996841430664062,40.980220794677734,0.96685737371444702,1.0259429216384888,17.879606246948242,0.084526397287845612,1.5370054244995117,1.8038800817521405E-06,0,0,0
14,355.44238984584808,1189.7033244235517,1160.1717291342356,1.6204140921593761E-06,19.872420459985733,1.0617865262262224E-05,0.97519940137863159,1.1559661626815796,1.0029282569885254,0.99482548236846924,1.0350583791732788,-3.6106224060058594,0,0,0,0,0,-8.9979753494262695,3.6660206317901611,103.44149780273438,105.26045989990234,138.24447631835938,54.541488647460938,40.328407287597656,0.96830254793167114,0.9817466139793396,17.922370910644531,0.085116647183895111,1.5370017290115356,0.002839129650965333,0,0,0
15,256.65496850013733,531.2516091494108,630.03984873204899,1.6172089466415142E-06,19.872444599866867,1.1832621033792225E-05,0.55166441202163696,0.60855191946029663,1.0603740215301514,0.90695929527282715,0.97653692960739136,-6.3081607818603516,0,0,1,0,0,-7.2038402557373047,2.466400146484375,95.333267211914062,87.702171325683594,65.8299560546875,52.991073608398438,38.961902618408203,0.9547734260559082,0.95383912324905396,17.963830947875977,0.085637852549552917,1.5370005369186401,0.0071726641617715359,0,0,0
16,314.60383331775665,1031.977675964572,974.02853222208796,1.4812471001533052E-06,19.872466772794724,1.2948396705419781E-05,2.2066075801849365,1.2088291645050049,0.94136548042297363,0.79003673791885376,0.76625841856002808,-4.2360310554504395,0,0,0,0,0,-8.6787195205688477,3.6563129425048828,101.22617340087891,95.630584716796875,109.08223724365234,60.950634002685547,34.673988342285156,0.99894863367080688,1.0971111059188843,17.776407241821289,0.085987649857997894,1.5369986295700073,0.0013116687769070268,0,0,0
17,367.200310587883,1086.9258589008459,1034.3285232212238,1.3210993241536912E-06,19.872489362955093,1.408516815581452E-05,1.1446069478988647,1.1669951677322388,1.4348448514938354,0.78276330232620239,0.91287940740585327,-7.0677590370178223,0,0,0,0,1,-9.6216650009155273,3.6649508476257324,102.84637451171875,100.85407257080078,154.30087280273438,58.053974151611328,39.147384643554688,0.975028395652771,1.0449715852737427,17.852489471435547,0.086472302675247192,1.5369961261749268,0.0041022803634405136,0,0,0
18,438.18353819847107,1596.0483902779906,1525.066212898244,1.2588803683657849E-06,19.872506588697433,1.4951993879202596E-05,-0.36781978607177734,1.3242758512496948,0.97651195526123047,1.0611555576324463,1.0113592147827148,-6.0485343933105469,0,0,0,0,0,-11.264941215515137,3.6942200660705566,106.923828125,111.56153869628906,210.75411987304688,51.833671569824219,39.723529815673828,0.93707454204559326,0.9330059289932251,18.002426147460938,0.086225263774394989,1.5369902849197388,0.0076199891045689583,0,0,0
19,497.11351597309113,1787.2358501005874,1728.3065215774659,1.1737234310879816E-06,19.872522324323654,1.5743834678422152E-05,-1.9114727973937988,1.3501052856445312,0.94498550891876221,0.98045653104782104,1.2061358690261841,-8.6297569274902344,0,0,0,0,0,-11.416633605957031,3.6991641521453857,108.40821075439453,118.57020568847656,261.75784301757812,44.728439331054688,39.422031402587891,0.86314547061920166,0.80511182546615601,18.204265594482422,0.085694886744022369,1.5369840860366821,4.211296618450433E-05,0,0,0
20,447.05014383792877,1304.9773753919071,1355.0414233866541,1.1311486096025855E-06,19.872531443834305,1.6202742414333486E-05,-2.1009306907653809,1.1350480318069458,1.100659966468811,0.99480241537094116,1.3246381282806396,-3.4626357555389404,0,0,0,0,0,-10.618341445922852,3.6972851753234863,107.12699127197266,113.73474884033203,217.42359924316406,43.721946716308594,37.602062225341797,0.83372485637664795,0.78699499368667603,18.251811981201172,0.085501387715339661,1.5369809865951538,0.0056423959322273731,0,0,0
21,380.83601033687592,1294.9935826169458,1361.2076209897823,1.0582418242945792E-06,19.872545272111893,1.6898602510617336E-05,-1.3172907829284668,1.2071110010147095,1.326136589050293,1.0040994882583618,0.97927337884902954,-0.6469876766204834,0,0,0,0,0,-12.215378761291504,3.6939570903778076,107.20719909667969,111.33621215820312,153.83538818359375,46.318569183349609,34.897983551025391,0.82490307092666626,0.83373421430587769,18.213907241821289,0.085437655448913574,1.5369781255722046,0.0075490223243832588,0,0,0
22,350.63644301891327,1126.5046125710433,1156.7040628234281,1.0001157785220383E-06,19.872559815645218,1.7630455370502078E-05,-1.7662308216094971,0.96283644437789917,1.0649828910827637,0.8135066032409668,0.91460955142974854,1.0012166500091553,0,0,0,0,0,-11.145269393920898,3.6718974113464355,106.53523254394531,107.90217590332031,127.97541809082031,47.087265014648438,34.269283294677734,0.77746737003326416,0.84757059812545776,18.247522354125977,0.085318580269813538,1.536975622177124,0.00033578620059415698,0,0,0
23,377.08954620361328,1130.8368165175016,1104.3835704110315,9.4626053769226017E-07,19.872575253248215,1.8407299184887929E-05,-0.96390563249588013,0.99730229377746582,1.0267232656478882,0.86363595724105835,0.94417405128479004,-6.4737567901611328,0,0,0,0,0,-10.956271171569824,3.6664514541625977,105.09273529052734,106.03520965576172,157.53756713867188,45.744739532470703,35.269893646240234,0.81015521287918091,0.82340532541275024,18.239015579223633,0.085173532366752625,1.5369738340377808,0.0044294605031609535,0,0,0
24,331.39038002490997,1094.5848928081869,1140.2839685400431,9.0075444796211492E-07,19.872593134641647,1.9307118274910153E-05,-1.0312058925628662,0.9686540961265564,1.0054911375045776,0.91795265674591064,0.94092035293579102,-0.65699195861816406,0,0,0,0,0,-9.641016960144043,3.6676263809204102,106.13426971435547,107.24040222167969,108.98905181884766,47.001811981201172,34.805038452148438,0.78438138961791992,0.84603238105773926,18.242179870605469,0.0849805548787117,1.5369715690612793,0.0075418082997202873,0,0,0
25,287.01536464691162,1019.4575686105854,1063.8314986491787,8.2299829921977442E-07,19.872611552476883,2.0233931937633042E-05,0.3654722273349762,1.0160804986953735,1.001489520072937,0.95167195796966553,1.1730871200561523,6.9433097839355469,0,0,0,0,0,-8.0577869415283203,3.6838650703430176,106.66828155517578,108.80343627929688,63.156940460205078,52.197315216064453,32.429401397705078,0.82935857772827148,0.9395517110824585,18.103700637817383,0.084944106638431549,1.5369700193405151,0.00047779301530681551,0,0,0
26,230.27333271503448,594.49377895048019,651.23556208509035,7.9500152938479156E-07,19.872631132602692,2.1219233841207375E-05,1.6716892719268799,0.8184049129486084,0.95196390151977539,0.64993375539779663,1.1786097288131714,1.2000808715820312,0,0,0,0,0,-9.5245962142944336,3.5639104843139648,97.256141662597656,89.092170715332031,35.790172576904297,58.972789764404297,31.630857467651367,0.89589112997055054,1.0615100860595703,17.915229797363281,0.085380956530570984,1.5369695425033569,0.00067348050652071834,0,0,0
27,262.28017783164978,780.50873511280224,748.50137504979648,7.5316930836305896E-07,19.872648447751999,2.2090558660045559E-05,0.054724365472793579,0.83686739206314087,0.98404216766357422,0.61860543489456177,1.0904638767242432,3.2457683086395264,0,0,0,0,0,-9.5350379943847656,3.3103370666503906,98.358238220214844,91.914924621582031,63.920131683349609,58.583477020263672,36.229942321777344,0.83204752206802368,1.0545024871826172,17.986099243164062,0.085867710411548615,1.5369689464569092,0.0074662207625806332,0,0,0
28,338.40621793270111,954.201490485666,878.07477371704954,7.0350803591027047E-07,19.872661203145981,2.2732429610928079E-05,-0.34262055158615112,0.9618685245513916,1.0657463073730469,0.672832190990448,1.0447710752487183,-3.798835277557373,0,0,0,0,0,-5.6482629776000977,3.3481807708740234,104.11479187011719,97.425254821777344,128.44477844238281,53.110458374023438,39.345218658447266,0.81304967403411865,0.95598816871643066,18.10362434387207,0.086003303527832031,1.5369682312011719,0.0005082399002276361,0,0,0
29,267.29815113544464,515.50235948470799,586.60997183792279,6.7495064888573548E-07,19.872673392295837,2.3345806290626561E-05,2.5474934577941895,0.9488869309425354,1.2191841602325439,0.92082333564758301,0.90229111909866333,-4.0871744155883789,1,0,0,0,0,-9.1185588836669922,1.8243429660797119,100.42386627197266,90.611442565917969,70.194351196289062,61.079906463623047,34.589702606201172,0.95813465118408203,1.0994383096694946,17.815099716186523,0.086521826684474945,1.5369676351547241,0.0029947657603770494,0,0,0
30,194.3886411190033,283.11392746731144,356.02432904366287,6.9919194067033404E-07,19.872688889503479,2.4125649501979154E-05,-0.2731049656867981,0.4586605429649353,1.1976521015167236,0.69290667772293091,1.0042164325714111,0.64409375190734863,0,0,1,0,0,-9.1905746459960938,0.11408768594264984,88.231925964355469,68.045623779296875,33.200260162353516,61.332798004150391,39.379268646240234,0.84816539287567139,1.1039904356002808,17.9205322265625,0.087178595364093781,1.5369675159454346,0.0078164264559745789,0,0,0
31,298.70683872699738,956.56759852075265,852.24846358147988,6.4538868356402952E-07,19.872697591781616,2.4563561459123302E-05,0.2934080958366394,1.0163414478302002,0.97291874885559082,0.93768602609634399,0.85416793823242188,-0.70394134521484375,0,0,0,0,0,-9.4700899124145508,2.9123613834381104,99.402824401855469,89.364883422851562,102.24542999267578,58.983860015869141,39.098285675048828,0.83817684650421143,1.0617095232009888,17.972810745239258,0.086933054029941559,1.5369669198989868,0.00018863036530092359,0,0,0
32,315.19864475727081,959.90543976254048,943.4117613118251,5.6451405915699779E-07,19.872718900442123,2.5635845874733116E-05,-0.47617471218109131,1.0194871425628662,1.0440391302108765,1.0460505485534668,1.0360305309295654,-7.8685493469238281,0,0,0,0,0,-10.370307922363281,3.6639492511749268,102.83990478515625,100.81688690185547,103.28475952148438,57.503013610839844,39.822673797607422,0.76057922840118408,1.0350544452667236,18.077085494995117,0.086449749767780304,1.5369659662246704,0.0023407572880387306,0,0,0
33,261.40124034881592,735.02338219512239,788.81949587217241,5.1044725783644061E-07,19.872730702161789,2.6229726474147782E-05,0.031619906425476074,0.86771225929260254,1.0358171463012695,0.91067081689834595,0.88535457849502563,-0.32700109481811523,0,0,0,0,0,-9.7093019485473633,3.4632751941680908,98.8199462890625,93.211906433105469,61.156894683837891,53.830604553222656,36.343639373779297,0.81391549110412598,0.96895110607147217,18.089864730834961,0.086703158915042877,1.5369652509689331,0.0068129217252135277,0,0,0
34,315.67324078083038,872.48935720837835,818.21636342681813,4.6606977459387933E-07,19.872748970985413,2.7149041644453819E-05,-0.080616235733032227,0.93953418731689453,0.92529350519180298,0.979389488697052,0.94734996557235718,-4.8092608451843262,0,0,0,0,0,-11.330714225769043,3.3189864158630371,98.722877502441406,93.601631164550781,115.63284301757812,52.808097839355469,38.809490203857422,0.80226230621337891,0.95054608583450317,18.119939804077148,0.086845189332962036,1.5369646549224854,4.190250183455646E-05,0,0,0
35,325.58896505832672,942.64546542008247,932.7287371247985,4.2280687470530549E-07,19.872766494750977,2.8030864352675599E-05,-1.1708412170410156,0.86977225542068481,0.90311634540557861,0.87446033954620361,1.1258111000061035,3.7608480453491211,0,0,0,0,0,-12.432788848876953,3.6644234657287598,103.72992706298828,103.19412231445312,110.64369201660156,48.789291381835938,36.901706695556641,0.76427948474884033,0.87820720672607422,18.230279922485352,0.087404705584049225,1.5369635820388794,0.0019780220463871956,0,0,0
36,377.5866174697876,1255.0982927736914,1203.1001420587272,3.9308299962449605E-07,19.872777938842773,2.8606748570289821E-05,-1.9520347118377686,1.0417932271957397,0.92769467830657959,0.78443664312362671,0.93831664323806763,-2.7616744041442871,0,0,0,0,0,-8.6287546157836914,3.6676294803619385,106.28630828857422,108.68650817871094,153.52865600585938,44.82196044921875,36.728317260742188,0.72409236431121826,0.80679529905319214,18.341890335083008,0.086442746222019196,1.5369613170623779,0.0069510079920291901,0,0,0
37,348.47918486595154,1101.3476773777002,1130.4543485240501,3.5964471738290725E-07,19.872794032096863,2.9416585751309819E-05,2.1172692775726318,1.1420907974243164,0.92500686645507812,0.90356928110122681,1.1484720706939697,-0.25618696212768555,0,0,0,0,0,-10.903300285339355,3.6727557182312012,106.53120422363281,107.91507720947266,125.62117004394531,52.421596527099609,30.663938522338867,0.9357762336730957,0.94358867406845093,17.993429183959961,0.086622588336467743,1.5369606018066406,3.0045430321479216E-05,0,0,0
38,442.18660974502563,1620.383223003977,1526.6757844606982,3.4367155241613445E-07,19.872808516025543,3.014543921422782E-05,-0.91318380832672119,1.2577449083328247,1.1797622442245483,1.0726765394210815,0.89535355567932129,2.7073988914489746,0,0,0,0,0,-11.797028541564941,3.6981594562530518,107.91574859619141,114.88199615478516,210.59422302246094,52.763870239257812,36.782806396484375,0.82975584268569946,0.94974970817565918,18.093303680419922,0.086326315999031067,1.5369592905044556,0.0017550381598994136,0,0,0
39,392.73823153972626,1454.9883147362852,1504.4371483541254,3.4252123937664026E-07,19.872826009988785,3.1025762223966231E-05,-1.269614577293396,1.1716954708099365,0.83603906631469727,1.0808947086334229,0.93844521045684814,3.9464354515075684,0,0,0,0,0,-10.288050651550293,3.6956202983856201,108.10233306884766,113.31510162353516,162.33952331542969,49.765419006347656,36.923480987548828,0.77685314416885376,0.89577746391296387,18.2001953125,0.086123883724212646,1.5369573831558228,0.0086986375972628593,0,0,0
40,361.1823478937149,1245.2443640496349,1276.7998009881267,3.2071202854490319E-07,19.872847080230713,3.2086049051709083E-05,-0.20343776047229767,1.0737466812133789,1.4389188289642334,1.1651381254196167,1.0010236501693726,-5.079533576965332,0,0,0,0,1,-7.9187021255493164,3.678917407989502,105.71987152099609,107.97455596923828,138.63192749023438,49.4759521484375,36.901279449462891,0.80557340383529663,0.8905671238899231,18.176706314086914,0.086318276822566986,1.5369569063186646,0.0013390075182542205,0,0,0
41,352.99421393871307,1070.8410684087285,1079.0280315977361,2.8387951589924868E-07,19.872868627309799,3.3170331055185858E-05,0.78638947010040283,1.0329785346984863,1.0504642724990845,1.0469317436218262,1.1582555770874023,-8.2353973388671875,0,0,0,0,0,-8.4681882858276367,3.6664602756500244,102.69721984863281,104.90053558349609,136.58377075195312,50.95819091796875,38.858219146728516,0.8593483567237854,0.91724753379821777,18.096273422241211,0.086694419384002686,1.5369569063186646,0.0014755913289263844,0,0,0
42,365.19113385677338,1174.8158637248052,1162.6173560127281,2.3844277729009462E-07,19.872889071702957,3.4199124214777931E-05,0.51520782709121704,1.1176820993423462,1.0296162366867065,1.10490882396698,1.1102186441421509,-12.281834602355957,0,0,0,0,0,-8.893244743347168,3.6645984649658203,103.0733642578125,105.19647979736328,147.92227172851562,50.709800720214844,41.39117431640625,0.82840007543563843,0.91277617216110229,18.1317138671875,0.086749620735645294,1.5369569063186646,0.0072141042910516262,0,0,0
43,317.76500034332275,983.86396505002631,1031.288822592287,2.0353174879773604E-07,19.872907280921936,3.5115439988117228E-05,0.22438311576843262,1.0224845409393311,1.1636741161346436,1.199001669883728,0.9245721697807312,-7.0956954956054688,0,0,0,0,0,-7.7112903594970703,3.6602959632873535,102.92001342773438,104.02623748779297,102.12657165527344,52.827167510986328,38.494434356689453,0.81303083896636963,0.95088875293731689,18.108987808227539,0.086841955780982971,1.5369569063186646,0.00016957911429926753,0,0,0
44,281.53455078601837,904.41931200281397,940.64966368050955,1.9714878260780995E-07,19.872922390699387,3.587578711918601E-05,0.94143247604370117,0.88024795055389404,1.033933162689209,1.1013060808181763,1.1067032814025879,2.2716352939605713,0,0,0,0,0,-9.9864988327026367,3.5115554332733154,101.91861724853516,96.585372924804688,74.902198791503906,61.224773406982422,35.520923614501953,0.80823081731796265,1.1020456552505493,17.962646484375,0.086652696132659912,1.5369569063186646,1.6019761517327424E-07,0,0,0
45,313.29634892940521,942.24335631442955,910.48089454470028,1.7832188746135165E-07,19.872936278581619,3.6574646612436601E-05,-0.35726609826087952,0.87154442071914673,0.8380662202835083,0.993630051612854,1.155888557434082,4.3471002578735352,0,0,0,0,0,-13.108558654785156,3.6641166210174561,102.71059417724609,102.73689270019531,99.867263793945312,58.988018035888672,37.306560516357422,0.78868269920349121,1.0617843866348267,18.022468566894531,0.086531728506088257,1.536956787109375,0.0064789578318595886,0,0,0
46,370.37131726741791,1213.4422591905532,1156.3663981829595,1.5438332648322013E-07,19.872951954603195,3.7363488014689418E-05,-2.5859375,0.91191840171813965,0.84256970882415771,1.1767847537994385,1.0571229457855225,3.3244748115539551,0,0,0,0,0,-8.9193019866943359,3.6920499801635742,107.87238311767578,112.02655029296875,142.01579284667969,49.120063781738281,38.734062194824219,0.69916063547134399,0.88416093587875366,18.289630889892578,0.086014620959758759,1.5369566679000854,3.3683521905913949E-05,0,0,0
47,290.56451272964478,840.67629783728626,920.48218651994102,1.3221572761873736E-07,19.872958689928055,3.770241987193112E-05,0.6087527871131897,0.92266374826431274,0.91673141717910767,1.1989518404006958,1.1191695928573608,4.863405704498291,0,0,0,0,0,-9.6908140182495117,3.6718676090240479,103.67874908447266,103.50617980957031,75.172500610351562,52.833240509033203,34.389324188232422,0.75909334421157837,0.95099836587905884,18.162866592407227,0.086639165878295898,1.5369566679000854,6.0838694082576694E-08,0,0,0
48,246.623410820961,629.28992187453696,673.23136533029901,1.3762053713614538E-07,19.872977375984192,3.864273082100434E-05,0.45688444375991821,0.79097431898117065,0.84161919355392456,1.1652706861495972,1.0631177425384521,-0.35922765731811523,0,0,1,0,0,-9.4823837280273438,2.4872384071350098,96.710121154785156,88.010986328125,54.832599639892578,52.007080078125,37.08489990234375,0.80947279930114746,0.93612754344940186,18.127376556396484,0.086988575756549835,1.5369566679000854,0.0075041931122541428,0,0,0
49,243.66302585601807,560.19255287366104,563.15425055997912,1.6317151611535447E-07,19.872996270656586,3.9593539659461153E-05,0.53034687042236328,0.74875319004058838,0.95267945528030396,1.0571287870407104,0.96430540084838867,-0.023245811462402344,0,0,1,0,0,-10.375126838684082,2.2391784191131592,92.57452392578125,75.154640197753906,69.114860534667969,52.693447113037109,38.018592834472656,0.80270135402679443,0.94848203659057617,18.12181282043457,0.087396793067455292,1.5369566679000854,0.00028973832377232611,0,0,0
50,314.20691525936127,1012.7449595782964,942.19932644892106,1.2450637090524749E-07,19.873015403747559,4.0556346085784931E-05,0.2770056426525116,0.99384737014770508,1.0118374824523926,1.1316794157028198,1.0916804075241089,1.7428543567657471,0,0,0,0,0,-9.5565605163574219,3.6318094730377197,102.03723907470703,100.085693359375,103.65538787841797,52.701816558837891,37.368270874023438,0.76610821485519409,0.94863253831863403,18.158273696899414,0.087293282151222229,1.5369566679000854,4.5889585534308885E-12,0,0,0
51,361.07079458236694,1047.2736384541931,1000.4076406025633,7.9902019419009781E-08,19.873039036989212,4.1745606983097635E-05,1.1825883388519287,1.0919691324234009,1.1559783220291138,0.871337890625,0.96530866622924805,-0.15070587396621704,0,0,0,0,0,-11.602949142456055,3.6642684936523438,102.91973114013672,101.31103515625,148.244140625,54.368087768554688,36.939285278320312,0.79261785745620728,0.97862565517425537,18.101795196533203,0.087420269846916199,1.5369565486907959,0.0082527883350849152,0,0,0
52,463.72663688659668,2168.2294971221563,2065.5737486213256,7.8391347709085709E-08,19.873065501451492,4.3077339236330529E-05,0.015268206596374512,1.5372054576873779,1.1614755392074585,0.90365493297576904,0.94471889734268188,0.061270594596862793,0,0,0,1,0,-8.9626359939575195,3.7001345157623291,108.73760223388672,119.24831390380859,227.10922241210938,51.691848754882812,38.944587707519531,0.70930016040802002,0.9304535984992981,18.233312606811523,0.086627371609210968,1.5369546413421631,0.00027988053625449538,0,0,0
53,294.2162811756134,837.5974930049415,1007.1074976102827,7.0590413167983695E-08,19.873079270124435,4.3770199935647637E-05,1.1969149112701416,0.87875092029571533,1.1052454710006714,0.92828154563903809,0.82574814558029175,-4.6391286849975586,0,0,0,0,0,-8.3078327178955078,3.6565871238708496,103.44863891601562,103.16511535644531,79.129447937011719,52.421970367431641,36.920192718505859,0.74012279510498047,0.94359546899795532,18.189361572265625,0.086345508694648743,1.5369545221328735,2.7512498945725383E-09,0,0,0
54,246.56752562522888,611.35479706760816,659.00438304261479,8.5159618721563962E-08,19.87309592962265,4.4608531387851673E-05,1.6931198835372925,0.80536121129989624,1.1331841945648193,0.75451868772506714,0.75847560167312622,-8.152165412902832,0,0,0,0,0,-8.0940618515014648,2.9502627849578857,96.410774230957031,86.626235961914062,55.715274810791016,54.599861145019531,38.317623138427734,0.76247411966323853,0.98279750347137451,18.127824783325195,0.086737565696239471,1.5369545221328735,0.010005905292928219,0,0,0
55,317.01753902435303,660.0494423627606,589.60063465967687,1.0617532360888571E-07,19.873114138841629,4.552484716119097E-05,2.302128791809082,0.81268918514251709,1.0545015335083008,0.90729469060897827,0.99337095022201538,-2.0258216857910156,0,0,0,0,0,-13.073505401611328,1.9402353763580322,94.453231811523438,79.410888671875,136.61737060546875,59.302864074707031,35.662334442138672,0.80867463350296021,1.0674515962600708,17.996988296508789,0.087017029523849487,1.5369545221328735,0.0011183612514287233,0,0,0
56,615.647047996521,3237.0103374136379,2938.3801090603883,8.782548013307077E-08,19.873134166002274,4.6532644542015864E-05,-1.871077299118042,1.5991330146789551,1.0199850797653198,1.0877025127410889,1.1759319305419922,-5.6543002128601074,0,1,0,1,0,-7.9927115440368652,3.709965705871582,110.34870910644531,134.13352966308594,361.6466064453125,47.576374053955078,39.014068603515625,0.65372395515441895,0.85637468099594116,18.363035202026367,0.085768222808837891,1.5369510650634766,2.5851395548670553E-05,0,0,0
57,404.29743766784668,1269.7112892241203,1481.0603149540766,7.6067485304213446E-08,19.873148024082184,4.7230004336783083E-05,1.0778416395187378,1.1414493322372437,0.94298118352890015,0.85023808479309082,1.2293661832809448,-3.5812010765075684,0,0,0,0,0,-7.8682770729064941,3.6970975399017334,108.22911071777344,114.06396484375,172.3126220703125,56.695804595947266,32.631946563720703,0.71446084976196289,1.0205245018005371,18.138162612915039,0.085509777069091797,1.5369499921798706,0.0048256632871925831,0,0,0
58,385.94792687892914,1367.2898642913206,1385.6375676717216,4.4510655078845824E-08,19.873166173696518,4.8143320713155641E-05,1.3294230699539185,1.2050206661224365,0.79012346267700195,1.0083812475204468,1.2037938833236694,-2.4210371971130371,0,0,0,0,0,-7.8470087051391602,3.6949079036712646,107.81679534912109,111.60771942138672,157.61614990234375,60.111545562744141,34.649589538574219,0.74597311019897461,1.0820077657699585,18.045185089111328,0.085368424654006958,1.5369495153427124,2.5808445570874028E-05,0,0,0
59,399.70280992984772,1373.7490252235148,1359.9919531915584,8.1856461833176805E-09,19.873185038566589,4.9092629853129082E-05,1.4492497444152832,1.2253108024597168,0.88004386425018311,1.0894107818603516,1.2779369354248047,-5.2782316207885742,0,0,0,0,0,-7.9477577209472656,3.6979131698608398,108.23063659667969,114.28863525390625,167.51577758789062,65.085128784179688,35.048816680908203,0.74499893188476562,1.171532154083252,17.956653594970703,0.085209265351295471,1.5369492769241333,0.00011846690176753327,0,0,0
60,392.84840524196625,1328.9402335736595,1335.791590404755,-4.0156032946130861E-08,19.873205125331879,5.0103426630920714E-05,0.38074254989624023,1.1061602830886841,0.9288485050201416,0.98940157890319824,1.1961296796798706,-8.8293466567993164,0,0,0,0,0,-10.184145927429199,3.6960384845733643,107.2637939453125,117.35861968994141,159.17817687988281,60.5404052734375,41.847080230712891,0.6971704363822937,1.0897270441055298,18.086307525634766,0.085203856229782104,1.5369492769241333,0.0064246207475662231,0,0,0
61,376.18030333518982,1159.3984517271019,1176.0645272175534,-7.0883616116084712E-08,19.873218476772308,5.0775291551470636E-05,-1.6894700527191162,0.92550045251846313,0.96425503492355347,1.1377302408218384,1.0689007043838501,-4.9995265007019043,0,0,0,0,0,-9.008112907409668,3.6684942245483398,105.12947082519531,107.08136749267578,155.37797546386719,51.671157836914062,41.368484497070312,0.63225090503692627,0.93008047342300415,18.310886383056641,0.085009776055812836,1.5369492769241333,4.0589471609564498E-05,0,0,0
62,364.35956871509552,1177.6096354124311,1189.4283575724548,-1.0028430703794376E-07,19.873231887817383,5.1450155868987304E-05,-1.0582389831542969,0.9946938157081604,0.99715703725814819,1.1676218509674072,1.0811338424682617,-10.819108963012695,0,0,0,0,0,-11.254311561584473,3.6752018928527832,105.45159149169922,108.4195556640625,142.22676086425781,49.124217987060547,39.988517761230469,0.64100891351699829,0.88423585891723633,18.347986221313477,0.08461887389421463,1.5369492769241333,0.00096116354689002037,0,0,0
63,302.80744051933289,1112.2869506134739,1173.8376082837785,-1.2065194417261157E-07,19.873248547315598,5.2288487321191347E-05,-1.5585958957672119,0.97345030307769775,1.3648297786712646,1.0836659669876099,0.89154255390167236,4.4724054336547852,0,0,0,0,1,-6.9534478187561035,3.6662013530731201,105.46698760986328,107.64606475830078,80.488075256347656,46.715599060058594,35.428001403808594,0.62825858592987061,0.84088057279586792,18.404109954833984,0.084931910037994385,1.5369492769241333,0.003996935673058033,0,0,0
64,258.23401236534119,957.29462529442389,1001.866710253671,-1.387916936336921E-07,19.873264640569687,5.3098324502211342E-05,3.3096146583557129,1.0696451663970947,0.97089707851409912,1.1146690845489502,0.99405777454376221,8.6230745315551758,1,0,0,0,0,-9.9199008941650391,3.5803112983703613,102.90339660644531,103.20137786865234,43.861194610595703,56.780364990234375,29.438846588134766,0.84652763605117798,1.0220465660095215,18.004690170288086,0.085622616112232208,1.5369492769241333,0.00013418857997749001,0,0,0
65,272.15301668643951,1033.0766821008001,1019.1562298701465,-1.577768744809796E-07,19.8732830286026,5.4023638466450866E-05,0.001553952693939209,0.93097448348999023,1.1135774850845337,1.1615393161773682,0.91949009895324707,11.922234535217285,0,0,0,0,0,-9.9511384963989258,3.675255298614502,103.15943908691406,103.82792663574219,56.893966674804688,58.729118347167969,36.382110595703125,0.76262122392654419,1.0571242570877075,18.053537368774414,0.08585454523563385,1.5369492769241333,0.00047911054571159184,0,0,0
66,290.90039694309235,967.8464195177803,949.09800097267726,-1.7048604507263952E-07,19.873295724391937,5.4662510020366637E-05,-0.54219353199005127,0.96810454130172729,1.0920023918151855,1.0797667503356934,0.96884411573410034,4.1679487228393555,0,0,0,0,0,-10.51942253112793,3.5483324527740479,101.537353515625,99.503364562988281,81.721542358398438,55.097946166992188,40.133453369140625,0.68926805257797241,0.99176311492919922,18.192264556884766,0.085768766701221466,1.5369492769241333,0.003676306689158082,0,0,0
67,291.54071915149689,946.52394760212337,945.88268929885817,-1.8145525826877384E-07,19.873309463262558,5.535387102120038E-05,-1.5273802280426025,0.97274196147918701,1.1055142879486084,1.0341776609420776,1.100704550743103,5.0047564506530762,0,0,0,0,0,-8.2393255233764648,3.4026806354522705,102.99813079833984,99.396324157714844,80.888496398925781,51.269832611083984,38.685543060302734,0.64444440603256226,0.92285698652267456,18.306007385253906,0.085640475153923035,1.5369492769241333,0.0006318138912320137,0,0,0
68,284.348965883255,980.4799891042494,987.67089760974341,-1.9076778892966956E-07,19.873328298330307,5.6301680462690455E-05,0.0048957467079162598,1.0558985471725464,1.5416761636734009,1.1935557126998901,1.0842058658599854,2.7049670219421387,0,0,0,0,1,-9.1525917053222656,3.4590058326721191,102.33258056640625,99.007377624511719,74.800765991210938,56.070461273193359,35.428943634033203,0.68068128824234009,1.0092682838439941,18.183378219604492,0.085949540138244629,1.5369492769241333,1.1579709280340467E-05,0,0,0
69,304.20983386039734,1076.3041521182022,1056.4414753295569,-2.1282884549216121E-07,19.873345881700516,5.7186502567878973E-05,-0.047134697437286377,1.0348721742630005,1.1790435314178467,0.98162925243377686,1.1226538419723511,3.4489150047302246,0,0,0,0,0,-10.304934501647949,3.6744339466094971,104.51408386230469,105.68603515625,85.443931579589844,56.075031280517578,36.381317138671875,0.70148336887359619,1.0093506574630737,18.162511825561523,0.086153656244277954,1.5369492769241333,0.0039339633658528328,0,0,0
70,303.67653846740723,679.68783968866046,680.22115985797427,-2.1051934675507081E-07,19.873365581035614,5.8177803265386792E-05,-0.6537935733795166,0.57334816455841064,1.0939033031463623,0.8372809886932373,1.1354787349700928,-8.8503646850585938,0,0,1,0,0,-10.62430477142334,2.2668213844299316,95.340003967285156,85.419578552246094,115.64653015136719,50.752815246582031,41.15203857421875,0.65343058109283447,0.9135507345199585,18.306385040283203,0.086486130952835083,1.5369492769241333,0.00035947651485912502,0,0,0
71,397.71433711051941,1275.8474266246631,1181.8070481995674,-2.4148402648898265E-07,19.873381376266479,5.8972643461573084E-05,-0.53639262914657593,1.1190623044967651,1.0408598184585571,0.94915854930877686,1.2042206525802612,-5.2864789962768555,0,0,0,0,0,-10.661774635314941,3.6952259540557861,106.82530975341797,110.83946990966797,171.87435913085938,48.007331848144531,38.124340057373047,0.6802363395690918,0.86413192749023438,18.329013824462891,0.08639439195394516,1.5369492769241333,1.4702566204505274E-06,0,0,0
72,306.35736322402954,659.30019739529234,750.65645254138508,-2.4891481105025177E-07,19.873390942811966,5.9454046674734976E-05,-0.55238938331604004,0.59450024366378784,1.0403749942779541,0.73170357942581177,0.87397205829620361,-8.2555656433105469,0,0,1,0,0,-10.253738403320312,3.5993638038635254,97.162590026855469,94.541725158691406,106.18792724609375,47.252445220947266,38.345260620117188,0.65374916791915894,0.85054361820220947,18.369098663330078,0.086632847785949707,1.5369492769241333,0.0039948220364749432,0,0,0
73,374.01195669174194,1118.4262797575502,1050.7699808376492,-2.6758936201444789E-07,19.873410761356354,6.0451346166176271E-05,-0.65345442295074463,1.0261667966842651,1.1046066284179688,0.90508657693862915,0.83979010581970215,4.8008623123168945,0,0,0,0,0,-8.9924201965332031,3.6642236709594727,104.35124969482422,104.42375183105469,155.46237182617188,49.292728424072266,35.416248321533203,0.65674066543579102,0.88726931810379028,18.329401016235352,0.086643971502780914,1.5369492769241333,0.0016869293758645654,0,0,0
74,506.1385782957077,3088.0649211224663,2955.9355070742022,-2.9231863956496759E-07,19.873431533575058,6.1496636009085413E-05,-0.2502962052822113,1.7229732275009155,1.4198957681655884,1.0565961599349976,1.2031146287918091,10.393625259399414,0,0,0,1,1,-8.4002952575683594,3.7141349315643311,111.94446563720703,139.34365844726562,246.053955078125,52.000495910644531,33.283950805664062,0.69494068622589111,0.93600904941558838,18.242481231689453,0.086164548993110657,1.5369479656219482,5.6145023563658469E-07,0,0,0
75,305.01739609241486,951.43860988311644,1152.5579103316559,-3.1225021584201342E-07,19.873463869094849,6.3123808863542265E-05,0.29858049750328064,0.99468916654586792,1.0733339786529541,0.74066025018692017,0.9697573184967041,4.7575511932373047,0,0,0,0,0,-8.3168487548828125,3.6756589412689209,106.40603637695312,107.05606079101562,82.801445007324219,58.123691558837891,33.756397247314453,0.70975375175476074,1.0462268590927124,18.117483139038086,0.086069449782371521,1.5369479656219482,0.0086974948644638062,0,0,0
76,290.5200891494751,840.43166852359718,854.92812866083113,-3.1943841257782657E-07,19.87348747253418,6.4311570062371604E-05,0.064184784889221191,0.95691299438476562,1.5060017108917236,0.96951413154602051,0.88640207052230835,9.8561534881591797,0,0,0,0,1,-15.043661117553711,3.6292815208435059,99.731521606445312,94.449417114257812,88.724105834960938,62.495395660400391,35.399261474609375,0.69056159257888794,1.1249176263809204,18.058008193969727,0.086207084357738495,1.5369479656219482,0.00064625719096511602,0,0,0
77,404.69574320316315,1323.9349824947421,1209.75660474498,-3.4728574935736603E-07,19.873508125543594,6.535086111134727E-05,-4.6054463386535645,0.93581336736679077,0.89214944839477539,0.80695432424545288,0.9620058536529541,2.1507999897003174,0,1,0,0,0,-8.566136360168457,3.6990220546722412,108.42344665527344,116.89801025390625,170.63999938964844,45.402809143066406,39.505847930908203,0.51751613616943359,0.81725072860717773,18.538742065429688,0.084903068840503693,1.5369479656219482,9.9808310949356382E-08,0,0,0
78,370.95965969562531,1138.6014941540197,1172.3351450194605,-3.7160794192095004E-07,19.873520761728287,6.5986733268296304E-05,-0.13814455270767212,1.0315424203872681,0.99729812145233154,1.0133005380630493,1.0821254253387451,-0.15923500061035156,0,0,0,0,0,-15.151298522949219,3.6674923896789551,106.27964782714844,106.87876129150391,149.5570068359375,50.900394439697266,33.265079498291016,0.603293776512146,0.91620713472366333,18.354019165039062,0.084013104438781738,1.5369479656219482,0.0043068849481642246,0,0,0
79,415.0321192741394,1508.6703495886613,1464.5965218806232,-3.8107797957715459E-07,19.873531132936478,6.6508628340509202E-05,-4.5601382255554199,1.1328955888748169,0.95905971527099609,0.88934773206710815,0.96810925006866455,-0.45634078979492188,0,1,0,0,0,-8.8891448974609375,3.6986672878265381,108.75547027587891,117.03800964355469,180.5562744140625,41.088787078857422,35.446609497070312,0.49000626802444458,0.73959845304489136,18.643926620483398,0.083350777626037598,1.53694748878479,0.00012986076762899756,0,0,0
80,303.39395010471344,900.85517336684279,1012.4912998138316,-4.007999203679209E-07,19.873544543981552,6.7183492658025862E-05,0.54129612445831299,1.0562273263931274,0.80178248882293701,1.0656825304031372,0.94194602966308594,5.7654051780700684,0,0,0,0,0,-10.572432518005371,3.6818985939025879,106.28638458251953,109.82398986816406,78.928733825683594,53.481285095214844,28.45244026184082,0.64492267370223999,0.96266311407089233,18.265958786010742,0.084261715412139893,1.53694748878479,1.5168805589382828E-07,0,0,0
81,314.56380808353424,1107.4121715113142,1096.2397365736979,-4.2524066027444823E-07,19.873555958271027,6.7757877177156711E-05,-0.48300546407699585,1.1836311817169189,0.83263146877288818,0.9863923192024231,0.99723565578460693,1.5877959728240967,0,0,0,0,0,-4.088961124420166,3.6760294437408447,107.25385284423828,109.27006530761719,88.759414672851562,55.484989166259766,34.594490051269531,0.63075649738311768,0.99873000383377075,18.244070053100586,0.084162108600139618,1.53694748878479,0.0031212836038321257,0,0,0
82,226.01961576938629,591.11550292714674,679.65878248878289,-4.3276771515057773E-07,19.873578131198883,6.8873652848784272E-05,5.331139087677002,1.0463047027587891,0.81447774171829224,1.0113478899002075,1.1107227802276611,2.6415510177612305,1,0,0,0,0,-8.2401399612426758,3.2548990249633789,99.37615966796875,89.111656188964844,29.456350326538086,72.878990173339844,24.508153915405273,0.87738877534866333,1.3118216991424561,17.684368133544922,0.086058028042316437,1.53694748878479,8.1850393129911936E-09,0,0,0
83,254.81125640869141,666.54185977125599,637.75002620165469,-4.3168872771614853E-07,19.873601645231247,7.0056914952163494E-05,0.95321142673492432,0.78481179475784302,0.84783428907394409,1.0572720766067505,0.93579739332199097,-5.0785531997680664,0,0,0,0,0,-8.4215669631958008,1.701712965965271,95.150848388671875,82.389602661132812,70.417404174804688,66.7978515625,44.509952545166016,0.70220565795898438,1.2023611068725586,17.969034194946289,0.085930146276950836,1.53694748878479,1.5067518413514058E-11,0,0,0
84,365.84628868103027,922.91731021070154,811.88098041841295,-4.4173940898812503E-07,19.873615354299545,7.0746776254513864E-05,0.89896106719970703,0.82296454906463623,1.4933755397796631,0.93368273973464966,1.1216892004013062,-6.6456136703491211,0,0,0,0,1,-8.0423707962036133,2.8298368453979492,99.998443603515625,90.210296630859375,167.20755004882812,57.594749450683594,44.432098388671875,0.67444366216659546,1.0367051362991333,18.162466049194336,0.086462274193763733,1.53694748878479,0.0020984446164220572,0,0,0
85,446.04824829101562,2059.6673287752783,1979.4627368916263,-4.6056036891761112E-07,19.873639732599258,7.1973529613910829E-05,1.993746280670166,1.5222806930541992,0.86080002784729004,1.2000312805175781,1.1867775917053223,-2.8286168575286865,0,0,0,1,0,-7.849970817565918,3.7014117240905762,109.35026550292969,124.04515075683594,203.97946166992188,56.815635681152344,39.94244384765625,0.69057798385620117,1.0226809978485107,18.160381317138672,0.087682947516441345,1.5369471311569214,7.3457391636111424E-07,0,0,0
86,272.36131119728088,618.89919293155253,792.58449020037369,-4.7526456955615949E-07,19.873662054538727,7.3096803777955238E-05,1.7543115615844727,0.75707006454467773,0.85722362995147705,1.076851487159729,1.2319698333740234,2.3038196563720703,0,0,0,0,0,-8.8974008560180664,3.6719188690185547,104.71584320068359,103.31463623046875,55.623096466064453,62.976226806640625,34.880378723144531,0.70704281330108643,1.1335718631744385,18.033046722412109,0.087101466953754425,1.5369471311569214,3.0383503872577489E-12,0,0,0
87,261.55625736713409,657.65296299105103,668.45784667262342,-4.737298658688201E-07,19.873675107955933,7.3753671713671458E-05,0.89327681064605713,0.86985427141189575,0.89226102828979492,0.97858601808547974,1.1863138675689697,-0.47143071889877319,0,0,0,0,0,-8.061121940612793,2.4472348690032959,97.511306762695312,87.62249755859375,68.6461181640625,61.948219299316406,39.298595428466797,0.66611683368682861,1.1150678396224976,18.092491149902344,0.087315931916236877,1.5369471311569214,0.0022295247763395309,0,0,0
88,308.9973269701004,677.83670978341252,630.39568465630873,-4.6981864304804774E-07,19.873685777187347,7.4290563770718052E-05,1.7302262783050537,0.85224956274032593,0.88518655300140381,0.98665857315063477,1.1632968187332153,3.1223189830780029,0,0,0,0,0,-8.8449954986572266,2.648798942565918,97.173057556152344,85.115707397460938,118.972412109375,64.596733093261719,36.935279846191406,0.68239492177963257,1.16274094581604,18.028549194335938,0.087419413030147552,1.5369471311569214,6.1717395283267251E-07,0,0,0
89,453.36539733409882,2595.7269123477454,2451.355943674047,-4.8729381254017586E-07,19.873703211545944,7.5167887383489722E-05,0.67885643243789673,1.6874136924743652,0.85756134986877441,1.0839961767196655,1.3854247331619263,5.6876125335693359,0,0,0,1,0,-10.637348175048828,3.7099330425262451,111.779052734375,134.38041687011719,198.82498168945312,64.810951232910156,34.977371215820312,0.66642355918884277,1.1665970087051392,18.040681838989258,0.086799025535583496,1.5369468927383423,1.8734851447987921E-09,0,0,0
90,399.99896478652954,1300.1847964279877,1353.5484517999575,-5.0930945836568439E-07,19.87372025847435,7.6025714915977565E-05,-0.82843738794326782,1.093726634979248,0.84324485063552856,0.94159930944442749,1.2126070261001587,4.3458080291748047,0,0,0,0,0,-15.067578315734863,3.6971061229705811,108.38422393798828,116.01286315917969,167.57917785644531,57.231594085693359,38.436805725097656,0.56792891025543213,1.0301686525344849,18.275623321533203,0.086086086928844452,1.5369468927383423,0.0021524950861930847,0,0,0
91,443.36928343772888,1875.9587532685546,1832.5860012910416,-5.2420097911351761E-07,19.873733818531036,7.6708077725911087E-05,-4.4701933860778809,1.1572334766387939,0.83423793315887451,0.95703220367431641,1.0480612516403198,10.202362060546875,0,1,0,0,0,-10.075517654418945,3.7056961059570312,109.55553436279297,125.768798828125,199.46528625488281,43.187919616699219,34.253108978271484,0.45176050066947937,0.77738261222839355,18.644590377807617,0.084538929164409637,1.5369465351104736,9.5128439170366619E-07,0,0,0
92,415.93519330024719,1267.5331728600577,1294.9643224964966,-5.4684590389258804E-07,19.873741298913956,7.7084502045237057E-05,-1.0574158430099487,1.0875097513198853,0.86008274555206299,1.0482832193374634,1.145077109336853,-5.1595125198364258,0,0,0,0,0,-10.740808486938477,3.708303689956665,108.24582672119141,118.36724090576172,180.88468933105469,45.593074798583984,34.040927886962891,0.54630881547927856,0.82067519426345825,18.506757736206055,0.084708333015441895,1.5369465351104736,5.0815529561987205E-10,0,0,0
93,399.26463222503662,1439.0888249964919,1455.7567457927362,-5.6502463497703036E-07,19.873765140771866,7.8284260831933347E-05,-1.7627862691879272,1.1333398818969727,0.97977185249328613,1.1272643804550171,1.0161302089691162,-4.3607821464538574,0,0,0,0,0,-9.6509437561035156,3.6904928684234619,107.3721923828125,112.28794860839844,170.678955078125,45.617179870605469,35.554313659667969,0.53949820995330811,0.8211091160774231,18.513156890869141,0.084579356014728546,1.5369464159011841,0.0022847128566354513,0,0,0
94,394.12632572650909,1199.0199315172504,1204.1556726704584,-5.8332700988683156E-07,19.873785555362701,7.9311554293042048E-05,-0.82413071393966675,1.0521152019500732,0.86427921056747437,1.1681575775146484,1.0031776428222656,-12.585792541503906,0,0,0,0,0,-11.469502449035645,3.6681535243988037,105.15984344482422,106.25244903564453,173.87396240234375,46.186813354492188,37.2174072265625,0.57379841804504395,0.83136266469955444,18.468624114990234,0.085043787956237793,1.5369464159011841,1.7402071534888819E-05,0,0,0
95,388.92465198040009,1182.5920581466926,1187.7911577286432,-6.0138796681242312E-07,19.873801320791245,8.0104894790744975E-05,-1.4052211046218872,1.0277917385101318,0.99852824211120605,1.1922891139984131,1.0835064649581909,-4.0947327613830566,0,0,0,0,0,-10.109462738037109,3.6858901977539062,106.34719085693359,108.75661468505859,165.40022277832031,45.489604949951172,36.758152008056641,0.56497091054916382,0.81881272792816162,18.490016937255859,0.085237503051757812,1.5369464159011841,3.8418733472322941E-11,0,0,0
96,326.04486346244812,954.96249394728511,1017.840225281645,-6.1547221811804938E-07,19.873818606138229,8.0974719911099796E-05,-0.61704683303833008,1.0592054128646851,1.0207934379577637,1.0675978660583496,0.97027420997619629,-9.1037654876708984,0,0,0,0,0,-5.6885828971862793,3.618715763092041,104.24412536621094,104.43575286865234,107.79830932617188,47.3900146484375,36.340679168701172,0.58896768093109131,0.85302013158798218,18.431831359863281,0.085382834076881409,1.5369464159011841,0.0033290218561887741,0,0,0
97,275.12773013114929,620.16577231865085,671.08201362806722,-6.2029087026086723E-07,19.873841732740402,8.2138485934195204E-05,3.1640534400939941,1.1069036722183228,1.1528133153915405,1.1830452680587769,0.87298309803009033,-6.8878412246704102,1,0,0,0,0,-10.037857055664062,2.8715057373046875,99.282272338867188,90.938926696777344,77.232933044433594,64.651268005371094,29.378032684326172,0.73944437503814697,1.1637222766876221,17.970674514770508,0.085627660155296326,1.5369464159011841,0.00076887273462489247,0,0,0
98,401.98796200752258,1905.5236796906829,1778.6599566951481,-6.4170905663085824E-07,19.873863786458969,8.3248262811889276E-05,-0.51303184032440186,1.5080775022506714,1.0121201276779175,1.0698519945144653,1.134433388710022,-3.9537954330444336,0,0,0,1,0,-5.8590631484985352,3.6641707420349121,109.43979644775391,121.81690979003906,161.91703796386719,60.700027465820312,40.142288208007812,0.63209450244903564,1.0926002264022827,18.149169921875,0.0853738933801651,1.5369464159011841,4.7142884040951571E-10,0,0,0
99,273.42279124259949,669.7357868917461,798.29945268170559,-6.5162038577116947E-07,19.873883783817291,8.4254560494230791E-05,4.62548828125,0.96511292457580566,0.86697840690612793,1.0799874067306519,0.99635255336761475,5.3539943695068359,1,0,0,0,0,-9.813664436340332,3.6674814224243164,102.00922393798828,99.223655700683594,63.866287231445312,70.30108642578125,30.408527374267578,0.82295781373977661,1.2654194831848145,17.785507202148438,0.085754796862602234,1.5369464159011841,0.0013564999680966139,0,0,0
100,267.47029280662537,820.38787986493844,826.33896007042495,-6.597048398323744E-07,19.873899459838867,8.5043401896483614E-05,1.4607653617858887,0.8623422384262085,0.89767932891845703,1.0797021389007568,1.0963761806488037,7.1387462615966797,0,0,0,0,0,-9.6298923492431641,3.5449485778808594,99.830245971679688,95.692306518554688,63.813365936279297,64.29254150390625,40.739513397216797,0.70072722434997559,1.1572657823562622,18.015907287597656,0.086205549538135529,1.5369464159011841,0.000495809072162956,0,0,0
