phase,phase_day,world_year,world_day,caravan_x,caravan_y,distance_cells,action_count,nature_surface_water_delta,nature_live_delta,nature_compaction_delta,caravan_surface_water_delta,caravan_live_delta,caravan_dry_delta,caravan_compaction_delta,nearest_harvester_cells,harvester_movement_cells,water_m3,wet_biomass_kg,dry_biomass_kg,chitin_kg,water_error,nitrogen_error
thaw,1,3,66,18,29,0,2,0.0017471313,0.033649445,-4.642352E-07,-0.04499817,-0.41999817,-0.24000168,0,7.017597,23.20603895187378,2.8125,26.25,15,0,2.0665844225353497E-06,-7.11749787384784E-07
thaw,2,3,67,18,29,0,2,0.035888672,0.04076004,-4.6336208E-07,-0.04499817,-0.41999817,-0.24000168,0,5.5926857,22.80132821202278,5.625,52.5,30,0,2.066720203163858E-06,-7.112201254346597E-07
thaw,3,3,68,18,29,0,2,0.04601288,0.04862213,-4.6248897E-07,-0.04499817,-0.41999817,-0.24000168,0,7.3949046,24.329118870198727,8.4375,78.75,45,0,2.063745099931127E-06,-7.121930141538863E-07
thaw,4,3,69,18,29,0,2,0.044815063,0.057247162,-4.6158675E-07,-0.04499817,-0.41999817,-0.23999977,0,5.7242575,23.53847149014473,11.25,105,60,0,2.0616512865170948E-06,-7.122268087047686E-07
thaw,5,3,70,18,29,0,3,0.033966064,0.0666275,-4.6080095E-07,-0.04499817,-0.41999817,-0.23999977,0,3.2681255,23.18782663345337,14.062501,131.25,68.12499,0,2.0593475303674803E-06,-7.141086061231609E-07
thaw,6,3,71,18,29,0,2,0.045143127,0.07675934,-4.5992783E-07,-0.01499939,-0.41999817,-0.23999977,0,4.4776325,21.025314271450043,15,157.5,83.12499,0,2.0556896425404028E-06,-7.153867232989245E-07
thaw,7,3,72,18,29,0,1,0.017684937,0.08763504,-4.5911293E-07,0,-0.41999817,-0.23999977,0,5.7641487,22.736190244555473,15,183.75,98.12499,0,2.0530211489669E-06,-7.194116907553111E-07
thaw,8,3,73,18,29,0,1,0.005065918,0.099121094,-4.5829802E-07,0,-0.41999817,-0.23999977,0,5.8737817,21.125519320368767,15,210.00002,113.125,0,2.047023646811761E-06,-7.255965746716747E-07
thaw,9,3,74,18,29,0,1,-7.6293945E-06,0.11048126,-4.5751221E-07,0,-0.41999817,-0.23999977,0,5.730216,22.44222727417946,15,236.25002,128.125,0,2.045715541900183E-06,-7.303258512492853E-07
thaw,10,3,75,18,29,0,2,-0.0104599,0.122341156,-4.566973E-07,0,-0.41999817,-0.23999977,0,7.004831,23.37677415460348,15,262.50003,136.25,0,2.0450075534939147E-06,-7.30752040237834E-07
thaw,11,3,76,18,29,0,1,0.0058517456,0.13466263,-4.559406E-07,0,-0.41999817,-0.23999977,0,5.872783,23.535276852548122,15,288.75003,151.25,0,2.0465720288213774E-06,-7.343309607068409E-07
thaw,12,3,77,18,29,0,1,-0.0025177002,0.14740372,-4.55213E-07,0,-0.41999817,-0.23999977,0,5.7670507,25.291628628969193,15,315.00003,166.25,0,2.0464714073603816E-06,-7.387785431792414E-07
thaw,13,3,78,18,29,0,1,-0.014434814,0.16052628,-4.544563E-07,0,-0.41999817,-0.23999977,0,6.308972,21.09267483651638,15,341.25003,181.25,0,2.0474125853028273E-06,-7.434374447417304E-07
thaw,14,3,79,18,29,0,1,-0.002960205,0.17397308,-4.5375782E-07,0,-0.41999817,-0.23999977,0,5.9246483,23.226293176412582,15,367.50003,196.25,0,2.045628913074861E-06,-7.48284142188663E-07
growth,1,3,176,19,30,5,2,0,0.15512848,-0.0001014173,0,-0.41999817,-0.23999977,0.0165,7.425141,19.566672906279564,0,26.25,15,0,2.3826359960795457E-06,-9.26990170769287E-07
growth,2,3,177,18,29,1.4142135,3,0,0.05714798,-1.1265278E-05,-0.04499817,-0.41999817,-0.23999977,0.007535534,5.9570208,15.045436605811119,2.8125,52.5,30,0,2.387478190298974E-06,-9.332454871125537E-07
growth,3,3,178,18,29,0,2,-0.59197235,0.104660034,-8.649193E-06,-0.04499817,-0.41999817,-0.23999977,0,3.7155023,18.522999718785286,5.625,78.75,45,0,2.3929956120746134E-06,-9.353687776515538E-07
growth,4,3,179,18,29,0,2,-0.49951935,0.10875702,-8.634292E-06,-0.04499817,-0.41999817,-0.23999977,0,6.258021,21.71355614066124,8.4375,105,60,0,2.397791174096165E-06,-9.384781285308673E-07
growth,5,3,180,18,29,0,3,-0.45389175,0.11326599,-8.61939E-06,-0.04499817,-0.41999817,-0.23999977,0,6.880608,20.61695908010006,11.25,131.25,68.12499,0,2.402832643980744E-06,-9.413929333431808E-07
growth,6,3,181,18,29,0,2,-0.47885132,0.11819458,-8.603558E-06,-0.04499817,-0.41999817,-0.23999977,0,5.391249,21.145838513970375,14.062501,157.5,83.12499,0,2.4081517014971987E-06,-9.47131770482956E-07
growth,7,3,182,18,29,0,2,-0.56118774,0.123550415,-8.589588E-06,-0.01499939,-0.41999817,-0.23999977,0,6.235326,21.153106316924095,15,183.75,98.12499,0,2.415100524614686E-06,-9.472360658716324E-07
growth,8,3,183,18,29,0,1,-0.6090889,0.12932587,-8.574687E-06,0,-0.41999817,-0.23999977,0,3.913358,21.426113054156303,15,210.00002,113.125,0,2.4168285430455668E-06,-9.506741453615779E-07
growth,9,3,184,18,29,0,1,-0.604599,0.1355362,-8.560717E-06,0,-0.41999817,-0.23999977,0,6.332935,21.56339955329895,15,236.25002,128.125,0,2.4223773966511075E-06,-9.53149653385664E-07
growth,10,3,185,18,29,0,2,-0.56855774,0.1421814,-8.545816E-06,0,-0.41999817,-0.23999977,0,5.751085,23.30649983882904,15,262.50003,136.25,0,2.4279475779058503E-06,-9.562757877158284E-07
growth,11,3,186,18,29,0,1,-0.527771,0.14925385,-8.530915E-06,0,-0.41999817,-0.23999977,0,6.95846,24.719746813178062,15,288.75003,151.25,0,2.43298238725046E-06,-9.540088706026121E-07
growth,12,3,187,18,29,0,1,-0.4771614,0.15675354,-8.516014E-06,0,-0.41999817,-0.23999977,0,6.042755,20.816081292927265,15,315.00003,166.25,0,2.4377131263971347E-06,-9.492064224606454E-07
growth,13,3,188,18,29,0,1,-0.43218994,0.16468811,-8.502044E-06,0,-0.41999817,-0.23999977,0,6.441791,20.542498663067818,15,341.25003,181.25,0,2.443671859368994E-06,-9.464465153577761E-07
growth,14,3,189,18,29,0,1,-0.54343796,0.1730423,-8.489005E-06,0,-0.41999817,-0.23999977,0,5.137831,24.006321247667074,15,367.50003,196.25,0,2.448807299931194E-06,-9.436631309034639E-07
dry,1,3,261,12,12,0,2,0,0.299263,-7.5083226E-06,0,-0.41999817,-0.23999977,0,4.0197496,17.36479938775301,0,26.25,15,12,2.8691294603867264E-06,-1.008362565820798E-06
dry,2,3,262,12,12,0,2,0,0.26353455,-7.495284E-06,0,-0.41999817,-0.23999977,0,3.421838,17.41707293689251,0,52.5,30,20.858505,2.875877889233703E-06,-1.0078797439435725E-06
dry,3,3,263,14,17,5.3851647,2,0,0.23532486,-7.4878335E-06,0,-0.42000008,-0.112601995,0.017462913,6.5684156,16.205041967332363,0,78.75,37.037624,20.858505,2.882991766251018E-06,-1.006845571076104E-06
dry,4,3,264,15,19,2.236068,3,0,0.23457336,-3.4302473E-05,0,-0.41999817,-0.111517906,0.009590169,7.6245737,18.072441577911377,0,105,44.007496,32.858505,2.889901412158539E-06,-1.0051262790317424E-06
dry,5,3,265,15,19,0,3,0,0.20136642,-2.0965934E-05,0,-0.41999817,0,0,8.377716,16.73463986814022,0,131.25,38.726593,44.858505,2.8952733742892412E-06,-1.003415705252984E-06
dry,6,3,266,15,19,0,2,0,0.1848793,-2.0936131E-05,0,-0.41999817,0,0,8.347378,14.021651171147823,0,157.5,38.726593,50.31355,2.9021451281544674E-06,-1.0026967915743202E-06
dry,7,3,267,11,15,5.656854,3,0,0.16892624,-2.0895153E-05,0,-0.41999817,-0.0128138065,0.018142138,2.050735,17.10647712647915,0,183.75,39.52746,62.31355,2.9089428193859046E-06,-1.000179143559785E-06
dry,8,3,268,11,15,0,2,0,-0.6919327,0.00015429407,0,-0.41999817,0,0,2.6543605,17.000113651156425,0,210.00002,39.52746,72.59145,2.910467967358614E-06,-9.984507610368706E-07
dry,9,3,269,16,15,5,3,0,0.1481514,-3.5945326E-05,0,-0.41999817,0,0.0165,0.5405263,16.81409525871277,0,236.25002,39.52746,84.59145,2.9177856967111037E-06,-9.992813984843266E-07
dry,10,3,270,17,15,1,4,0,-0.45757675,9.5546246E-05,0,-0.41999817,0,0.006500002,1.8010749,17.913449987769127,0,262.50003,34.78416,91.83163,2.9235557651613325E-06,-9.984318792097016E-07
dry,11,3,271,15,14,2.236068,3,0,-1.2439613,0.00026664138,0,-0.41999817,0,0.009590169,2.4601436,12.354107677936554,0,288.75003,34.78416,103.83163,2.9301678501232856E-06,-9.990043230297563E-07
dry,12,3,272,15,14,0,2,0,0.09247589,-2.6136637E-05,0,-0.41999817,0,0,4.06214,15.638754919171333,0,315.00003,34.78416,113.86364,2.9368532416988834E-06,-1.0022532019311447E-06
dry,13,3,273,14,10,4.1231055,3,0,0.08333588,-2.6077032E-05,0,-0.41999817,-0.23999977,0.014307763,6.8152523,15.86969068646431,0,341.25003,49.78416,125.86364,2.9424852066505324E-06,-1.0036016707511708E-06
dry,14,3,274,14,10,0,2,0,0.0621109,-1.2516975E-05,0,-0.41999817,-0.23999977,0,7.542187,12.22568990290165,0,367.50003,64.78416,134.33786,2.949296937731883E-06,-1.0054431753821696E-06
