year,season,hours,hibernation_hours,distance_km,water_scarcity_hours,organic_scarcity_hours,thermal_scarcity_hours,water_min,water_mean,water_max,organic_min,organic_mean,organic_max,electricity_min,electricity_mean,electricity_max,heat_min,heat_mean,heat_max,body_temperature_min,body_temperature_mean,body_temperature_max,total_mass_min,total_mass_mean,total_mass_max,activities,actions
1,Winter,2160,0,372.455501,0,0,0,1539.417725,3017.705078,3707.091553,368.42337,1703.877686,2917.122803,177.995941,273.878601,279.111755,0,0.10269,2.655817,17.999996,17.999998,18,20573.013672,23933.251953,25705.214844,"Travel:451|CollectWater:2|HarvestDryBiomass:221|DryOrganicMatter:33|CollectChitin:13","harvest live biomass:17|harvest dry biomass:237|burn dry organic matter:720|power intake and harvest:608|heat caravan:720|reject heat:720|maintain caravan water circuit:720|maintain living structure:720|maintain electrical systems:720|move:384|movement water loss:384|movement organic maintenance:384|grow Парус:240|grow Солнечный лист:247|grow Резервуар:240|grow Органическое хранилище:364|grow Каркас:245|capture dust:560|generate solar electricity:275|withdraw surface water:22|grow Сборщик сухой массы:124|grow Биореактор / топка:124|grow Сушильный орган:7|grow Охлаждающий орган:7|grow Ростовая ткань:5|collect chitin:9|spoil wet organic matter:61|atrophy Снегосборник:248"
1,Spring,2208,0,739.902861,0,0,0,1545.24231,2483.834717,3697.293945,1595.511719,1721.806763,1871.78186,233.050583,273.498535,279.108673,0,0.380264,5.697554,18,18,18,22467.433594,23609.623047,24753.681641,"Travel:267|CollectWater:16|HarvestDryBiomass:250|DryOrganicMatter:194|CollectChitin:9","burn dry organic matter:736|heat caravan:506|reject heat:736|spoil wet organic matter:736|maintain caravan water circuit:736|maintain living structure:736|maintain electrical systems:736|move:457|movement water loss:457|movement organic maintenance:457|capture dust:388|power intake and harvest:488|harvest dry biomass:165|generate solar electricity:398|grow Сборщик сухой массы:155|grow Органическое хранилище:271|grow Биореактор / топка:155|grow Парус:116|grow Солнечный лист:183|grow Резервуар:122|grow Каркас:119|grow Сушильный орган:67|grow Охлаждающий орган:67|grow Ростовая ткань:3|collect chitin:6|withdraw surface water:18|grow Водозабор:6|grow Снегосборник:6|grow Тепловой орган:6|harvest live biomass:7|atrophy Снегосборник:478|atrophy Сушильный орган:340|atrophy Тепловой орган:478"
1,Summer,2208,0,805.307552,0,0,0,1573.189819,2453.18457,3449.497559,1647.105103,1792.095581,1946.752686,208.515289,272.739624,279.10965,0,0.418461,7.935329,18,18.380436,24.595673,22825.111328,23967.056641,25145.273438,"Travel:230|CollectWater:18|HarvestDryBiomass:253|DryOrganicMatter:220|CollectChitin:15","capture dust:298|burn dry organic matter:736|power intake and harvest:434|reject heat:736|spoil wet organic matter:736|maintain caravan water circuit:736|maintain living structure:736|maintain electrical systems:736|move:467|movement water loss:467|movement organic maintenance:467|grow Парус:83|grow Солнечный лист:146|grow Резервуар:85|grow Органическое хранилище:223|grow Каркас:89|atrophy Снегосборник:718|atrophy Сушильный орган:516|atrophy Тепловой орган:718|generate solar electricity:435|harvest dry biomass:177|grow Сборщик сухой массы:140|grow Биореактор / топка:140|grow Сушильный орган:63|grow Охлаждающий орган:63|harvest live biomass:14|withdraw surface water:19|grow Водозабор:2|grow Снегосборник:2|grow Тепловой орган:2|grow Ростовая ткань:6|collect chitin:8|heat caravan:30"
1,Autumn,2184,78,400.270978,0,0,183,1519.608643,2434.290283,3451.699951,1658.641602,1813.513062,2053.652832,0,211.830963,279.108582,0,0.251607,9.330704,7.292275,17.382935,18.000004,23266.607422,24360.855469,25416.925781,"Hibernate:26|Travel:140|CollectWater:20|HarvestDryBiomass:102|DryOrganicMatter:437|CollectChitin:3","capture dust:201|burn dry organic matter:325|power intake and harvest:254|reject heat:389|spoil wet organic matter:557|maintain caravan water circuit:702|maintain living structure:702|maintain electrical systems:662|atrophy Снегосборник:682|atrophy Сушильный орган:136|atrophy Тепловой орган:228|heat caravan:656|generate solar electricity:304|move:278|movement water loss:278|movement organic maintenance:278|harvest dry biomass:76|grow Сборщик сухой массы:53|grow Органическое хранилище:94|grow Биореактор / топка:53|grow Солнечный лист:53|grow Сушильный орган:12|grow Охлаждающий орган:12|grow Парус:41|grow Резервуар:44|grow Каркас:41|grow Водозабор:3|grow Снегосборник:3|grow Тепловой орган:3|withdraw surface water:18|harvest live biomass:7|collect chitin:2|enter hibernation:2|hibernate:26|leave hibernation:2|dry wet organic matter:1"
2,Winter,2160,0,570.06441,0,0,0,1640.865479,3169.858154,3987.397949,1763.276001,2033.831665,2353.50415,250.340118,274.712158,279.102295,0,0.19584,3.597178,17.999996,17.999996,17.999996,23914.236328,25983.074219,27947.927734,"Travel:420|CollectWater:4|HarvestDryBiomass:250|DryOrganicMatter:36|CollectChitin:10","harvest dry biomass:241|capture dust:480|burn dry organic matter:720|power intake and harvest:567|heat caravan:720|reject heat:720|maintain caravan water circuit:720|maintain living structure:720|maintain electrical systems:720|move:383|movement water loss:383|movement organic maintenance:383|atrophy Снегосборник:716|grow Сборщик сухой массы:129|grow Органическое хранилище:250|grow Биореактор / топка:129|grow Парус:121|grow Солнечный лист:128|grow Резервуар:121|grow Каркас:123|generate solar electricity:278|withdraw surface water:20|grow Ростовая ткань:2|collect chitin:6|harvest live biomass:1|grow Сушильный орган:7|grow Охлаждающий орган:7|spoil wet organic matter:122|atrophy Сушильный орган:358"
2,Spring,2208,0,728.826698,0,0,0,1628.706299,2663.376953,3834.116455,1856.309937,1985.012939,2140.963623,235.760925,272.227142,278.80542,0,0.449373,6.013943,17.999996,17.999996,17.999996,23919.837891,25230.898438,26374.544922,"Travel:283|CollectWater:12|HarvestDryBiomass:228|DryOrganicMatter:204|CollectChitin:9","burn dry organic matter:736|heat caravan:480|reject heat:736|spoil wet organic matter:736|maintain caravan water circuit:736|maintain living structure:736|maintain electrical systems:736|atrophy Снегосборник:724|atrophy Сушильный орган:532|harvest dry biomass:142|power intake and harvest:434|move:451|movement water loss:451|movement organic maintenance:451|generate solar electricity:391|grow Сборщик сухой массы:138|grow Органическое хранилище:220|grow Биореактор / топка:138|grow Парус:82|grow Солнечный лист:144|grow Резервуар:82|grow Каркас:86|capture dust:348|grow Сушильный орган:62|grow Охлаждающий орган:62|withdraw surface water:19|grow Ростовая ткань:4|collect chitin:6|harvest live biomass:9|atrophy Тепловой орган:216"
2,Summer,2208,0,814.026566,0,0,0,1649.786987,2571.474365,3825.882568,1909.265747,2065.480957,2213.161377,235.483078,271.961884,279.05722,0,0.493574,5.956305,17.999996,17.999996,17.999996,24451.535156,25568.224609,27021.263672,"Travel:263|CollectWater:16|HarvestDryBiomass:219|DryOrganicMatter:231|CollectChitin:7","capture dust:358|burn dry organic matter:736|power intake and harvest:454|reject heat:736|spoil wet organic matter:736|maintain caravan water circuit:736|maintain living structure:736|maintain electrical systems:736|move:460|movement water loss:460|movement organic maintenance:460|atrophy Снегосборник:720|atrophy Сушильный орган:505|atrophy Тепловой орган:720|generate solar electricity:437|harvest dry biomass:144|grow Сборщик сухой массы:127|grow Органическое хранилище:221|grow Биореактор / топка:127|grow Солнечный лист:166|grow Сушильный орган:72|grow Охлаждающий орган:72|grow Парус:94|grow Резервуар:98|grow Каркас:98|collect chitin:5|grow Ростовая ткань:4|harvest live biomass:15|withdraw surface water:19|grow Водозабор:4|grow Снегосборник:4|grow Тепловой орган:4|heat caravan:20"
2,Autumn,2184,0,834.221515,0,0,0,1701.822754,2883.32373,3942.686523,1898.45752,2175.344727,2400.24707,105.730385,263.781464,279.097717,0,0.499832,6.405025,17.999996,17.999996,17.999996,25042.431641,26364.076172,27468.615234,"Travel:330|CollectWater:4|HarvestDryBiomass:188|DryOrganicMatter:195|CollectChitin:11","capture dust:330|burn dry organic matter:669|power intake and harvest:421|reject heat:669|spoil wet organic matter:613|maintain caravan water circuit:728|maintain living structure:728|maintain electrical systems:728|atrophy Снегосборник:724|atrophy Сушильный орган:533|atrophy Тепловой орган:492|heat caravan:705|move:400|movement water loss:400|movement organic maintenance:400|harvest dry biomass:119|generate solar electricity:325|grow Сборщик сухой массы:110|grow Органическое хранилище:227|grow Биореактор / топка:110|grow Солнечный лист:149|grow Сушильный орган:32|grow Охлаждающий орган:32|grow Парус:117|grow Резервуар:117|grow Каркас:120|withdraw surface water:17|harvest live biomass:6|grow Ростовая ткань:3|collect chitin:8"
3,Winter,2160,0,570.439751,0,0,0,1732.246094,3097.535156,4151.82373,2172.937744,2371.726563,2611.593262,245.440689,276.099213,279.104675,0,0.275788,4.828955,17.999996,17.999996,17.999996,25575.626953,27452.675781,29390.458984,"Travel:455|CollectWater:8|HarvestDryBiomass:211|DryOrganicMatter:44|CollectChitin:2","capture dust:492|burn dry organic matter:720|power intake and harvest:559|heat caravan:720|reject heat:720|maintain caravan water circuit:720|maintain living structure:720|maintain electrical systems:720|atrophy Снегосборник:712|atrophy Сушильный орган:676|move:388|movement water loss:388|movement organic maintenance:388|harvest dry biomass:197|generate solar electricity:268|grow Сборщик сухой массы:107|grow Органическое хранилище:261|grow Биореактор / топка:107|grow Парус:154|grow Солнечный лист:166|grow Резервуар:155|grow Каркас:167|withdraw surface water:18|spoil wet organic matter:328|grow Сушильный орган:12|grow Охлаждающий орган:12|atrophy Жатка живой массы:226|grow Водозабор:1|grow Снегосборник:1|grow Тепловой орган:1|collect chitin:2|grow Ростовая ткань:1"
3,Spring,2208,0,810.972028,0,0,0,1749.874512,2844.787842,4050.241943,2189.901367,2332.332031,2480.250732,231.50412,272.366608,279.104736,0,0.518397,6.865143,17.999996,17.999996,17.999996,25724.066406,27064.775391,28514.009766,"Travel:303|CollectWater:10|HarvestDryBiomass:198|DryOrganicMatter:206|CollectChitin:19","burn dry organic matter:736|heat caravan:388|reject heat:736|spoil wet organic matter:736|maintain caravan water circuit:736|maintain living structure:736|maintain electrical systems:736|grow Парус:104|grow Солнечный лист:169|grow Резервуар:106|grow Органическое хранилище:221|grow Каркас:109|atrophy Снегосборник:726|atrophy Жатка живой массы:13|atrophy Сушильный орган:530|generate solar electricity:395|move:442|movement water loss:442|movement organic maintenance:442|capture dust:408|power intake and harvest:478|harvest dry biomass:122|grow Сборщик сухой массы:117|grow Биореактор / топка:117|harvest live biomass:12|withdraw surface water:20|grow Сушильный орган:65|grow Охлаждающий орган:65|collect chitin:10|grow Ростовая ткань:5|grow Водозабор:2|grow Снегосборник:2|grow Тепловой орган:2|atrophy Тепловой орган:250"
3,Summer,2208,0,926.246678,0,0,0,1770.251831,2647.984375,3509.50708,2250.986572,2408.485107,2565.955322,230.950211,271.199707,279.10376,0,0.588845,5.911093,17.999996,17.999996,17.999996,26109.802734,27229.832031,28425.099609,"Travel:272|CollectWater:18|HarvestDryBiomass:192|DryOrganicMatter:246|CollectChitin:8","capture dust:321|burn dry organic matter:736|power intake and harvest:417|reject heat:736|spoil wet organic matter:736|maintain caravan water circuit:736|maintain living structure:736|maintain electrical systems:736|atrophy Снегосборник:718|atrophy Сушильный орган:490|atrophy Тепловой орган:718|generate solar electricity:435|move:474|movement water loss:474|movement organic maintenance:474|harvest live biomass:17|harvest dry biomass:136|grow Сборщик сухой массы:109|grow Органическое хранилище:210|grow Биореактор / топка:109|grow Солнечный лист:178|grow Сушильный орган:77|grow Охлаждающий орган:77|grow Парус:101|grow Резервуар:105|grow Каркас:105|withdraw surface water:21|grow Водозабор:4|grow Снегосборник:4|grow Тепловой орган:4|collect chitin:6|grow Ростовая ткань:4|heat caravan:33"
3,Autumn,2184,0,721.823503,0,0,0,1804.638306,2786.186035,4155.236816,2351.759766,2502.279785,2626.69043,225.1548,272.713226,279.101593,0,0.454116,6.480473,17.999996,17.999996,17.999996,26650.992188,27823.835938,28984.279297,"Travel:392|CollectWater:12|HarvestDryBiomass:196|DryOrganicMatter:121|CollectChitin:7","capture dust:383|burn dry organic matter:728|power intake and harvest:460|heat caravan:722|reject heat:728|spoil wet organic matter:592|maintain caravan water circuit:728|maintain living structure:728|maintain electrical systems:728|atrophy Снегосборник:716|atrophy Сушильный орган:607|atrophy Тепловой орган:420|move:403|movement water loss:403|movement organic maintenance:403|harvest dry biomass:125|grow Сборщик сухой массы:108|grow Органическое хранилище:243|grow Биореактор / топка:108|generate solar electricity:319|grow Солнечный лист:172|grow Сушильный орган:37|grow Охлаждающий орган:37|grow Парус:135|grow Резервуар:137|grow Каркас:153|grow Ростовая ткань:5|collect chitin:4|harvest live biomass:4|withdraw surface water:17|grow Водозабор:2|grow Снегосборник:2|grow Тепловой орган:2"
4,Winter,2160,0,519.796241,0,0,0,1838.944336,2733.926758,3731.56665,2456.515381,2668.591309,2939.990967,240.469482,275.375854,279.101624,0,0.29475,5.255821,17.999996,17.999998,18.000004,27293.921875,28612.511719,30318.787109,"Travel:456|CollectWater:14|HarvestDryBiomass:187|DryOrganicMatter:50|CollectChitin:13","capture dust:489|burn dry organic matter:720|power intake and harvest:533|heat caravan:720|reject heat:720|spoil wet organic matter:544|maintain caravan water circuit:720|maintain living structure:720|maintain electrical systems:720|atrophy Снегосборник:706|atrophy Сушильный орган:670|harvest dry biomass:135|generate solar electricity:270|move:345|movement water loss:345|movement organic maintenance:345|grow Сборщик сухой массы:99|grow Органическое хранилище:244|grow Биореактор / топка:99|grow Парус:145|grow Солнечный лист:158|grow Резервуар:149|grow Каркас:182|collect chitin:7|grow Ростовая ткань:8|harvest live biomass:4|withdraw surface water:14|grow Водозабор:4|grow Снегосборник:4|grow Тепловой орган:4|grow Сушильный орган:13|grow Охлаждающий орган:13"
4,Spring,2208,0,719.09663,0,0,0,1861.609253,2784.449707,3809.130615,2517.686035,2648.845459,2788.470459,211.337585,271.494812,279.101135,0,0.492098,7.510815,17.999996,18.103292,21.635288,27356.759766,28509.845703,29576.695313,"Travel:351|CollectWater:18|HarvestDryBiomass:173|DryOrganicMatter:189|CollectChitin:5","capture dust:429|burn dry organic matter:736|power intake and harvest:478|heat caravan:259|reject heat:736|spoil wet organic matter:736|maintain caravan water circuit:736|maintain living structure:736|maintain electrical systems:736|atrophy Снегосборник:718|atrophy Сушильный орган:547|generate solar electricity:395|move:432|movement water loss:432|movement organic maintenance:432|harvest dry biomass:101|grow Сборщик сухой массы:99|grow Органическое хранилище:200|grow Биореактор / топка:99|grow Парус:101|grow Солнечный лист:176|grow Резервуар:107|grow Каркас:166|withdraw surface water:19|grow Сушильный орган:75|grow Охлаждающий орган:75|collect chitin:4|harvest live biomass:17|grow Водозабор:6|grow Снегосборник:6|grow Тепловой орган:6|atrophy Тепловой орган:323"
4,Summer,2208,0,835.899674,0,0,0,1868.759521,2857.226563,4357.322266,2547.205078,2701.270264,2853.509766,219.71373,270.570404,279.101349,0,0.584681,7.176525,18.000004,19.951052,23.845594,27643.664063,28900.089844,30531.083984,"Travel:306|CollectWater:17|HarvestDryBiomass:155|DryOrganicMatter:246|CollectChitin:12","harvest live biomass:24|capture dust:313|collect chitin:8|burn dry organic matter:736|power intake and harvest:420|reject heat:736|spoil wet organic matter:736|maintain caravan water circuit:736|maintain living structure:736|maintain electrical systems:736|move:451|movement water loss:451|movement organic maintenance:451|atrophy Снегосборник:719|atrophy Сушильный орган:490|atrophy Тепловой орган:719|harvest dry biomass:139|grow Сборщик сухой массы:92|grow Органическое хранилище:224|grow Биореактор / топка:92|generate solar electricity:433|grow Парус:132|grow Солнечный лист:212|grow Резервуар:136|grow Каркас:214|grow Сушильный орган:80|grow Охлаждающий орган:80|withdraw surface water:23|grow Ростовая ткань:9|grow Водозабор:4|grow Снегосборник:4|grow Тепловой орган:4"
4,Autumn,2184,0,653.909897,0,0,0,1907.270264,2901.580078,4154.648438,2618.652344,2775.693115,2916.531982,237.267395,273.94696,279.102356,0,0.408423,6.153797,18.000004,18.000004,18.000004,28047.802734,29291.257813,30455.720703,"Travel:453|CollectWater:14|HarvestDryBiomass:157|DryOrganicMatter:93|CollectChitin:11","capture dust:456|burn dry organic matter:728|power intake and harvest:518|reject heat:728|spoil wet organic matter:728|maintain caravan water circuit:728|maintain living structure:728|maintain electrical systems:728|grow Парус:205|grow Солнечный лист:213|grow Резервуар:208|grow Органическое хранилище:295|grow Каркас:263|atrophy Снегосборник:714|atrophy Сушильный орган:635|atrophy Тепловой орган:537|generate solar electricity:324|move:400|movement water loss:400|movement organic maintenance:400|harvest dry biomass:94|grow Сборщик сухой массы:90|grow Биореактор / топка:90|harvest live biomass:7|withdraw surface water:19|grow Сушильный орган:8|grow Охлаждающий орган:8|heat caravan:581|collect chitin:7|grow Водозабор:3|grow Снегосборник:3|grow Тепловой орган:3|grow Ростовая ткань:6"
5,Winter,2160,0,460.521883,0,0,0,1947.130127,3519.693115,4688.053711,2747.521973,2939.158691,3159.87915,234.915329,276.209259,279.102112,0,0.24296,6.982197,18.000004,18.000004,18.000004,28611.496094,30763.771484,32779.769531,"Travel:514|CollectWater:8|HarvestDryBiomass:166|DryOrganicMatter:28|CollectChitin:4","burn dry organic matter:720|heat caravan:720|reject heat:720|maintain caravan water circuit:720|maintain living structure:720|maintain electrical systems:720|move:318|movement water loss:318|movement organic maintenance:318|grow Парус:185|grow Солнечный лист:186|grow Резервуар:186|grow Органическое хранилище:271|grow Каркас:258|atrophy Снегосборник:712|atrophy Сушильный орган:692|capture dust:430|power intake and harvest:506|grow Водозабор:1|grow Снегосборник:1|grow Тепловой орган:1|withdraw surface water:21|spoil wet organic matter:450|generate solar electricity:265|harvest dry biomass:154|grow Сборщик сухой массы:86|grow Биореактор / топка:86|grow Сушильный орган:1|grow Охлаждающий орган:1|collect chitin:2|grow Ростовая ткань:2|harvest live biomass:1"
5,Spring,2208,0,667.2846,0,0,0,1967.14856,3140.127441,4376.824707,2721.555908,2869.862305,3024.213135,215.83287,273.803131,279.102051,0,0.432926,8.472889,18.000004,18.000004,18.000004,28729.322266,30102.861328,31163.71875,"Travel:352|CollectWater:8|HarvestDryBiomass:156|DryOrganicMatter:205|CollectChitin:15","burn dry organic matter:736|heat caravan:317|reject heat:736|spoil wet organic matter:736|maintain caravan water circuit:736|maintain living structure:736|maintain electrical systems:736|atrophy Снегосборник:728|atrophy Сушильный орган:531|generate solar electricity:384|move:434|movement water loss:434|movement organic maintenance:434|harvest dry biomass:98|power intake and harvest:419|grow Сборщик сухой массы:92|grow Органическое хранилище:301|grow Биореактор / топка:92|grow Каркас:293|grow Парус:209|grow Солнечный лист:230|grow Резервуар:213|capture dust:343|withdraw surface water:16|harvest live biomass:16|grow Сушильный орган:21|grow Охлаждающий орган:21|grow Ростовая ткань:13|collect chitin:8|grow Водозабор:4|grow Снегосборник:4|grow Тепловой орган:4|atrophy Тепловой орган:82"
5,Summer,2208,0,752.246468,0,0,0,1973.412476,2933.660889,3843.862549,2766.274658,2938.242676,3096.836426,222.833008,272.554108,279.072601,0,0.512701,7.216099,18.000004,18.000004,18.000004,28998.59375,30239.677734,31339.902344,"Travel:264|CollectWater:20|HarvestDryBiomass:159|DryOrganicMatter:283|CollectChitin:10","capture dust:314|burn dry organic matter:736|power intake and harvest:423|reject heat:736|spoil wet organic matter:736|maintain caravan water circuit:736|maintain living structure:736|maintain electrical systems:736|move:450|movement water loss:450|movement organic maintenance:450|grow Парус:249|grow Солнечный лист:254|grow Резервуар:251|grow Органическое хранилище:341|grow Каркас:312|atrophy Снегосборник:716|atrophy Сушильный орган:453|atrophy Тепловой орган:716|generate solar electricity:436|withdraw surface water:19|harvest dry biomass:121|grow Сборщик сухой массы:92|grow Биореактор / топка:92|harvest live biomass:18|grow Ростовая ткань:10|collect chitin:6|grow Сушильный орган:5|grow Охлаждающий орган:5|grow Водозабор:2|grow Снегосборник:2|grow Тепловой орган:2|heat caravan:99"
5,Autumn,2184,0,681.382335,0,0,0,2034.808228,2905.777832,3944.823486,2868.920654,3030.436279,3162.966309,230.156982,273.225861,279.094452,0,0.449347,7.696255,18.000004,18.000004,18.000004,29471.273438,30675.896484,31904.628906,"Travel:427|CollectWater:13|HarvestDryBiomass:139|DryOrganicMatter:138|CollectChitin:11","burn dry organic matter:728|heat caravan:728|reject heat:728|spoil wet organic matter:541|maintain caravan water circuit:728|maintain living structure:728|maintain electrical systems:728|move:410|movement water loss:410|movement organic maintenance:410|grow Парус:206|grow Солнечный лист:208|grow Резервуар:210|grow Органическое хранилище:295|grow Каркас:268|atrophy Снегосборник:715|atrophy Сушильный орган:590|atrophy Тепловой орган:256|generate solar electricity:321|harvest dry biomass:103|power intake and harvest:383|grow Сборщик сухой массы:89|grow Биореактор / топка:89|capture dust:289|withdraw surface water:19|harvest live biomass:4|grow Ростовая ткань:9|collect chitin:6|grow Водозабор:4|grow Снегосборник:4|grow Тепловой орган:4|grow Сушильный орган:2|grow Охлаждающий орган:2"
6,Winter,2160,0,562.916605,0,0,0,2074.60376,3743.434082,4842.38623,2968.774902,3137.095459,3322.130371,204.936951,275.81134,279.094177,0,0.27478,9.80191,18.000004,18.000004,18.000004,30158.044922,32174.191406,33945.347656,"Travel:506|CollectWater:2|HarvestDryBiomass:152|DryOrganicMatter:43|CollectChitin:17","harvest dry biomass:136|capture dust:473|burn dry organic matter:720|power intake and harvest:529|heat caravan:720|reject heat:720|maintain caravan water circuit:720|maintain living structure:720|maintain electrical systems:720|move:361|movement water loss:361|movement organic maintenance:361|atrophy Снегосборник:718|atrophy Сушильный орган:677|generate solar electricity:277|grow Сборщик сухой массы:83|grow Органическое хранилище:256|grow Биореактор / топка:83|grow Каркас:252|grow Парус:173|grow Солнечный лист:175|grow Резервуар:173|withdraw surface water:21|spoil wet organic matter:230|collect chitin:10|grow Ростовая ткань:8|atrophy Жатка живой массы:193|grow Сушильный орган:2|grow Охлаждающий орган:2|harvest live biomass:1"
6,Spring,2208,0,785.695786,0,0,0,2078.750244,3658.452393,4753.502441,2953.127686,3094.684082,3239.557129,150.970032,269.457062,279.093658,0,0.653444,12.604759,18.000004,18.000004,18.000004,30304.058594,31902.763672,33171.835938,"Travel:295|CollectWater:6|HarvestDryBiomass:150|DryOrganicMatter:279|CollectChitin:6","capture dust:352|burn dry organic matter:736|power intake and harvest:422|heat caravan:375|reject heat:736|spoil wet organic matter:736|maintain caravan water circuit:736|maintain living structure:736|maintain electrical systems:736|move:447|movement water loss:447|movement organic maintenance:447|grow Парус:233|grow Солнечный лист:242|grow Резервуар:233|grow Органическое хранилище:324|grow Каркас:320|atrophy Снегосборник:730|atrophy Сушильный орган:457|generate solar electricity:392|harvest dry biomass:96|grow Сборщик сухой массы:91|grow Биореактор / топка:91|withdraw surface water:18|grow Ростовая ткань:6|collect chitin:3|harvest live biomass:16|grow Сушильный орган:9|grow Охлаждающий орган:9"
6,Summer,2208,0,938.676108,0,0,0,2418.71582,3717.889404,4709.21875,2998.830811,3126.59668,3251.331543,203.17215,267.907562,279.094208,0,0.843686,9.355206,18.000004,18.000004,18.000004,30593.982422,32202.306641,33279.132813,"Travel:214|HarvestDryBiomass:157|DryOrganicMatter:355|CollectChitin:10","burn dry organic matter:736|reject heat:736|spoil wet organic matter:736|maintain caravan water circuit:736|maintain living structure:736|maintain electrical systems:736|move:474|movement water loss:474|movement organic maintenance:474|grow Парус:157|grow Солнечный лист:220|grow Резервуар:157|grow Органическое хранилище:247|grow Каркас:290|atrophy Снегосборник:736|atrophy Сушильный орган:381|capture dust:245|power intake and harvest:343|generate solar electricity:435|harvest dry biomass:104|grow Сборщик сухой массы:90|grow Биореактор / топка:90|harvest live biomass:18|atrophy Тепловой орган:692|withdraw surface water:19|collect chitin:9|grow Ростовая ткань:7|grow Сушильный орган:63|grow Охлаждающий орган:63|heat caravan:89"
6,Autumn,2184,0,763.729434,0,0,0,2107.265137,3302.05542,4753.019043,3035.121094,3200.075928,3334.88623,216.472107,267.183167,279.094116,0,0.658864,8.697948,18.000004,18.000004,18.000004,30712.091797,32141.839844,33808.527344,"Travel:411|CollectWater:12|HarvestDryBiomass:142|DryOrganicMatter:154|CollectChitin:9","harvest dry biomass:91|burn dry organic matter:728|power intake and harvest:416|heat caravan:728|reject heat:728|spoil wet organic matter:606|maintain caravan water circuit:728|maintain living structure:728|maintain electrical systems:728|grow Сборщик сухой массы:87|grow Органическое хранилище:255|grow Биореактор / топка:87|grow Каркас:231|atrophy Снегосборник:716|atrophy Сушильный орган:574|atrophy Тепловой орган:240|move:383|movement water loss:383|movement organic maintenance:383|grow Парус:168|grow Солнечный лист:201|grow Резервуар:175|generate solar electricity:323|grow Сушильный орган:33|grow Охлаждающий орган:33|capture dust:347|harvest live biomass:5|withdraw surface water:17|grow Ростовая ткань:2|collect chitin:5|grow Водозабор:7|grow Снегосборник:7|grow Тепловой орган:7"
7,Winter,2160,0,557.848298,0,0,0,2216.078369,3768.072754,4933.339844,3141.031982,3313.861816,3525.801025,208.800339,273.907776,279.095215,0,0.348478,9.929867,18.000004,18.000004,18.000004,31876.947266,33295.476563,35212.523438,"Travel:497|CollectWater:2|HarvestDryBiomass:150|DryOrganicMatter:65|CollectChitin:6","capture dust:509|burn dry organic matter:720|power intake and harvest:559|heat caravan:720|reject heat:720|maintain caravan water circuit:720|maintain living structure:720|maintain electrical systems:720|atrophy Снегосборник:718|atrophy Сушильный орган:655|harvest dry biomass:135|move:341|movement water loss:341|movement organic maintenance:341|generate solar electricity:271|grow Сборщик сухой массы:76|grow Органическое хранилище:247|grow Биореактор / топка:76|grow Каркас:240|grow Парус:171|grow Солнечный лист:188|grow Резервуар:171|grow Ростовая ткань:5|collect chitin:4|withdraw surface water:20|spoil wet organic matter:373|grow Сушильный орган:17|grow Охлаждающий орган:17|atrophy Жатка живой массы:163|harvest live biomass:1"
7,Spring,2208,0,797.559187,0,0,0,2163.485596,3546.437988,4800.134277,3128.241699,3268.405029,3411.5271,217.981171,270.328217,279.095398,0,0.62418,7.499432,18.000004,18.000004,18.000004,31404.867188,32852.476563,34224.328125,"Travel:304|CollectWater:4|HarvestDryBiomass:145|DryOrganicMatter:273|CollectChitin:10","capture dust:382|burn dry organic matter:736|power intake and harvest:447|heat caravan:302|reject heat:736|spoil wet organic matter:736|maintain caravan water circuit:736|maintain living structure:736|maintain electrical systems:736|atrophy Снегосборник:732|atrophy Сушильный орган:463|move:445|movement water loss:445|movement organic maintenance:445|harvest dry biomass:87|generate solar electricity:399|grow Сборщик сухой массы:83|grow Органическое хранилище:231|grow Биореактор / топка:83|grow Солнечный лист:220|grow Сушильный орган:72|grow Охлаждающий орган:72|grow Каркас:238|grow Парус:148|grow Резервуар:150|withdraw surface water:20|harvest live biomass:21|collect chitin:7|grow Ростовая ткань:2|grow Водозабор:2|grow Снегосборник:2|grow Тепловой орган:2|atrophy Тепловой орган:12"
7,Summer,2208,0,896.562686,0,0,0,2170.00415,3627.334229,4876.047363,3177.447266,3322.624268,3465.926025,206.626022,267.937988,279.095612,0,0.744887,8.662563,18.000004,18.173916,22.920219,31644.466797,33241.742188,34671.941406,"Travel:281|CollectWater:2|HarvestDryBiomass:141|DryOrganicMatter:308|CollectChitin:4","burn dry organic matter:736|reject heat:736|spoil wet organic matter:736|maintain caravan water circuit:736|maintain living structure:736|maintain electrical systems:736|atrophy Снегосборник:734|atrophy Сушильный орган:428|atrophy Тепловой орган:734|harvest live biomass:23|power intake and harvest:363|generate solar electricity:434|move:437|movement water loss:437|movement organic maintenance:437|harvest dry biomass:98|grow Сборщик сухой массы:78|grow Органическое хранилище:198|grow Биореактор / топка:78|grow Солнечный лист:218|grow Сушильный орган:98|grow Охлаждающий орган:98|collect chitin:3|grow Парус:120|grow Резервуар:120|grow Каркас:242|capture dust:282|withdraw surface water:25|heat caravan:90"
7,Autumn,2184,0,861.561922,0,0,0,2188.213379,3372.579346,4585.606934,3242.115723,3394.938721,3530.586426,198.280319,264.48642,279.095917,0,0.770227,9.316471,18.000004,18.000004,18.000004,31826.947266,33359.011719,34576.011719,"Travel:398|CollectWater:10|HarvestDryBiomass:143|DryOrganicMatter:162|CollectChitin:15","harvest dry biomass:88|capture dust:386|burn dry organic matter:728|power intake and harvest:447|heat caravan:728|reject heat:728|spoil wet organic matter:609|maintain caravan water circuit:728|maintain living structure:728|maintain electrical systems:728|grow Сборщик сухой массы:83|grow Органическое хранилище:242|grow Биореактор / топка:83|atrophy Снегосборник:718|atrophy Сушильный орган:566|atrophy Тепловой орган:176|move:424|movement water loss:424|movement organic maintenance:424|grow Парус:159|grow Солнечный лист:195|grow Резервуар:161|grow Каркас:227|generate solar electricity:324|grow Сушильный орган:36|grow Охлаждающий орган:36|withdraw surface water:17|harvest live biomass:5|collect chitin:9|grow Ростовая ткань:8|grow Водозабор:2|grow Снегосборник:2|grow Тепловой орган:2"
8,Winter,2160,0,567.638961,0,0,0,2218.604248,3546.238525,5226.530273,3330.334229,3526.161865,3787.297363,222.359268,272.69397,279.092468,0,0.394065,6.406559,18.000004,18.000004,18.000004,32447.650391,34226.449219,36862.878906,"Travel:492|CollectWater:8|HarvestDryBiomass:143|DryOrganicMatter:63|CollectChitin:14","burn dry organic matter:720|heat caravan:720|reject heat:720|spoil wet organic matter:515|maintain caravan water circuit:720|maintain living structure:720|maintain electrical systems:720|atrophy Снегосборник:712|atrophy Сушильный орган:657|harvest dry biomass:119|power intake and harvest:522|move:352|movement water loss:352|movement organic maintenance:352|capture dust:458|grow Сборщик сухой массы:72|grow Органическое хранилище:232|grow Биореактор / топка:72|grow Парус:160|grow Солнечный лист:173|grow Резервуар:163|grow Каркас:211|generate solar electricity:271|withdraw surface water:21|grow Сушильный орган:13|grow Охлаждающий орган:13|atrophy Жатка живой массы:11|harvest live biomass:3|grow Ростовая ткань:6|collect chitin:10|grow Водозабор:3|grow Снегосборник:3|grow Тепловой орган:3"
8,Spring,2208,0,792.925953,0,0,0,2258.713623,3348.424072,5067.098145,3368.497559,3503.800049,3661.513916,226.179535,270.029327,279.091858,0,0.622451,7.536152,18.000004,18.199768,21.639971,32650.113281,33931.355469,35672.5625,"Travel:314|CollectWater:10|HarvestDryBiomass:135|DryOrganicMatter:266|CollectChitin:11","burn dry organic matter:736|heat caravan:226|reject heat:736|spoil wet organic matter:736|maintain caravan water circuit:736|maintain living structure:736|maintain electrical systems:736|grow Парус:129|grow Солнечный лист:209|grow Резервуар:132|grow Органическое хранилище:206|grow Каркас:200|atrophy Снегосборник:726|atrophy Сушильный орган:470|move:433|movement water loss:433|movement organic maintenance:433|generate solar electricity:396|withdraw surface water:17|collect chitin:6|power intake and harvest:415|harvest dry biomass:81|grow Сборщик сухой массы:77|grow Биореактор / топка:77|capture dust:356|harvest live biomass:27|grow Сушильный орган:80|grow Охлаждающий орган:80|grow Ростовая ткань:5|grow Водозабор:3|grow Снегосборник:3|grow Тепловой орган:3|atrophy Тепловой орган:44"
8,Summer,2208,0,915.421397,0,0,0,2240.46875,3562.16626,5122.27002,3403.508545,3554.576416,3708.343018,177.250702,267.021576,279.090881,0,0.789201,10.150715,18.000004,19.321976,23.84322,32852.933594,34402.261719,35940.988281,"Travel:291|CollectWater:13|HarvestDryBiomass:116|DryOrganicMatter:299|CollectChitin:17","burn dry organic matter:736|reject heat:736|spoil wet organic matter:736|maintain caravan water circuit:736|maintain living structure:736|maintain electrical systems:736|move:429|movement water loss:429|movement organic maintenance:429|grow Парус:121|grow Солнечный лист:223|grow Резервуар:128|grow Органическое хранилище:189|grow Каркас:237|atrophy Снегосборник:723|atrophy Сушильный орган:437|atrophy Тепловой орган:723|capture dust:325|power intake and harvest:413|generate solar electricity:435|grow Водозабор:7|grow Снегосборник:7|grow Тепловой орган:7|withdraw surface water:24|harvest dry biomass:110|grow Сборщик сухой массы:68|grow Биореактор / топка:68|grow Сушильный орган:102|grow Охлаждающий орган:102|harvest live biomass:29|collect chitin:8|grow Ростовая ткань:9"
8,Autumn,2184,0,868.779739,0,0,0,2299.215576,3760.554932,5188.294434,3440.973389,3617.447021,3744.853027,150.166977,256.911835,279.085449,0,0.860123,9.687218,18.000004,18.000004,18.000004,33415.050781,34949.203125,36559.308594,"Travel:417|CollectWater:9|HarvestDryBiomass:126|DryOrganicMatter:173|CollectChitin:3","burn dry organic matter:728|reject heat:728|spoil wet organic matter:708|maintain caravan water circuit:728|maintain living structure:728|maintain electrical systems:728|grow Парус:161|grow Солнечный лист:207|grow Резервуар:161|grow Органическое хранилище:235|grow Каркас:242|atrophy Снегосборник:719|atrophy Сушильный орган:555|atrophy Тепловой орган:330|generate solar electricity:325|move:414|movement water loss:414|movement organic maintenance:414|harvest dry biomass:75|power intake and harvest:462|grow Сборщик сухой массы:74|grow Биореактор / топка:74|capture dust:408|grow Сушильный орган:46|grow Охлаждающий орган:46|withdraw surface water:17|harvest live biomass:8|heat caravan:636|collect chitin:2|grow Ростовая ткань:1"
9,Winter,2160,0,508.90911,0,0,0,2333.654785,4100.605957,5442.436523,3596.47998,3778.959229,3994.190674,214.053741,274.473938,279.084137,0,0.304795,9.585342,18.000004,18.000004,18.000004,33972.753906,36168.289063,38270.070313,"Travel:514|CollectWater:6|HarvestDryBiomass:141|DryOrganicMatter:51|CollectChitin:8","capture dust:515|burn dry organic matter:720|power intake and harvest:566|heat caravan:720|reject heat:720|maintain caravan water circuit:720|maintain living structure:720|maintain electrical systems:720|move:361|movement water loss:361|movement organic maintenance:361|atrophy Снегосборник:714|atrophy Сушильный орган:669|generate solar electricity:280|harvest dry biomass:125|spoil wet organic matter:359|grow Сборщик сухой массы:69|grow Органическое хранилище:239|grow Биореактор / топка:69|grow Каркас:234|grow Парус:170|grow Солнечный лист:178|grow Резервуар:170|collect chitin:6|withdraw surface water:18|grow Сушильный орган:8|grow Охлаждающий орган:8|harvest live biomass:1|grow Ростовая ткань:2"
9,Spring,2208,0,800.900038,0,0,0,2354.717285,3811.727783,5151.534668,3582.790527,3722.458008,3886.614258,215.901825,268.999847,279.08432,0,0.653895,9.325962,18.000004,18.000004,18.000004,33917.9375,35596.546875,37133.796875,"Travel:341|CollectWater:8|HarvestDryBiomass:118|DryOrganicMatter:260|CollectChitin:9","withdraw surface water:17|harvest dry biomass:74|capture dust:378|burn dry organic matter:736|power intake and harvest:430|heat caravan:296|reject heat:736|spoil wet organic matter:736|maintain caravan water circuit:736|maintain living structure:736|maintain electrical systems:736|grow Сборщик сухой массы:69|grow Органическое хранилище:212|grow Биореактор / топка:69|grow Каркас:235|atrophy Снегосборник:728|atrophy Сушильный орган:476|move:411|movement water loss:411|movement organic maintenance:411|grow Парус:143|grow Солнечный лист:223|grow Резервуар:147|generate solar electricity:394|grow Сушильный орган:80|grow Охлаждающий орган:80|harvest live biomass:24|grow Водозабор:4|grow Снегосборник:4|grow Тепловой орган:4|grow Ростовая ткань:5|collect chitin:6"
9,Summer,2208,0,872.894853,0,0,0,2376.762451,3893.020508,5313.675293,3632.6875,3773.999512,3929.064453,195.332825,266.39325,279.079742,0,0.828593,8.546249,18.000004,18.369568,23.84845,34261.324219,35989.574219,37457.222656,"Travel:298|CollectWater:4|HarvestDryBiomass:123|DryOrganicMatter:303|CollectChitin:8","capture dust:308|burn dry organic matter:736|power intake and harvest:379|reject heat:736|spoil wet organic matter:736|maintain caravan water circuit:736|maintain living structure:736|maintain electrical systems:736|atrophy Снегосборник:732|atrophy Сушильный орган:433|generate solar electricity:437|move:420|movement water loss:420|movement organic maintenance:420|harvest live biomass:27|harvest dry biomass:86|grow Сборщик сухой массы:69|grow Органическое хранилище:185|grow Биореактор / топка:69|grow Каркас:232|grow Солнечный лист:212|grow Сушильный орган:96|grow Охлаждающий орган:96|grow Парус:116|grow Резервуар:116|grow Ростовая ткань:6|collect chitin:4|atrophy Тепловой орган:672|withdraw surface water:20|heat caravan:115"
9,Autumn,2184,0,781.061546,0,0,0,2390.865479,3772.378174,5279.439941,3697.411621,3849.553223,3996.977051,202.756332,266.408112,279.078094,0,0.668938,10.082432,18.000004,18.000004,18.000004,34554.472656,36234.691406,38129.707031,"Travel:436|CollectWater:6|HarvestDryBiomass:126|DryOrganicMatter:149|CollectChitin:11","burn dry organic matter:728|heat caravan:728|reject heat:728|spoil wet organic matter:504|maintain caravan water circuit:728|maintain living structure:728|maintain electrical systems:728|move:412|movement water loss:412|movement organic maintenance:412|atrophy Снегосборник:722|atrophy Сушильный орган:579|atrophy Тепловой орган:74|harvest dry biomass:82|power intake and harvest:461|grow Сборщик сухой массы:73|grow Органическое хранилище:227|grow Биореактор / топка:73|grow Парус:154|grow Солнечный лист:190|grow Резервуар:158|grow Каркас:227|generate solar electricity:326|grow Сушильный орган:36|grow Охлаждающий орган:36|capture dust:403|harvest live biomass:5|grow Водозабор:4|grow Снегосборник:4|grow Тепловой орган:4|withdraw surface water:21|collect chitin:8|grow Ростовая ткань:5"
10,Winter,2160,0,496.345245,0,0,0,2906.446289,4695.563965,5593.810547,3777.826904,3943.558838,4102.502441,189.778732,270.324097,279.076385,0,0.394426,12.124344,18.000004,18.000004,18.000004,35695.121094,37765.078125,39256.148438,"Travel:529|HarvestDryBiomass:138|DryOrganicMatter:46|CollectChitin:7","capture dust:524|burn dry organic matter:720|power intake and harvest:577|heat caravan:720|reject heat:720|maintain caravan water circuit:720|maintain living structure:720|maintain electrical systems:720|atrophy Снегосборник:720|atrophy Сушильный орган:674|generate solar electricity:282|harvest dry biomass:121|move:339|movement water loss:339|movement organic maintenance:339|grow Сборщик сухой массы:65|grow Органическое хранилище:222|grow Биореактор / топка:65|grow Каркас:224|grow Парус:157|grow Солнечный лист:169|grow Резервуар:157|withdraw surface water:16|spoil wet organic matter:304|grow Сушильный орган:12|grow Охлаждающий орган:12|atrophy Жатка живой массы:108|harvest live biomass:1|collect chitin:5|grow Ростовая ткань:3"
10,Spring,2208,0,798.912276,0,0,0,3267.304443,4701.135742,5468.594727,3754.69458,3898.205566,4061.431396,181.520844,266.102844,279.076019,0,0.785175,13.014442,18.000004,18.000004,18.000004,36061.128906,37603.390625,38512.761719,"Travel:352|HarvestDryBiomass:105|DryOrganicMatter:265|CollectChitin:14","capture dust:398|burn dry organic matter:736|power intake and harvest:446|heat caravan:315|reject heat:736|spoil wet organic matter:736|maintain caravan water circuit:736|maintain living structure:736|maintain electrical systems:736|move:439|movement water loss:439|movement organic maintenance:439|atrophy Снегосборник:736|atrophy Сушильный орган:471|harvest dry biomass:70|generate solar electricity:393|grow Сборщик сухой массы:64|grow Органическое хранилище:211|grow Биореактор / топка:64|grow Каркас:287|grow Солнечный лист:232|grow Сушильный орган:85|grow Охлаждающий орган:85|collect chitin:9|grow Парус:147|grow Резервуар:147|grow Ростовая ткань:4|withdraw surface water:17|harvest live biomass:26"
10,Summer,2208,0,875.906012,0,0,0,2446.096436,4428.751465,5512.401855,3777.745117,3938.482178,4082.205078,187.632309,266.692108,279.074127,0,0.840783,11.207493,18.000004,18.000004,18.000004,35468.433594,37567.117188,38919.4375,"Travel:300|CollectWater:2|HarvestDryBiomass:112|DryOrganicMatter:308|CollectChitin:14","capture dust:298|burn dry organic matter:736|power intake and harvest:378|reject heat:736|spoil wet organic matter:736|maintain caravan water circuit:736|maintain living structure:736|maintain electrical systems:736|atrophy Снегосборник:734|atrophy Сушильный орган:428|harvest live biomass:30|generate solar electricity:437|move:427|movement water loss:427|movement organic maintenance:427|harvest dry biomass:83|grow Сборщик сухой массы:65|grow Органическое хранилище:181|grow Биореактор / топка:65|grow Каркас:229|grow Солнечный лист:222|grow Сушильный орган:106|grow Охлаждающий орган:106|withdraw surface water:20|grow Парус:116|grow Резервуар:118|atrophy Тепловой орган:626|grow Водозабор:2|grow Снегосборник:2|grow Тепловой орган:2|grow Ростовая ткань:7|collect chitin:7|heat caravan:122"
10,Autumn,2184,0,672.32819,0,0,0,3018.372559,4379.984863,5450.417969,3848.607666,4008.001709,4128.212891,180.252899,266.970245,279.070648,0,0.629072,10.996922,18.000004,18.000004,18.000004,36413.117188,37915.320313,39138.753906,"Travel:448|HarvestDryBiomass:127|DryOrganicMatter:148|CollectChitin:5","harvest dry biomass:81|capture dust:424|burn dry organic matter:728|power intake and harvest:471|heat caravan:728|reject heat:728|spoil wet organic matter:503|maintain caravan water circuit:728|maintain living structure:728|maintain electrical systems:728|grow Сборщик сухой массы:71|grow Органическое хранилище:228|grow Биореактор / топка:71|atrophy Снегосборник:728|atrophy Сушильный орган:580|atrophy Тепловой орган:44|move:386|movement water loss:386|movement organic maintenance:386|grow Парус:157|grow Солнечный лист:191|grow Резервуар:157|grow Каркас:214|generate solar electricity:327|grow Сушильный орган:34|grow Охлаждающий орган:34|harvest live biomass:5|withdraw surface water:18|grow Ростовая ткань:2|collect chitin:3"
