year,season,organ,size_unit,size_min,size_mean,size_max,function_min,function_mean,function_max,mean_usage,active_fraction
1,Winter,Sail,"м²",160.048386,169.467209,178.121582,0.959177,0.989511,1,0.150672,0.288889
1,Winter,SolarLeaf,"м²",135.008713,137.478241,140.516525,0.959177,0.989511,1,0.030649,0.283333
1,Winter,WaterIntake,"л/ч",280,281.881714,285.463074,0.959177,0.989511,1,0.025477,0.030556
1,Winter,SnowCollector,"м²",64.983696,71.741081,75,0.959177,0.989511,1,0,0
1,Winter,WaterReservoir,"л",4800.635254,4977.493164,5156.141602,0.959177,0.989511,1,0.612567,1
1,Winter,LiveBiomassHarvester,"кг сух. в-ва/ч",28,28,28,0.959177,0.989511,1,0.022338,0.023611
1,Winter,DryBiomassCollector,"кг/ч",34,34.714603,35.922977,0.959177,0.989511,1,0.20025,0.3125
1,Winter,Dryer,"кг сух. в-ва/ч",30.395586,31.45191,32.028759,0.959177,0.989511,1,0,0
1,Winter,OrganicStorage,"кг",2600.42334,2823.145996,3121.69873,0.959177,0.989511,1,0.610471,1
1,Winter,Furnace,"кВт",75,76.195709,78.21772,0.959177,0.989511,1,0.385543,1
1,Winter,Battery,"кВт·ч",280,280,280,0.959177,0.989511,1,0.274128,0.565278
1,Winter,ElectricMotor,"кВт",130,130,130,0.959177,0.989511,1,0.001402,0.033333
1,Winter,ThermalOrgan,"кВт",58.964901,62.921242,65,0.959177,0.989511,1,0.027533,1
1,Winter,Radiator,"кВт",80,80.47261,81.34346,0.959177,0.989511,1,0.261495,1
1,Winter,GrowthTissue,"кг структуры/сут",1.8,1.858901,1.960804,0.959177,0.989511,1,0.16386,0.531944
1,Winter,Frame,"кг несущей способности",32000.201172,32066.822266,32140.052734,0.959177,0.989511,1,0.754883,1
1,Spring,Sail,"м²",167.501099,169.713821,171.770737,1,1,1,0.280435,0.407609
1,Spring,SolarLeaf,"м²",136.343842,137.143311,138.037872,1,1,1,0.229982,0.504076
1,Spring,WaterIntake,"л/ч",280,281.105225,282.927002,1,1,1,0.024457,0.024457
1,Spring,SnowCollector,"м²",72.68161,74.227699,75.035973,1,1,1,0,0
1,Spring,WaterReservoir,"л",4939.258789,4987.789063,5030.987793,1,1,1,0.497981,1
1,Spring,LiveBiomassHarvester,"кг сух. в-ва/ч",28,28,28,1,1,1,0.009511,0.009511
1,Spring,DryBiomassCollector,"кг/ч",34.329311,34.650085,34.958092,1,1,1,0.213315,0.222826
1,Spring,Dryer,"кг сух. в-ва/ч",31.531017,31.903406,32.095741,1,1,1,0,0
1,Spring,OrganicStorage,"кг",2738.113525,2815.637939,2887.269043,1,1,1,0.611543,1
1,Spring,Furnace,"кВт",75.54879,76.096375,76.622505,1,1,1,0.38942,1
1,Spring,Battery,"кВт·ч",280,280,280,1,1,1,0.477167,0.70788
1,Spring,ElectricMotor,"кВт",130,130,130,1,1,1,0.005119,0.180707
1,Spring,ThermalOrgan,"кВт",62.913746,64.301483,65.005241,1,1,1,0.006716,0.327446
1,Spring,Radiator,"кВт",80.063324,80.361839,80.686455,1,1,1,0.316267,1
1,Spring,GrowthTissue,"кг структуры/сут",1.836076,1.860864,1.871158,1,1,1,0.161879,0.476902
1,Spring,Frame,"кг несущей способности",32050.113281,32069.253906,32085.041016,1,1,1,0.736274,1
1,Summer,Sail,"м²",171.808487,173.401794,175.000397,1,1,1,0.312744,0.413043
1,Summer,SolarLeaf,"м²",138.04483,138.973373,139.838577,1,1,1,0.324755,0.559783
1,Summer,WaterIntake,"л/ч",282.927002,283.300018,283.937317,1,1,1,0.025815,0.025815
1,Summer,SnowCollector,"м²",69.2173,70.927727,72.676613,1,1,1,0,0
1,Summer,WaterReservoir,"л",5031.664063,5060.766113,5089.724121,1,1,1,0.484726,1
1,Summer,LiveBiomassHarvester,"кг сух. в-ва/ч",28,28,28,1,1,1,0.019022,0.019022
1,Summer,DryBiomassCollector,"кг/ч",34.958092,35.246334,35.533749,1,1,1,0.194781,0.236413
1,Summer,Dryer,"кг сух. в-ва/ч",30.638618,31.091291,31.528849,1,1,1,0,0
1,Summer,OrganicStorage,"кг",2887.780518,2951.025879,3013.736084,1,1,1,0.607278,1
1,Summer,Furnace,"кВт",76.622505,77.110924,77.596657,1,1,1,0.357078,1
1,Summer,Battery,"кВт·ч",280,280,280,1,1,1,0.53803,0.779891
1,Summer,ElectricMotor,"кВт",130,130,130,1,1,1,0.005633,0.188859
1,Summer,ThermalOrgan,"кВт",59.888523,61.385784,62.90942,1,1,1,0.00004,0
1,Summer,Radiator,"кВт",80.686455,80.973999,81.234245,1,1,1,0.312699,1
1,Summer,GrowthTissue,"кг структуры/сут",1.871158,1.901504,1.940223,1,1,1,0.143835,0.410326
1,Summer,Frame,"кг несущей способности",32085.316406,32099.039063,32113.021484,1,1,1,0.746719,1
1,Autumn,Sail,"м²",175.000397,175.699966,176.585327,0.94305,0.987014,1,0.212702,0.273352
1,Autumn,SolarLeaf,"м²",139.838577,140.149277,140.304733,0.94305,0.987014,1,0.116688,0.385989
1,Autumn,WaterIntake,"л/ч",283.937317,284.933197,285.463074,0.94305,0.987014,1,0.02443,0.024725
1,Autumn,SnowCollector,"м²",66.101212,67.613556,69.21254,0.94305,0.987014,1,0,0
1,Autumn,WaterReservoir,"л",5089.724121,5103.949219,5122.272461,0.94305,0.987014,1,0.466323,0.964286
1,Autumn,LiveBiomassHarvester,"кг сух. в-ва/ч",28,28,28,0.94305,0.987014,1,0.009615,0.009615
1,Autumn,DryBiomassCollector,"кг/ч",35.533749,35.647118,35.748711,0.94305,0.987014,1,0.088416,0.103022
1,Autumn,Dryer,"кг сух. в-ва/ч",30.395586,30.438873,30.636513,0.94305,0.987014,1,0.000237,0.001374
1,Autumn,OrganicStorage,"кг",3013.736084,3039.512451,3069.907227,0.94305,0.987014,1,0.583408,0.964286
1,Autumn,Furnace,"кВт",77.596657,77.785362,77.939034,0.94305,0.987014,1,0.163831,0.445055
1,Autumn,Battery,"кВт·ч",280,280,280,0.94305,0.987014,1,0.248722,0.774725
1,Autumn,ElectricMotor,"кВт",130,130,130,0.94305,0.987014,1,0.003415,0.101648
1,Autumn,ThermalOrgan,"кВт",58.964901,59.300087,59.884407,0.94305,0.987014,1,0.013844,0.597527
1,Autumn,Radiator,"кВт",81.234245,81.331657,81.34346,0.94305,0.987014,1,0.133668,0.510989
1,Autumn,GrowthTissue,"кг структуры/сут",1.940223,1.940223,1.940223,0.94305,0.987014,1,0.051026,0.152473
1,Autumn,Frame,"кг несущей способности",32113.021484,32117.800781,32124.931641,0.94305,0.987014,1,0.739523,0.962912
2,Winter,Sail,"м²",178.121582,184.396942,194.77916,0.978056,0.991542,0.999986,0.180865,0.293056
2,Winter,SolarLeaf,"м²",140.516525,142.600876,146.303848,0.978056,0.991542,0.999986,0.030596,0.281944
2,Winter,WaterIntake,"л/ч",285.463074,286.210266,287.632385,0.978056,0.991542,0.999986,0.026492,0.027778
2,Winter,SnowCollector,"м²",53.369274,60.455944,64.979225,0.978056,0.991542,0.999986,0,0
2,Winter,WaterReservoir,"л",5156.141602,5282.443848,5483.706055,0.978056,0.991542,0.999986,0.604831,1
2,Winter,LiveBiomassHarvester,"кг сух. в-ва/ч",28,28,28,0.978056,0.991542,0.999986,0.001389,0.001389
2,Winter,DryBiomassCollector,"кг/ч",35.922977,36.76823,38.112103,0.978056,0.991542,0.999986,0.186991,0.291667
2,Winter,Dryer,"кг сух. в-ва/ч",27.232491,29.371214,30.41293,0.978056,0.991542,0.999986,0,0
2,Winter,OrganicStorage,"кг",3121.69873,3338.187012,3685.968018,0.978056,0.991542,0.999986,0.613551,1
2,Winter,Furnace,"кВт",78.21772,79.625954,81.866989,0.978056,0.991542,0.999986,0.342004,1
2,Winter,Battery,"кВт·ч",280,280,280,0.978056,0.991542,0.999986,0.270379,0.601389
2,Winter,ElectricMotor,"кВт",130,130,130,0.978056,0.991542,0.999986,0.002659,0.073611
2,Winter,ThermalOrgan,"кВт",53.461479,57.069279,58.964901,0.978056,0.991542,0.999986,0.032746,1
2,Winter,Radiator,"кВт",81.34346,81.921898,82.980377,0.978056,0.991542,0.999986,0.235883,1
2,Winter,GrowthTissue,"кг структуры/сут",1.960804,2.015675,2.111699,0.978056,0.991542,0.999986,0.119016,0.366667
2,Winter,Frame,"кг несущей способности",32140.052734,32194.800781,32284.316406,0.978056,0.991542,0.999986,0.813853,1
2,Spring,Sail,"м²",180.594818,182.3423,183.813354,0.993267,0.99692,0.99893,0.284725,0.396739
2,Spring,SolarLeaf,"м²",140.93898,141.578186,142.46701,0.993267,0.99692,0.99893,0.226414,0.501359
2,Spring,WaterIntake,"л/ч",285.463074,285.463074,285.463074,0.993267,0.99692,0.99893,0.025815,0.025815
2,Spring,SnowCollector,"м²",59.86227,61.37674,62.913105,0.993267,0.99692,0.99893,0,0
2,Spring,WaterReservoir,"л",5214.96875,5250.17334,5277.481445,0.993267,0.99692,0.99893,0.50883,1
2,Spring,LiveBiomassHarvester,"кг сух. в-ва/ч",28,28,28,0.993267,0.99692,0.99893,0.012228,0.012228
2,Spring,DryBiomassCollector,"кг/ч",36.296333,36.591942,36.886341,0.993267,0.99692,0.99893,0.187971,0.192935
2,Spring,Dryer,"кг сух. в-ва/ч",29.341478,29.712925,30.190453,0.993267,0.99692,0.99893,0,0
2,Spring,OrganicStorage,"кг",3216.854004,3286.072021,3349.59668,0.993267,0.99692,0.99893,0.605946,1
2,Spring,Furnace,"кВт",78.838631,79.336395,79.832268,0.993267,0.99692,0.99893,0.346424,1
2,Spring,Battery,"кВт·ч",280,280,280,0.993267,0.99692,0.99893,0.472751,0.709239
2,Spring,ElectricMotor,"кВт",130,130,130,0.993267,0.99692,0.99893,0.006066,0.192935
2,Spring,ThermalOrgan,"кВт",58.095718,58.83416,58.964901,0.993267,0.99692,0.99893,0.007041,0.338315
2,Spring,Radiator,"кВт",81.412666,81.655838,82.013489,0.993267,0.99692,0.99893,0.292411,1
2,Spring,GrowthTissue,"кг структуры/сут",1.971555,1.989734,2.01698,0.993267,0.99692,0.99893,0.134653,0.39538
2,Spring,Frame,"кг несущей способности",32163.197266,32179.027344,32192.355469,0.993267,0.99692,0.99893,0.786565,1
2,Summer,Sail,"м²",183.813354,185.645645,187.795135,0.998933,0.999512,0.99983,0.307186,0.392663
2,Summer,SolarLeaf,"м²",142.46701,143.614182,144.673874,0.998933,0.999512,0.99983,0.326947,0.548913
2,Summer,WaterIntake,"л/ч",285.463074,286.116699,287.632385,0.998933,0.999512,0.99983,0.025815,0.025815
2,Summer,SnowCollector,"м²",57.049809,58.425423,59.858154,0.998933,0.999512,0.99983,0,0
2,Summer,WaterReservoir,"л",5277.481445,5310.623047,5351.258789,0.998933,0.999512,0.99983,0.48445,1
2,Summer,LiveBiomassHarvester,"кг сух. в-ва/ч",28,28,28,0.998933,0.999512,0.99983,0.02038,0.02038
2,Summer,DryBiomassCollector,"кг/ч",36.886341,37.166668,37.443634,0.998933,0.999512,0.99983,0.173561,0.195652
2,Summer,Dryer,"кг сух. в-ва/ч",28.601954,28.990152,29.344782,0.998933,0.999512,0.99983,0,0
2,Summer,OrganicStorage,"кг",3349.59668,3415.413086,3484.849365,0.998933,0.999512,0.99983,0.605038,1
2,Summer,Furnace,"кВт",79.832268,80.301704,80.763916,0.998933,0.999512,0.99983,0.320587,1
2,Summer,Battery,"кВт·ч",280,280,280,0.998933,0.999512,0.99983,0.542824,0.762228
2,Summer,ElectricMotor,"кВт",130,130,130,0.998933,0.999512,0.99983,0.006647,0.20788
2,Summer,ThermalOrgan,"кВт",55.300804,56.681511,58.091724,0.998933,0.999512,0.99983,0.000031,0
2,Summer,Radiator,"кВт",82.013489,82.379021,82.672943,0.998933,0.999512,0.99983,0.286712,1
2,Summer,GrowthTissue,"кг структуры/сут",2.01698,2.044562,2.064389,0.998933,0.999512,0.99983,0.13903,0.411685
2,Summer,Frame,"кг несущей способности",32192.355469,32207.841797,32224.943359,0.998933,0.999512,0.99983,0.794305,1
2,Autumn,Sail,"м²",187.795135,190.374603,192.805481,0.999831,0.999922,0.999971,0.25492,0.351648
2,Autumn,SolarLeaf,"м²",144.673874,145.506454,146.043655,0.999831,0.999922,0.999971,0.109684,0.40522
2,Autumn,WaterIntake,"л/ч",287.632385,287.632385,287.632385,0.999831,0.999922,0.999971,0.021918,0.023352
2,Autumn,SnowCollector,"м²",54.279579,55.646225,57.045887,0.999831,0.999922,0.999971,0,0
2,Autumn,WaterReservoir,"л",5351.258789,5396.875488,5442.334473,0.999831,0.999922,0.999971,0.534503,1
2,Autumn,LiveBiomassHarvester,"кг сух. в-ва/ч",28,28,28,0.999831,0.999922,0.999971,0.008242,0.008242
2,Autumn,DryBiomassCollector,"кг/ч",37.443634,37.698414,37.933384,0.999831,0.999922,0.999971,0.158206,0.163462
2,Autumn,Dryer,"кг сух. в-ва/ч",27.696991,28.164249,28.599987,0.999831,0.999922,0.999971,0,0
2,Autumn,OrganicStorage,"кг",3484.849365,3557.242188,3627.538818,0.999831,0.999922,0.999971,0.611487,1
2,Autumn,Furnace,"кВт",80.763916,81.186653,81.572769,0.999831,0.999922,0.999971,0.292528,0.918956
2,Autumn,Battery,"кВт·ч",280,280,280,0.999831,0.999922,0.999971,0.335608,0.668956
2,Autumn,ElectricMotor,"кВт",130,130,130,0.999831,0.999922,0.999971,0.006729,0.218407
2,Autumn,ThermalOrgan,"кВт",53.461479,54.088261,55.297001,0.999831,0.999922,0.999971,0.017649,0.71978
2,Autumn,Radiator,"кВт",82.672943,82.879791,82.980377,0.999831,0.999922,0.999971,0.235632,0.918956
2,Autumn,GrowthTissue,"кг структуры/сут",2.064389,2.085675,2.100185,0.999831,0.999922,0.999971,0.11997,0.370879
2,Autumn,Frame,"кг несущей способности",32224.943359,32245.677734,32265.996094,0.999831,0.999922,0.999971,0.817731,1
3,Winter,Sail,"м²",194.77916,202.33725,214.383118,0.999986,0.999988,0.999988,0.177848,0.301389
3,Winter,SolarLeaf,"м²",146.303848,148.750671,153.036285,0.999986,0.999988,0.999988,0.037032,0.294444
3,Winter,WaterIntake,"л/ч",287.632385,289.243042,292.858459,0.999986,0.999988,0.999988,0.025,0.025
3,Winter,SnowCollector,"м²",43.985149,49.697422,53.365604,0.999986,0.999988,0.999988,0,0
3,Winter,WaterReservoir,"л",5483.706055,5633.064453,5862.930664,0.999986,0.999988,0.999988,0.550128,1
3,Winter,LiveBiomassHarvester,"кг сух. в-ва/ч",27.543671,27.774591,28,0.999986,0.999988,0.999988,0,0
3,Winter,DryBiomassCollector,"кг/ч",38.112103,38.878689,40.090904,0.999986,0.999988,0.999988,0.162187,0.248611
3,Winter,Dryer,"кг сух. в-ва/ч",23.961699,25.907661,27.230618,0.999986,0.999988,0.999988,0,0
3,Winter,OrganicStorage,"кг",3685.968018,3912.444092,4267.321289,0.999986,0.999988,0.999988,0.606599,1
3,Winter,Furnace,"кВт",81.866989,83.130409,85.126015,0.999986,0.999988,0.999988,0.297787,1
3,Winter,Battery,"кВт·ч",280,280,280,0.999986,0.999988,0.999988,0.276607,0.575
3,Winter,ElectricMotor,"кВт",130,130,130,0.999986,0.999988,0.999988,0.003713,0.131944
3,Winter,ThermalOrgan,"кВт",48.618675,51.793472,53.461479,0.999986,0.999988,0.999988,0.031931,1
3,Winter,Radiator,"кВт",82.980377,83.632172,84.825211,0.999986,0.999988,0.999988,0.213341,1
3,Winter,GrowthTissue,"кг структуры/сут",2.111699,2.171737,2.299696,0.999986,0.999988,0.999988,0.157663,0.383333
3,Winter,Frame,"кг несущей способности",32284.316406,32379.005859,32566.330078,0.999986,0.999988,0.999988,0.847883,1
3,Spring,Sail,"м²",198.221863,200.45813,202.597305,0.999988,0.999988,0.999988,0.288114,0.388587
3,Spring,SolarLeaf,"м²",146.903244,147.737656,148.784195,0.999988,0.999988,0.999988,0.235999,0.505435
3,Spring,WaterIntake,"л/ч",287.632385,287.942291,288.759094,0.999988,0.999988,0.999988,0.025819,0.025815
3,Spring,SnowCollector,"м²",49.204193,50.423264,51.675835,0.999988,0.999988,0.999988,0,0
3,Spring,WaterReservoir,"л",5561.657227,5606.302246,5647.416504,0.999988,0.999988,0.999988,0.50735,1
3,Spring,LiveBiomassHarvester,"кг сух. в-ва/ч",27.543671,27.543871,27.566402,0.999988,0.999988,0.999988,0.016304,0.016304
3,Spring,DryBiomassCollector,"кг/ч",38.440807,38.709236,38.978249,0.999988,0.999988,0.999988,0.160685,0.164402
3,Spring,Dryer,"кг сух. в-ва/ч",25.803289,26.100126,26.476709,0.999988,0.999988,0.999988,0,0
3,Spring,OrganicStorage,"кг",3791.483643,3865.696533,3936.237305,0.999988,0.999988,0.999988,0.603367,1
3,Spring,Furnace,"кВт",82.410744,82.855438,83.300766,0.999988,0.999988,0.999988,0.300137,1
3,Spring,Battery,"кВт·ч",280,280,280,0.999988,0.999988,0.999988,0.480021,0.684783
3,Spring,ElectricMotor,"кВт",130,130,130,0.999988,0.999988,0.999988,0.006978,0.217391
3,Spring,ThermalOrgan,"кВт",52.556263,53.305222,53.464466,0.999988,0.999988,0.999988,0.005357,0.264946
3,Spring,Radiator,"кВт",83.085503,83.379143,83.745674,0.999988,0.999988,0.999988,0.261049,1
3,Spring,GrowthTissue,"кг структуры/сут",2.111699,2.150929,2.171648,0.999988,0.999988,0.999988,0.1404,0.411685
3,Spring,Frame,"кг несущей способности",32315.980469,32338.201172,32356.783203,0.999988,0.999988,0.999988,0.83701,1
3,Summer,Sail,"м²",202.597305,204.986832,207.301407,0.999988,0.999988,0.999988,0.34171,0.422554
3,Summer,SolarLeaf,"м²",148.784195,150.018661,151.314407,0.999988,0.999988,0.999988,0.322927,0.557065
3,Summer,WaterIntake,"л/ч",288.759094,289.957397,291.072052,0.999988,0.999988,0.999988,0.025112,0.028533
3,Summer,SnowCollector,"м²",46.917084,48.048981,49.200809,0.999988,0.999988,0.999988,0,0
3,Summer,WaterReservoir,"л",5647.416504,5689.952148,5729.638184,0.999988,0.999988,0.999988,0.465401,1
3,Summer,LiveBiomassHarvester,"кг сух. в-ва/ч",27.543671,27.543671,27.543671,0.999988,0.999988,0.999988,0.023098,0.023098
3,Summer,DryBiomassCollector,"кг/ч",38.978249,39.235374,39.484673,0.999988,0.999988,0.999988,0.151868,0.180707
3,Summer,Dryer,"кг сух. в-ва/ч",25.24778,25.525913,25.803751,0.999988,0.999988,0.999988,0,0
3,Summer,OrganicStorage,"кг",3936.237305,4006.007324,4073.472168,0.999988,0.999988,0.999988,0.601223,1
3,Summer,Furnace,"кВт",83.300766,83.72438,84.133942,0.999988,0.999988,0.999988,0.282924,1
3,Summer,Battery,"кВт·ч",280,280,280,0.999988,0.999988,0.999988,0.54204,0.751359
3,Summer,ElectricMotor,"кВт",130,130,130,0.999988,0.999988,0.999988,0.007927,0.263587
3,Summer,ThermalOrgan,"кВт",50.036354,51.282017,52.55265,0.999988,0.999988,0.999988,0.000085,0
3,Summer,Radiator,"кВт",83.745674,84.096344,84.476639,0.999988,0.999988,0.999988,0.264431,1
3,Summer,GrowthTissue,"кг структуры/сут",2.171648,2.179949,2.221299,0.999988,0.999988,0.999988,0.137253,0.40625
3,Summer,Frame,"кг несущей способности",32356.783203,32374.943359,32394.900391,0.999988,0.999988,0.999988,0.841155,1
3,Autumn,Sail,"м²",207.301407,209.930801,212.85614,0.999988,0.999988,0.999988,0.241511,0.326923
3,Autumn,SolarLeaf,"м²",151.314407,152.137314,152.819901,0.999988,0.999988,0.999988,0.107439,0.394231
3,Autumn,WaterIntake,"л/ч",291.072052,291.37973,292.273041,0.999988,0.999988,0.999988,0.02247,0.023352
3,Autumn,SnowCollector,"м²",44.707222,45.790459,46.913857,0.999988,0.999988,0.999988,0,0
3,Autumn,WaterReservoir,"л",5729.638184,5776.160156,5830.970703,0.999988,0.999988,0.999988,0.482465,1
3,Autumn,LiveBiomassHarvester,"кг сух. в-ва/ч",27.543671,27.543671,27.543671,0.999988,0.999988,0.999988,0.005495,0.005495
3,Autumn,DryBiomassCollector,"кг/ч",39.484673,39.725491,39.972775,0.999988,0.999988,0.999988,0.149866,0.167582
3,Autumn,Dryer,"кг сух. в-ва/ч",24.358189,24.827215,25.247269,0.999988,0.999988,0.999988,0,0
3,Autumn,OrganicStorage,"кг",4073.472168,4146.714355,4226.042969,0.999988,0.999988,0.999988,0.603435,1
3,Autumn,Furnace,"кВт",84.133942,84.527946,84.932869,0.999988,0.999988,0.999988,0.279591,1
3,Autumn,Battery,"кВт·ч",280,280,280,0.999988,0.999988,0.999988,0.366954,0.612637
3,Autumn,ElectricMotor,"кВт",130,130,130,0.999988,0.999988,0.999988,0.006113,0.184066
3,Autumn,ThermalOrgan,"кВт",48.612167,49.027695,50.032913,0.999988,0.999988,0.999988,0.022323,0.806319
3,Autumn,Radiator,"кВт",84.476639,84.669472,84.813156,0.999988,0.999988,0.999988,0.227662,1
3,Autumn,GrowthTissue,"кг структуры/сут",2.221299,2.273659,2.285947,0.999988,0.999988,0.999988,0.150409,0.396978
3,Autumn,Frame,"кг несущей способности",32394.900391,32444.298828,32486.814453,0.999988,0.999988,0.999988,0.857667,1
4,Winter,Sail,"м²",214.383118,220.880295,230.840652,0.999988,0.999988,0.999988,0.157517,0.266667
4,Winter,SolarLeaf,"м²",153.036285,154.856369,157.930389,0.999988,0.999988,0.999988,0.042061,0.290278
4,Winter,WaterIntake,"л/ч",292.858459,296.607971,303.627991,0.999988,0.999988,0.999988,0.019444,0.019444
4,Winter,SnowCollector,"м²",36.501667,41.060417,43.982124,0.999988,0.999988,0.999988,0,0
4,Winter,WaterReservoir,"л",5862.930664,5994.06543,6196.06543,0.999988,0.999988,0.999988,0.45619,1
4,Winter,LiveBiomassHarvester,"кг сух. в-ва/ч",27.543671,27.543671,27.543671,0.999988,0.999988,0.999988,0.005556,0.005556
4,Winter,DryBiomassCollector,"кг/ч",40.090904,40.604351,41.374577,0.999988,0.999988,0.999988,0.140595,0.173611
4,Winter,Dryer,"кг сух. в-ва/ч",20.827879,22.720089,23.960051,0.999988,0.999988,0.999988,0,0
4,Winter,OrganicStorage,"кг",4267.321289,4442.956055,4709.298828,0.999988,0.999988,0.999988,0.600806,1
4,Winter,Furnace,"кВт",85.126015,85.958656,87.203682,0.999988,0.999988,0.999988,0.260802,1
4,Winter,Battery,"кВт·ч",280,280,280,0.999988,0.999988,0.999988,0.283497,0.534722
4,Winter,ElectricMotor,"кВт",130,130,130,0.999988,0.999988,0.999988,0.003968,0.130556
4,Winter,ThermalOrgan,"кВт",43.666225,46.917702,48.628792,0.999988,0.999988,0.999988,0.03059,1
4,Winter,Radiator,"кВт",84.825211,85.217636,85.900574,0.999988,0.999988,0.999988,0.19711,1
4,Winter,GrowthTissue,"кг структуры/сут",2.299696,2.370511,2.442041,0.999988,0.999988,0.999988,0.190792,0.379167
4,Winter,Frame,"кг несущей способности",32566.330078,32884.933594,33444.066406,0.999988,0.999988,0.999988,0.870094,1
4,Spring,Sail,"м²",217.571732,219.492401,220.90181,0.999988,0.999988,0.999988,0.251204,0.360054
4,Spring,SolarLeaf,"м²",153.62207,154.237656,155.061493,0.999988,0.999988,0.999988,0.243943,0.51087
4,Spring,WaterIntake,"л/ч",294.087616,295.908386,297.843597,0.999988,0.999988,0.999988,0.025815,0.025815
4,Spring,SnowCollector,"м²",40.735401,41.684288,42.651829,0.999988,0.999988,0.999988,0,0
4,Spring,WaterReservoir,"л",5930.119629,5972.060547,6003.262207,0.999988,0.999988,0.999988,0.466257,1
4,Spring,LiveBiomassHarvester,"кг сух. в-ва/ч",27.543671,27.543671,27.543671,0.999988,0.999988,0.999988,0.023098,0.023098
4,Spring,DryBiomassCollector,"кг/ч",40.366146,40.547119,40.726536,0.999988,0.999988,0.999988,0.137228,0.137228
4,Spring,Dryer,"кг сух. в-ва/ч",22.651886,22.945686,23.323713,0.999988,0.999988,0.999988,0,0
4,Spring,OrganicStorage,"кг",4359.85791,4417.832031,4466.967285,0.999988,0.999988,0.999988,0.599596,1
4,Spring,Furnace,"кВт",85.575233,85.869377,86.160698,0.999988,0.999988,0.999988,0.257803,1
4,Spring,Battery,"кВт·ч",280,280,280,0.999988,0.999988,0.999988,0.487029,0.654891
4,Spring,ElectricMotor,"кВт",130,130,130,0.999988,0.999988,0.999988,0.006624,0.192935
4,Spring,ThermalOrgan,"кВт",47.580154,48.396313,48.635536,0.999988,0.999988,0.999988,0.002733,0.126359
4,Spring,Radiator,"кВт",84.940208,85.113403,85.389755,0.999988,0.999988,0.999988,0.228608,1
4,Spring,GrowthTissue,"кг структуры/сут",2.347865,2.347865,2.347865,0.999988,0.999988,0.999988,0.20261,0.387228
4,Spring,Frame,"кг несущей способности",32658.320313,32744.958984,32827.289063,0.999988,0.999988,0.999988,0.87075,1
4,Summer,Sail,"м²",220.90181,222.408691,224.291824,0.999988,0.999988,0.999988,0.317895,0.408967
4,Summer,SolarLeaf,"м²",155.061493,156.015961,156.883163,0.999988,0.999988,0.999988,0.318832,0.55163
4,Summer,WaterIntake,"л/ч",297.843597,298.794769,300.42572,0.999988,0.999988,0.999988,0.02959,0.03125
4,Summer,SnowCollector,"м²",38.863197,39.782143,40.732601,0.999988,0.999988,0.999988,0,0
4,Summer,WaterReservoir,"л",6003.262207,6031.331543,6066.562012,0.999988,0.999988,0.999988,0.473692,1
4,Summer,LiveBiomassHarvester,"кг сух. в-ва/ч",27.543671,27.543671,27.543671,0.999988,0.999988,0.999988,0.032609,0.032609
4,Summer,DryBiomassCollector,"кг/ч",40.726536,40.883018,41.015633,0.999988,0.999988,0.999988,0.134736,0.182065
4,Summer,Dryer,"кг сух. в-ва/ч",22.11912,22.399727,22.661341,0.999988,0.999988,0.999988,0,0
4,Summer,OrganicStorage,"кг",4466.967285,4512.22168,4557.512207,0.999988,0.999988,0.999988,0.598659,1
4,Summer,Furnace,"кВт",86.160698,86.413895,86.628159,0.999988,0.999988,0.999988,0.250434,1
4,Summer,Battery,"кВт·ч",280,280,280,0.999988,0.999988,0.999988,0.531951,0.725543
4,Summer,ElectricMotor,"кВт",130,130,130,0.999988,0.999988,0.999988,0.007871,0.254076
4,Summer,ThermalOrgan,"кВт",45.298119,46.431366,47.576881,0.999988,0.999988,0.999988,0,0
4,Summer,Radiator,"кВт",85.389755,85.665192,85.881355,0.999988,0.999988,0.999988,0.240383,1
4,Summer,GrowthTissue,"кг структуры/сут",2.347865,2.383106,2.401769,0.999988,0.999988,0.999988,0.26486,0.436141
4,Summer,Frame,"кг несущей способности",32827.289063,32938.96875,33079.226563,0.999988,0.999988,0.999988,0.877457,1
4,Autumn,Sail,"м²",224.297897,227.273911,229.657867,0.999988,0.999988,0.999988,0.208977,0.313187
4,Autumn,SolarLeaf,"м²",156.884186,157.365112,157.731155,0.999988,0.999988,0.999988,0.10767,0.395604
4,Autumn,WaterIntake,"л/ч",300.42572,301.078064,302.333527,0.999988,0.999988,0.999988,0.023275,0.026099
4,Autumn,SnowCollector,"м²",37.070763,37.944557,38.860527,0.999988,0.999988,0.999988,0,0
4,Autumn,WaterReservoir,"л",6066.65918,6118.782715,6166.220703,0.999988,0.999988,0.999988,0.474289,1
4,Autumn,LiveBiomassHarvester,"кг сух. в-ва/ч",27.543671,27.543671,27.543671,0.999988,0.999988,0.999988,0.009615,0.009615
4,Autumn,DryBiomassCollector,"кг/ч",41.015633,41.144936,41.273815,0.999988,0.999988,0.999988,0.126091,0.129121
4,Autumn,Dryer,"кг сух. в-ва/ч",21.177202,21.673838,22.117599,0.999988,0.999988,0.999988,0,0
4,Autumn,OrganicStorage,"кг",4557.585938,4617.081543,4672.098145,0.999988,0.999988,0.999988,0.601177,1
4,Autumn,Furnace,"кВт",86.628159,86.836021,87.042549,0.999988,0.999988,0.999988,0.235148,1
4,Autumn,Battery,"кВт·ч",280,280,280,0.999988,0.999988,0.999988,0.370712,0.542582
4,Autumn,ElectricMotor,"кВт",130,130,130,0.999988,0.999988,0.999988,0.005498,0.162088
4,Autumn,ThermalOrgan,"кВт",43.666225,44.269646,45.295006,0.999988,0.999988,0.999988,0.016074,0.618132
4,Autumn,Radiator,"кВт",85.881355,85.886497,85.888321,0.999988,0.999988,0.999988,0.192914,1
4,Autumn,GrowthTissue,"кг структуры/сут",2.401769,2.404737,2.440129,0.999988,0.999988,0.999988,0.267853,0.43544
4,Autumn,Frame,"кг несущей способности",33080.742188,33227.71875,33367.804688,0.999988,0.999988,0.999988,0.881624,1
5,Winter,Sail,"м²",230.881104,237.59079,249.022354,0.999988,0.999988,0.999988,0.145921,0.243056
5,Winter,SolarLeaf,"м²",157.936478,159.126434,161.192352,0.999988,0.999988,0.999988,0.039668,0.284722
5,Winter,WaterIntake,"л/ч",303.627991,306.712738,311.35495,0.999988,0.999988,0.999988,0.027381,0.029167
5,Winter,SnowCollector,"м²",30.224346,34.067242,36.523071,0.999988,0.999988,0.999988,0,0
5,Winter,WaterReservoir,"л",6196.975586,6325.875488,6537.653809,0.999988,0.999988,0.999988,0.555091,1
5,Winter,LiveBiomassHarvester,"кг сух. в-ва/ч",27.543671,27.543671,27.543671,0.999988,0.999988,0.999988,0.001389,0.001389
5,Winter,DryBiomassCollector,"кг/ч",41.374577,41.706486,42.247753,0.999988,0.999988,0.999988,0.127042,0.197222
5,Winter,Dryer,"кг сух. в-ва/ч",17.86941,19.649529,20.826447,0.999988,0.999988,0.999988,0,0
5,Winter,OrganicStorage,"кг",4710.014648,4857.932129,5100.913574,0.999988,0.999988,0.999988,0.605032,1
5,Winter,Furnace,"кВт",87.203682,87.73558,88.603104,0.999988,0.999988,0.999988,0.237228,1
5,Winter,Battery,"кВт·ч",280,280,280,0.999988,0.999988,0.999988,0.276748,0.495833
5,Winter,ElectricMotor,"кВт",130,130,130,0.999988,0.999988,0.999988,0.003271,0.109722
5,Winter,ThermalOrgan,"кВт",40.660652,42.638077,43.677071,0.999988,0.999988,0.999988,0.041162,1
5,Winter,Radiator,"кВт",85.900574,85.939331,86.01162,0.999988,0.999988,0.999988,0.178448,1
5,Winter,GrowthTissue,"кг структуры/сут",2.442041,2.586659,2.822072,0.999988,0.999988,0.999988,0.308873,0.383333
5,Winter,Frame,"кг несущей способности",33444.507813,34013.671875,34966.894531,0.999988,0.999988,0.999988,0.904316,1
5,Spring,Sail,"м²",232.499878,233.951355,236.260071,0.999988,0.999988,0.999988,0.270182,0.370924
5,Spring,SolarLeaf,"м²",158.173584,158.510193,158.983749,0.999988,0.999988,0.999988,0.239269,0.493207
5,Spring,WaterIntake,"л/ч",304.274994,305.272186,306.941772,0.999988,0.999988,0.999988,0.021037,0.021739
5,Spring,SnowCollector,"м²",33.748638,34.540043,35.376331,0.999988,0.999988,0.999988,0,0
5,Spring,WaterReservoir,"л",6235.327637,6267.050293,6314.314941,0.999988,0.999988,0.999988,0.501213,1
5,Spring,LiveBiomassHarvester,"кг сух. в-ва/ч",27.543671,27.543671,27.543671,0.999988,0.999988,0.999988,0.021739,0.021739
5,Spring,DryBiomassCollector,"кг/ч",41.481224,41.567135,41.699341,0.999988,0.999988,0.999988,0.126605,0.133152
5,Spring,Dryer,"кг сух. в-ва/ч",19.522272,19.835962,20.197912,0.999988,0.999988,0.999988,0,0
5,Spring,OrganicStorage,"кг",4755.706055,4790.936035,4844.588379,0.999988,0.999988,0.999988,0.599028,1
5,Spring,Furnace,"кВт",87.374496,87.512062,87.723969,0.999988,0.999988,0.999988,0.236544,1
5,Spring,Battery,"кВт·ч",280,280,280,0.999988,0.999988,0.999988,0.473758,0.657609
5,Spring,ElectricMotor,"кВт",130,130,130,0.999988,0.999988,0.999988,0.005828,0.195652
5,Spring,ThermalOrgan,"кВт",43.445576,43.668549,43.684113,0.999988,0.999988,0.999988,0.005065,0.237772
5,Spring,Radiator,"кВт",85.901398,85.962364,86.004936,0.999988,0.999988,0.999988,0.214174,1
5,Spring,GrowthTissue,"кг структуры/сут",2.472956,2.547842,2.593149,0.999988,0.999988,0.999988,0.331274,0.461957
5,Spring,Frame,"кг несущей способности",33671.515625,33892.527344,34068.269531,0.999988,0.999988,0.999988,0.888296,1
5,Summer,Sail,"м²",236.312164,239.735077,243.200424,0.999988,0.999988,0.999988,0.320119,0.41712
5,Summer,SolarLeaf,"м²",158.99324,159.638885,160.274887,0.999988,0.999988,0.999988,0.329366,0.550272
5,Summer,WaterIntake,"л/ч",306.941772,307.71933,308.353058,0.999988,0.999988,0.999988,0.024913,0.025815
5,Summer,SnowCollector,"м²",32.178181,32.960491,33.746319,0.999988,0.999988,0.999988,0,0
5,Summer,WaterReservoir,"л",6315.204102,6373.666016,6430.396973,0.999988,0.999988,0.999988,0.460286,1
5,Summer,LiveBiomassHarvester,"кг сух. в-ва/ч",27.543671,27.543671,27.543671,0.999988,0.999988,0.999988,0.024457,0.024457
5,Summer,DryBiomassCollector,"кг/ч",41.699341,41.836136,41.972721,0.999988,0.999988,0.999988,0.125864,0.148098
5,Summer,Dryer,"кг сух. в-ва/ч",18.925671,19.222664,19.520929,0.999988,0.999988,0.999988,0,0
5,Summer,OrganicStorage,"кг",4845.274414,4911.70752,4977.29834,0.999988,0.999988,0.999988,0.598214,1
5,Summer,Furnace,"кВт",87.723969,87.943382,88.162392,0.999988,0.999988,0.999988,0.235846,1
5,Summer,Battery,"кВт·ч",280,280,280,0.999988,0.999988,0.999988,0.545177,0.79212
5,Summer,ElectricMotor,"кВт",130,130,130,0.999988,0.999988,0.999988,0.006902,0.201087
5,Summer,ThermalOrgan,"кВт",41.365696,42.398479,43.442589,0.999988,0.999988,0.999988,0.000574,0.006793
5,Summer,Radiator,"кВт",86.004936,86.007835,86.009666,0.999988,0.999988,0.999988,0.228818,1
5,Summer,GrowthTissue,"кг структуры/сут",2.593149,2.632541,2.737226,0.999988,0.999988,0.999988,0.304902,0.487772
5,Summer,Frame,"кг несущей способности",34068.695313,34247.929688,34443.808594,0.999988,0.999988,0.999988,0.883042,1
5,Autumn,Sail,"м²",243.207138,246.406662,248.683273,0.999988,0.999988,0.999988,0.240264,0.328297
5,Autumn,SolarLeaf,"м²",160.276062,160.797852,161.145477,0.999988,0.999988,0.999988,0.114588,0.40522
5,Autumn,WaterIntake,"л/ч",308.353058,309.190979,311.35495,0.999988,0.999988,0.999988,0.022818,0.026099
5,Autumn,SnowCollector,"м²",30.74411,31.429745,32.175968,0.999988,0.999988,0.999988,0,0
5,Autumn,WaterReservoir,"л",6430.504395,6484.588379,6530.530273,0.999988,0.999988,0.999988,0.448116,1
5,Autumn,LiveBiomassHarvester,"кг сух. в-ва/ч",27.543671,27.543671,27.543671,0.999988,0.999988,0.999988,0.005495,0.005495
5,Autumn,DryBiomassCollector,"кг/ч",41.972721,42.099003,42.229012,0.999988,0.999988,0.999988,0.125965,0.141484
5,Autumn,Dryer,"кг сух. в-ва/ч",18.174206,18.566957,18.92437,0.999988,0.999988,0.999988,0,0
5,Autumn,OrganicStorage,"кг",4977.382324,5039.234863,5092.490234,0.999988,0.999988,0.999988,0.601366,1
5,Autumn,Furnace,"кВт",88.162392,88.364754,88.573105,0.999988,0.999988,0.999988,0.23725,1
5,Autumn,Battery,"кВт·ч",280,280,280,0.999988,0.999988,0.999988,0.37607,0.593407
5,Autumn,ElectricMotor,"кВт",130,130,130,0.999988,0.999988,0.999988,0.006049,0.186813
5,Autumn,ThermalOrgan,"кВт",40.644001,40.777195,41.36285,0.999988,0.999988,0.999988,0.032743,0.946429
5,Autumn,Radiator,"кВт",86.009666,86.010651,86.01162,0.999988,0.999988,0.999988,0.193218,1
5,Autumn,GrowthTissue,"кг структуры/сут",2.737226,2.78792,2.822072,0.999988,0.999988,0.999988,0.282667,0.428571
5,Autumn,Frame,"кг несущей способности",34445.539063,34636.675781,34806.386719,0.999988,0.999988,0.999988,0.885723,1
6,Winter,Sail,"м²",249.022354,253.866882,262.467346,0.999988,0.999988,0.999988,0.160889,0.291667
6,Winter,SolarLeaf,"м²",161.192352,162.243179,164.141953,0.999988,0.999988,0.999988,0.039045,0.295833
6,Winter,WaterIntake,"л/ч",311.35495,313.184021,316.665131,0.999988,0.999988,0.999988,0.022177,0.029167
6,Winter,SnowCollector,"м²",24.951719,28.163179,30.222269,0.999988,0.999988,0.999988,0,0
6,Winter,WaterReservoir,"л",6537.653809,6630.099609,6790.80127,0.999988,0.999988,0.999988,0.563848,1
6,Winter,LiveBiomassHarvester,"кг сух. в-ва/ч",27.180603,27.369593,27.543671,0.999988,0.999988,0.999988,0.001389,0.001389
6,Winter,DryBiomassCollector,"кг/ч",42.247753,42.524952,42.979778,0.999988,0.999988,0.999988,0.124211,0.173611
6,Winter,Dryer,"кг сух. в-ва/ч",15.656199,16.972681,17.868181,0.999988,0.999988,0.999988,0,0
6,Winter,OrganicStorage,"кг",5100.913574,5209.959473,5394.54834,0.999988,0.999988,0.999988,0.602123,1
6,Winter,Furnace,"кВт",88.603104,89.046219,89.773392,0.999988,0.999988,0.999988,0.228616,1
6,Winter,Battery,"кВт·ч",280,280,280,0.999988,0.999988,0.999988,0.282598,0.541667
6,Winter,ElectricMotor,"кВт",130,130,130,0.999988,0.999988,0.999988,0.003699,0.15
6,Winter,ThermalOrgan,"кВт",38.166409,39.801525,40.660652,0.999988,0.999988,0.999988,0.049583,1
6,Winter,Radiator,"кВт",86.01162,86.158897,86.431534,0.999988,0.999988,0.999988,0.159433,1
6,Winter,GrowthTissue,"кг структуры/сут",2.822072,2.875848,2.928719,0.999988,0.999988,0.999988,0.322766,0.377778
6,Winter,Frame,"кг несущей способности",34966.894531,35634.164063,36742.941406,0.999988,0.999988,0.999988,0.90289,1
6,Spring,Sail,"м²",249.970261,251.839767,254.246613,0.999988,0.999988,0.999988,0.337474,0.445652
6,Spring,SolarLeaf,"м²",161.367218,161.637802,162.020004,0.999988,0.999988,0.999988,0.243735,0.506793
6,Spring,WaterIntake,"л/ч",311.35495,311.35495,311.35495,0.999988,0.999988,0.999988,0.023208,0.024457
6,Spring,SnowCollector,"м²",27.830851,28.538584,29.26129,0.999988,0.999988,0.999988,0,0
6,Spring,WaterReservoir,"л",6559.669434,6592.950195,6633.823242,0.999988,0.999988,0.999988,0.554917,1
6,Spring,LiveBiomassHarvester,"кг сух. в-ва/ч",27.180603,27.180603,27.180603,0.999988,0.999988,0.999988,0.021739,0.021739
6,Spring,DryBiomassCollector,"кг/ч",42.348373,42.420837,42.505478,0.999988,0.999988,0.999988,0.125776,0.130435
6,Spring,Dryer,"кг сух. в-ва/ч",16.833021,17.071354,17.35951,0.999988,0.999988,0.999988,0,0
6,Spring,OrganicStorage,"кг",5133.431641,5169.116211,5212.561035,0.999988,0.999988,0.999988,0.5987,1
6,Spring,Furnace,"кВт",88.763779,88.87999,89.015755,0.999988,0.999988,0.999988,0.236071,1
6,Spring,Battery,"кВт·ч",280,280,280,0.999988,0.999988,0.999988,0.479316,0.752717
6,Spring,ElectricMotor,"кВт",130,130,130,0.999988,0.999988,0.999988,0.008796,0.251359
6,Spring,ThermalOrgan,"кВт",40.660652,40.660652,40.660652,0.999988,0.999988,0.999988,0.007963,0.341033
6,Spring,Radiator,"кВт",86.03804,86.043724,86.058792,0.999988,0.999988,0.999988,0.214793,1
6,Spring,GrowthTissue,"кг структуры/сут",2.863253,2.873798,2.878451,0.999988,0.999988,0.999988,0.35991,0.460598
6,Spring,Frame,"кг несущей способности",35229.828125,35492.125,35742.148438,0.999988,0.999988,0.999988,0.89897,1
6,Summer,Sail,"м²",254.253662,255.388748,257.067352,0.999988,0.999988,0.999988,0.373899,0.438859
6,Summer,SolarLeaf,"м²",162.02121,162.340622,162.850815,0.999988,0.999988,0.999988,0.326817,0.559783
6,Summer,WaterIntake,"л/ч",311.35495,311.35495,311.35495,0.999988,0.999988,0.999988,0.023331,0.025815
6,Summer,SnowCollector,"м²",26.457596,27.137499,27.828938,0.999988,0.999988,0.999988,0,0
6,Summer,WaterReservoir,"л",6633.94873,6653.339355,6681.032715,0.999988,0.999988,0.999988,0.558818,1
6,Summer,LiveBiomassHarvester,"кг сух. в-ва/ч",27.180603,27.180603,27.180603,0.999988,0.999988,0.999988,0.024457,0.024457
6,Summer,DryBiomassCollector,"кг/ч",42.505478,42.574947,42.673775,0.999988,0.999988,0.999988,0.12348,0.131793
6,Summer,Dryer,"кг сух. в-ва/ч",16.459597,16.638227,16.831863,0.999988,0.999988,0.999988,0,0
6,Summer,OrganicStorage,"кг",5212.647949,5237.727539,5273.505859,0.999988,0.999988,0.999988,0.596944,1
6,Summer,Furnace,"кВт",89.015755,89.127266,89.285812,0.999988,0.999988,0.999988,0.234511,1
6,Summer,Battery,"кВт·ч",280,280,280,0.999988,0.999988,0.999988,0.51656,0.865489
6,Summer,ElectricMotor,"кВт",130,130,130,0.999988,0.999988,0.999988,0.011357,0.339674
6,Summer,ThermalOrgan,"кВт",38.771458,39.764198,40.660652,0.999988,0.999988,0.999988,0.000522,0.004076
6,Summer,Radiator,"кВт",86.058792,86.108566,86.201248,0.999988,0.999988,0.999988,0.233472,1
6,Summer,GrowthTissue,"кг структуры/сут",2.878451,2.891354,2.914003,0.999988,0.999988,0.999988,0.347907,0.438859
6,Summer,Frame,"кг несущей способности",35743.964844,35992.1875,36227.59375,0.999988,0.999988,0.999988,0.894797,1
6,Autumn,Sail,"м²",257.067352,259.586975,262.063995,0.999988,0.999988,0.999988,0.259509,0.32967
6,Autumn,SolarLeaf,"м²",162.850815,163.60376,164.087097,0.999988,0.999988,0.999988,0.112239,0.413462
6,Autumn,WaterIntake,"л/ч",311.35495,313.055817,316.665131,0.999988,0.999988,0.999988,0.022801,0.023352
6,Autumn,SnowCollector,"м²",25.335653,25.878195,26.455776,0.999988,0.999988,0.999988,0,0
6,Autumn,WaterReservoir,"л",6681.032715,6727.683594,6782.037109,0.999988,0.999988,0.999988,0.490793,1
6,Autumn,LiveBiomassHarvester,"кг сух. в-ва/ч",27.180603,27.180603,27.180603,0.999988,0.999988,0.999988,0.006868,0.006868
6,Autumn,DryBiomassCollector,"кг/ч",42.674442,42.824974,42.961887,0.999988,0.999988,0.999988,0.119661,0.125
6,Autumn,Dryer,"кг сух. в-ва/ч",15.923246,16.231472,16.470518,0.999988,0.999988,0.999988,0,0
6,Autumn,OrganicStorage,"кг",5273.617188,5329.570801,5385.313477,0.999988,0.999988,0.999988,0.600424,1
6,Autumn,Furnace,"кВт",89.28688,89.52697,89.744987,0.999988,0.999988,0.999988,0.223959,1
6,Autumn,Battery,"кВт·ч",280,280,280,0.999988,0.999988,0.999988,0.358063,0.60989
6,Autumn,ElectricMotor,"кВт",130,130,130,0.999988,0.999988,0.999988,0.008869,0.226648
6,Autumn,ThermalOrgan,"кВт",38.140938,38.251411,38.768791,0.999988,0.999988,0.999988,0.033541,0.927198
6,Autumn,Radiator,"кВт",86.201248,86.368439,86.431534,0.999988,0.999988,0.999988,0.191186,1
6,Autumn,GrowthTissue,"кг структуры/сут",2.914003,2.918364,2.91896,0.999988,0.999988,0.999988,0.262252,0.413462
6,Autumn,Frame,"кг несущей способности",36229.398438,36388.757813,36557.585938,0.999988,0.999988,0.999988,0.883361,1
7,Winter,Sail,"м²",262.467346,267.719635,277.14502,0.999988,0.999988,0.999988,0.145802,0.243056
7,Winter,SolarLeaf,"м²",164.141953,165.75824,168.70285,0.999988,0.999988,0.999988,0.039244,0.286111
7,Winter,WaterIntake,"л/ч",316.665131,317.729797,319.756104,0.999988,0.999988,0.999988,0.02302,0.027778
7,Winter,SnowCollector,"м²",20.543993,23.230749,24.950005,0.999988,0.999988,0.999988,0,0
7,Winter,WaterReservoir,"л",6790.80127,6892.663086,7071.025391,0.999988,0.999988,0.999988,0.547118,1
7,Winter,LiveBiomassHarvester,"кг сух. в-ва/ч",26.877703,27.005951,27.180603,0.999988,0.999988,0.999988,0.001389,0.001389
7,Winter,DryBiomassCollector,"кг/ч",42.979778,43.336658,43.975323,0.999988,0.999988,0.999988,0.115368,0.186111
7,Winter,Dryer,"кг сух. в-ва/ч",13.978309,14.970681,15.655122,0.999988,0.999988,0.999988,0,0
7,Winter,OrganicStorage,"кг",5394.54834,5526.725098,5761.660156,0.999988,0.999988,0.999988,0.599611,1
7,Winter,Furnace,"кВт",89.773392,90.338318,91.348839,0.999988,0.999988,0.999988,0.217148,1
7,Winter,Battery,"кВт·ч",280,280,280,0.999988,0.999988,0.999988,0.269899,0.538889
7,Winter,ElectricMotor,"кВт",130,130,130,0.999988,0.999988,0.999988,0.004691,0.175
7,Winter,ThermalOrgan,"кВт",35.83799,37.364399,38.166409,0.999988,0.999988,0.999988,0.05045,1
7,Winter,Radiator,"кВт",86.431534,86.793617,87.451012,0.999988,0.999988,0.999988,0.157343,1
7,Winter,GrowthTissue,"кг структуры/сут",2.928719,2.980833,3.065501,0.999988,0.999988,0.999988,0.289466,0.375
7,Winter,Frame,"кг несущей способности",36742.941406,37331.25,38237.375,0.999988,0.999988,0.999988,0.892049,1
7,Spring,Sail,"м²",263.760315,265.861359,267.803162,0.999988,0.999988,0.999988,0.306991,0.396739
7,Spring,SolarLeaf,"м²",164.448898,165.014877,165.882568,0.999988,0.999988,0.999988,0.243292,0.51087
7,Spring,WaterIntake,"л/ч",316.665131,316.888214,318.178345,0.999988,0.999988,0.999988,0.022621,0.027174
7,Spring,SnowCollector,"м²",23.025255,23.563911,24.153341,0.999988,0.999988,0.999988,0,0
7,Spring,WaterReservoir,"л",6821.703613,6866.40918,6906.050293,0.999988,0.999988,0.999988,0.516526,1
7,Spring,LiveBiomassHarvester,"кг сух. в-ва/ч",26.877703,26.877703,26.877703,0.999988,0.999988,0.999988,0.028533,0.028533
7,Spring,DryBiomassCollector,"кг/ч",43.091473,43.234329,43.373192,0.999988,0.999988,0.999988,0.115589,0.118207
7,Spring,Dryer,"кг сух. в-ва/ч",14.936021,15.061215,15.261809,0.999988,0.999988,0.999988,0,0
7,Spring,OrganicStorage,"кг",5434.646484,5490.20752,5539.407715,0.999988,0.999988,0.999988,0.595323,1
7,Spring,Furnace,"кВт",89.950714,90.177864,90.398354,0.999988,0.999988,0.999988,0.217489,1
7,Spring,Battery,"кВт·ч",280,280,280,0.999988,0.999988,0.999988,0.489124,0.726902
7,Spring,ElectricMotor,"кВт",130,130,130,0.999988,0.999988,0.999988,0.008403,0.255435
7,Spring,ThermalOrgan,"кВт",38.142815,38.167294,38.174305,0.999988,0.999988,0.999988,0.005531,0.241848
7,Spring,Radiator,"кВт",86.509872,86.640511,86.884109,0.999988,0.999988,0.999988,0.20302,1
7,Spring,GrowthTissue,"кг структуры/сут",2.938883,2.940143,2.943908,0.999988,0.999988,0.999988,0.277811,0.423913
7,Spring,Frame,"кг несущей способности",37015.566406,37195.773438,37373.613281,0.999988,0.999988,0.999988,0.883322,1
7,Summer,Sail,"м²",267.803162,269.38385,271.043365,0.999988,0.999988,0.999988,0.353278,0.42663
7,Summer,SolarLeaf,"м²",165.882568,166.634491,167.342651,0.999988,0.999988,0.999988,0.327457,0.550272
7,Summer,WaterIntake,"л/ч",318.178345,318.178345,318.178345,0.999988,0.999988,0.999988,0.023517,0.033967
7,Summer,SnowCollector,"м²",21.892138,22.454567,23.023672,0.999988,0.999988,0.999988,0,0
7,Summer,WaterReservoir,"л",6906.050293,6931.691895,6958.872559,0.999988,0.999988,0.999988,0.52329,1
7,Summer,LiveBiomassHarvester,"кг сух. в-ва/ч",26.877703,26.877703,26.877703,0.999988,0.999988,0.999988,0.03125,0.03125
7,Summer,DryBiomassCollector,"кг/ч",43.373192,43.48238,43.596153,0.999988,0.999988,0.999988,0.110711,0.130435
7,Summer,Dryer,"кг сух. в-ва/ч",14.677454,14.82125,14.972206,0.999988,0.999988,0.999988,0,0
7,Summer,OrganicStorage,"кг",5539.407715,5576.930176,5616.042969,0.999988,0.999988,0.999988,0.595786,1
7,Summer,Furnace,"кВт",90.398354,90.571228,90.750717,0.999988,0.999988,0.999988,0.208451,1
7,Summer,Battery,"кВт·ч",280,280,280,0.999988,0.999988,0.999988,0.526429,0.773098
7,Summer,ElectricMotor,"кВт",130,130,130,0.999988,0.999988,0.999988,0.010027,0.320652
7,Summer,ThermalOrgan,"кВт",36.26572,37.197433,38.140194,0.999988,0.999988,0.999988,0.000583,0.012228
7,Summer,Radiator,"кВт",86.884109,87.073685,87.237885,0.999988,0.999988,0.999988,0.208924,1
7,Summer,GrowthTissue,"кг структуры/сут",2.943908,2.943908,2.943908,0.999988,0.999988,0.999988,0.290392,0.40625
7,Summer,Frame,"кг несущей способности",37373.613281,37568.527344,37763.867188,0.999988,0.999988,0.999988,0.884907,1
7,Autumn,Sail,"м²",271.043365,273.578033,275.827728,0.999988,0.999988,0.999988,0.266456,0.362637
7,Autumn,SolarLeaf,"м²",167.342651,168.050522,168.52095,0.999988,0.999988,0.999988,0.111843,0.40522
7,Autumn,WaterIntake,"л/ч",318.178345,319.1763,319.756104,0.999988,0.999988,0.999988,0.022461,0.023352
7,Autumn,SnowCollector,"м²",20.894413,21.397501,21.890633,0.999988,0.999988,0.999988,0,0
7,Autumn,WaterReservoir,"л",6958.872559,7003.443848,7044.247559,0.999988,0.999988,0.999988,0.481567,1
7,Autumn,LiveBiomassHarvester,"кг сух. в-ва/ч",26.877703,26.877703,26.877703,0.999988,0.999988,0.999988,0.006868,0.006868
7,Autumn,DryBiomassCollector,"кг/ч",43.602337,43.756874,43.901295,0.999988,0.999988,0.999988,0.114259,0.120879
7,Autumn,Dryer,"кг сух. в-ва/ч",14.214285,14.470763,14.680455,0.999988,0.999988,0.999988,0,0
7,Autumn,OrganicStorage,"кг",5617.104004,5674.622559,5728.754883,0.999988,0.999988,0.999988,0.598262,1
7,Autumn,Furnace,"кВт",90.760468,91.003998,91.232079,0.999988,0.999988,0.999988,0.211882,1
7,Autumn,Battery,"кВт·ч",280,280,280,0.999988,0.999988,0.999988,0.350321,0.631868
7,Autumn,ElectricMotor,"кВт",130,130,130,0.999988,0.999988,0.999988,0.010369,0.262363
7,Autumn,ThermalOrgan,"кВт",35.83363,35.888721,36.263226,0.999988,0.999988,0.999988,0.037494,0.946429
7,Autumn,Radiator,"кВт",87.237885,87.375847,87.449997,0.999988,0.999988,0.999988,0.176107,1
7,Autumn,GrowthTissue,"кг структуры/сут",2.943908,3.023436,3.063112,0.999988,0.999988,0.999988,0.25841,0.402473
7,Autumn,Frame,"кг несущей способности",37763.867188,37929.886719,38103.238281,0.999988,0.999988,0.999988,0.879571,1
8,Winter,Sail,"м²",277.14502,283.423676,293.340668,0.999988,0.999988,0.999988,0.158618,0.275
8,Winter,SolarLeaf,"м²",168.70285,170.780655,174.402466,0.999988,0.999988,0.999988,0.040971,0.284722
8,Winter,WaterIntake,"л/ч",319.756104,323.212891,330.65802,0.999988,0.999988,0.999988,0.024229,0.029167
8,Winter,SnowCollector,"м²",17.224487,19.225052,20.54258,0.999988,0.999988,0.999988,0,0
8,Winter,WaterReservoir,"л",7071.025391,7201.326172,7403.59668,0.999988,0.999988,0.999988,0.492727,1
8,Winter,LiveBiomassHarvester,"кг сух. в-ва/ч",26.857384,26.865257,26.877703,0.999988,0.999988,0.999988,0.004167,0.004167
8,Winter,DryBiomassCollector,"кг/ч",43.975323,44.370056,45.008678,0.999988,0.999988,0.999988,0.107693,0.154167
8,Winter,Dryer,"кг сух. в-ва/ч",12.69575,13.439611,13.977347,0.999988,0.999988,0.999988,0,0
8,Winter,OrganicStorage,"кг",5761.660156,5920.199219,6167.24707,0.999988,0.999988,0.999988,0.59561,1
8,Winter,Furnace,"кВт",91.348839,91.96685,92.965942,0.999988,0.999988,0.999988,0.199308,1
8,Winter,Battery,"кВт·ч",280,280,280,0.999988,0.999988,0.999988,0.257243,0.523611
8,Winter,ElectricMotor,"кВт",130,130,130,0.999988,0.999988,0.999988,0.005305,0.165278
8,Winter,ThermalOrgan,"кВт",33.274887,34.958519,35.83799,0.999988,0.999988,0.999988,0.050767,1
8,Winter,Radiator,"кВт",87.451012,87.936264,88.835831,0.999988,0.999988,0.999988,0.142058,1
8,Winter,GrowthTissue,"кг структуры/сут",3.065501,3.152592,3.316799,0.999988,0.999988,0.999988,0.233088,0.363889
8,Winter,Frame,"кг несущей способности",38237.375,38785.199219,39689.140625,0.999988,0.999988,0.999988,0.882554,1
8,Spring,Sail,"м²",279.825745,281.817627,283.597931,0.999988,0.999988,0.999988,0.265481,0.366848
8,Spring,SolarLeaf,"м²",169.162643,170.006348,171.178909,0.999988,0.999988,0.999988,0.243268,0.509511
8,Spring,WaterIntake,"л/ч",319.756104,320.175995,322.223969,0.999988,0.999988,0.999988,0.023098,0.023098
8,Spring,SnowCollector,"м²",19.015308,19.417955,19.892126,0.999988,0.999988,0.999988,0,0
8,Spring,WaterReservoir,"л",7131.362793,7171.834473,7210.078125,0.999988,0.999988,0.999988,0.46691,1
8,Spring,LiveBiomassHarvester,"кг сух. в-ва/ч",26.857384,26.857384,26.857384,0.999988,0.999988,0.999988,0.036685,0.036685
8,Spring,DryBiomassCollector,"кг/ч",44.140858,44.28968,44.449108,0.999988,0.999988,0.999988,0.106443,0.110054
8,Spring,Dryer,"кг сух. в-ва/ч",13.448864,13.504344,13.606461,0.999988,0.999988,0.999988,0,0
8,Spring,OrganicStorage,"кг",5834.55957,5890.022949,5942.34082,0.999988,0.999988,0.999988,0.59488,1
8,Spring,Furnace,"кВт",91.608894,91.842567,92.09285,0.999988,0.999988,0.999988,0.199571,1
8,Spring,Battery,"кВт·ч",280,280,280,0.999988,0.999988,0.999988,0.485406,0.702446
8,Spring,ElectricMotor,"кВт",130,130,130,0.999988,0.999988,0.999988,0.008379,0.271739
8,Spring,ThermalOrgan,"кВт",35.742489,35.836857,35.850777,0.999988,0.999988,0.999988,0.003773,0.173913
8,Spring,Radiator,"кВт",87.500557,87.768517,88.151924,0.999988,0.999988,0.999988,0.187733,1
8,Spring,GrowthTissue,"кг структуры/сут",3.086581,3.093251,3.098738,0.999988,0.999988,0.999988,0.248767,0.404891
8,Spring,Frame,"кг несущей способности",38447.914063,38611.285156,38757.90625,0.999988,0.999988,0.999988,0.878875,1
8,Summer,Sail,"м²",283.662262,285.349579,286.863251,0.999988,0.999988,0.999988,0.339732,0.41712
8,Summer,SolarLeaf,"м²",171.190247,172.100189,172.984283,0.999988,0.999988,0.999988,0.326097,0.555707
8,Summer,WaterIntake,"л/ч",322.223969,325.88559,328.110382,0.999988,0.999988,0.999988,0.026982,0.032609
8,Summer,SnowCollector,"м²",18.290462,18.683237,19.072535,0.999988,0.999988,0.999988,0,0
8,Summer,WaterReservoir,"л",7211.125,7248.263184,7278.761719,0.999988,0.999988,0.999988,0.491447,1
8,Summer,LiveBiomassHarvester,"кг сух. в-ва/ч",26.857384,26.857384,26.857384,0.999988,0.999988,0.999988,0.039402,0.039402
8,Summer,DryBiomassCollector,"кг/ч",44.449108,44.563438,44.686512,0.999988,0.999988,0.999988,0.101378,0.144022
8,Summer,Dryer,"кг сух. в-ва/ч",13.299933,13.39015,13.483274,0.999988,0.999988,0.999988,0,0
8,Summer,OrganicStorage,"кг",5943.157715,5983.824707,6023.429688,0.999988,0.999988,0.999988,0.594037,1
8,Summer,Furnace,"кВт",92.09285,92.271706,92.463943,0.999988,0.999988,0.999988,0.191021,1
8,Summer,Battery,"кВт·ч",280,280,280,0.999988,0.999988,0.999988,0.524283,0.75
8,Summer,ElectricMotor,"кВт",130,130,130,0.999988,0.999988,0.999988,0.010624,0.305707
8,Summer,ThermalOrgan,"кВт",34.038456,34.88876,35.743649,0.999988,0.999988,0.999988,0,0
8,Summer,Radiator,"кВт",88.151924,88.385201,88.619476,0.999988,0.999988,0.999988,0.192743,1
8,Summer,GrowthTissue,"кг структуры/сут",3.098738,3.161285,3.248866,0.999988,0.999988,0.999988,0.295461,0.422554
8,Summer,Frame,"кг несущей способности",38758.410156,38954.175781,39167.621094,0.999988,0.999988,0.999988,0.883228,1
8,Autumn,Sail,"м²",286.933167,289.200104,291.386047,0.999988,0.999988,0.999988,0.261116,0.34478
8,Autumn,SolarLeaf,"м²",172.996155,173.593857,174.114777,0.999988,0.999988,0.999988,0.114235,0.406593
8,Autumn,WaterIntake,"л/ч",328.110382,328.110382,328.110382,0.999988,0.999988,0.999988,0.022613,0.023352
8,Autumn,SnowCollector,"м²",17.42062,17.856903,18.302151,0.999988,0.999988,0.999988,0,0
8,Autumn,WaterReservoir,"л",7279.874023,7318.385742,7357.625,0.999988,0.999988,0.999988,0.513878,1
8,Autumn,LiveBiomassHarvester,"кг сух. в-ва/ч",26.857384,26.857384,26.857384,0.999988,0.999988,0.999988,0.010989,0.010989
8,Autumn,DryBiomassCollector,"кг/ч",44.686512,44.796806,44.910835,0.999988,0.999988,0.999988,0.101545,0.103022
8,Autumn,Dryer,"кг сух. в-ва/ч",12.898114,13.11097,13.299019,0.999988,0.999988,0.999988,0,0
8,Autumn,OrganicStorage,"кг",6024.270508,6072.162109,6121.464844,0.999988,0.999988,0.999988,0.595748,1
8,Autumn,Furnace,"кВт",92.463943,92.635468,92.813034,0.999988,0.999988,0.999988,0.191793,1
8,Autumn,Battery,"кВт·ч",280,280,280,0.999988,0.999988,0.999988,0.325293,0.59478
8,Autumn,ElectricMotor,"кВт",130,130,130,0.999988,0.999988,0.999988,0.011579,0.28022
8,Autumn,ThermalOrgan,"кВт",33.274887,33.447136,34.036118,0.999988,0.999988,0.999988,0.029631,0.743132
8,Autumn,Radiator,"кВт",88.619476,88.728279,88.820175,0.999988,0.999988,0.999988,0.160237,1
8,Autumn,GrowthTissue,"кг структуры/сут",3.248866,3.263149,3.270484,0.999988,0.999988,0.999988,0.273764,0.388736
8,Autumn,Frame,"кг несущей способности",39168.144531,39382.558594,39582.007813,0.999988,0.999988,0.999988,0.887522,1
9,Winter,Sail,"м²",293.340668,299.026428,307.687317,0.999988,0.999988,0.999988,0.148031,0.268056
9,Winter,SolarLeaf,"м²",174.402466,176.312637,179.621735,0.999988,0.999988,0.999988,0.037882,0.291667
9,Winter,WaterIntake,"л/ч",330.65802,333.115875,337.793762,0.999988,0.999988,0.999988,0.019986,0.025
9,Winter,SnowCollector,"м²",14.355993,16.099506,17.223303,0.999988,0.999988,0.999988,0,0
9,Winter,WaterReservoir,"л",7403.59668,7519.101074,7691.478516,0.999988,0.999988,0.999988,0.544408,1
9,Winter,LiveBiomassHarvester,"кг сух. в-ва/ч",26.857384,26.857384,26.857384,0.999988,0.999988,0.999988,0.001389,0.001389
9,Winter,DryBiomassCollector,"кг/ч",45.008678,45.339466,45.846848,0.999988,0.999988,0.999988,0.10235,0.1625
9,Winter,Dryer,"кг сух. в-ва/ч",11.485733,12.188857,12.694878,0.999988,0.999988,0.999988,0,0
9,Winter,OrganicStorage,"кг",6167.24707,6305.95752,6512.440918,0.999988,0.999988,0.999988,0.599231,1
9,Winter,Furnace,"кВт",92.965942,93.479935,94.268074,0.999988,0.999988,0.999988,0.192173,1
9,Winter,Battery,"кВт·ч",280,280,280,0.999988,0.999988,0.999988,0.271462,0.554167
9,Winter,ElectricMotor,"кВт",130,130,130,0.999988,0.999988,0.999988,0.004103,0.145833
9,Winter,ThermalOrgan,"кВт",31.662342,32.729198,33.289753,0.999988,0.999988,0.999988,0.066329,1
9,Winter,Radiator,"кВт",88.835831,89.253479,90.035263,0.999988,0.999988,0.999988,0.122029,1
9,Winter,GrowthTissue,"кг структуры/сут",3.316799,3.398722,3.556773,0.999988,0.999988,0.999988,0.28222,0.352778
9,Winter,Frame,"кг несущей способности",39689.140625,40329.597656,41431.464844,0.999988,0.999988,0.999988,0.89673,1
9,Spring,Sail,"м²",295.533905,297.311188,299.525574,0.999988,0.999988,0.999988,0.265059,0.372283
9,Spring,SolarLeaf,"м²",174.746643,175.439087,176.594727,0.999988,0.999988,0.999988,0.241459,0.505435
9,Spring,WaterIntake,"л/ч",330.65802,331.867096,334.173553,0.999988,0.999988,0.999988,0.023098,0.023098
9,Spring,SnowCollector,"м²",15.99548,16.313555,16.680235,0.999988,0.999988,0.999988,0,0
9,Spring,WaterReservoir,"л",7451.586914,7490.270996,7538.382324,0.999988,0.999988,0.999988,0.508995,1
9,Spring,LiveBiomassHarvester,"кг сух. в-ва/ч",26.857384,26.857384,26.857384,0.999988,0.999988,0.999988,0.032609,0.032609
9,Spring,DryBiomassCollector,"кг/ч",45.129242,45.224846,45.348167,0.999988,0.999988,0.999988,0.099136,0.099185
9,Spring,Dryer,"кг сух. в-ва/ч",12.173128,12.226662,12.34412,0.999988,0.999988,0.999988,0,0
9,Spring,OrganicStorage,"кг",6224.643066,6266.864746,6319.111328,0.999988,0.999988,0.999988,0.594002,1
9,Spring,Furnace,"кВт",93.15361,93.302628,93.494537,0.999988,0.999988,0.999988,0.185576,1
9,Spring,Battery,"кВт·ч",280,280,280,0.999988,0.999988,0.999988,0.482616,0.673913
9,Spring,ElectricMotor,"кВт",130,130,130,0.999988,0.999988,0.999988,0.008803,0.244565
9,Spring,ThermalOrgan,"кВт",33.289753,33.296223,33.308506,0.999988,0.999988,0.999988,0.007335,0.278533
9,Spring,Radiator,"кВт",88.857544,89.050537,89.392227,0.999988,0.999988,0.999988,0.173644,1
9,Spring,GrowthTissue,"кг структуры/сут",3.316799,3.346535,3.422966,0.999988,0.999988,0.999988,0.280109,0.414402
9,Spring,Frame,"кг несущей способности",39944.644531,40169.8125,40356.078125,0.999988,0.999988,0.999988,0.886252,1
9,Summer,Sail,"м²",299.525574,300.785248,302.692932,0.999988,0.999988,0.999988,0.336191,0.402174
9,Summer,SolarLeaf,"м²",176.594727,177.408997,178.335068,0.999988,0.999988,0.999988,0.326697,0.550272
9,Summer,WaterIntake,"л/ч",334.173553,334.173553,334.173553,0.999988,0.999988,0.999988,0.021974,0.027174
9,Summer,SnowCollector,"м²",15.2104,15.599852,15.99438,0.999988,0.999988,0.999988,0,0
9,Summer,WaterReservoir,"л",7538.382324,7559.85498,7591.591797,0.999988,0.999988,0.999988,0.514979,1
9,Summer,LiveBiomassHarvester,"кг сух. в-ва/ч",26.857384,26.857384,26.857384,0.999988,0.999988,0.999988,0.035312,0.036685
9,Summer,DryBiomassCollector,"кг/ч",45.348167,45.463539,45.588661,0.999988,0.999988,0.999988,0.094886,0.111413
9,Summer,Dryer,"кг сух. в-ва/ч",12.0534,12.129614,12.217052,0.999988,0.999988,0.999988,0,0
9,Summer,OrganicStorage,"кг",6319.111328,6355.206543,6400.488281,0.999988,0.999988,0.999988,0.593847,1
9,Summer,Furnace,"кВт",93.494537,93.673325,93.86705,0.999988,0.999988,0.999988,0.178796,1
9,Summer,Battery,"кВт·ч",280,280,280,0.999988,0.999988,0.999988,0.52234,0.747283
9,Summer,ElectricMotor,"кВт",130,130,130,0.999988,0.999988,0.999988,0.011154,0.324728
9,Summer,ThermalOrgan,"кВт",31.804615,32.61343,33.308506,0.999988,0.999988,0.999988,0.001199,0.05163
9,Summer,Radiator,"кВт",89.392227,89.610046,89.825294,0.999988,0.999988,0.999988,0.183781,1
9,Summer,GrowthTissue,"кг структуры/сут",3.422966,3.47184,3.478323,0.999988,0.999988,0.999988,0.285037,0.391304
9,Summer,Frame,"кг несущей способности",40356.078125,40584.351563,40807.441406,0.999988,0.999988,0.999988,0.886867,1
9,Autumn,Sail,"м²",302.692932,305.560211,307.250488,0.999988,0.999988,0.999988,0.211027,0.32967
9,Autumn,SolarLeaf,"м²",178.335068,179.157837,179.558578,0.999988,0.999988,0.999988,0.109816,0.40522
9,Autumn,WaterIntake,"л/ч",334.173553,337.279114,337.793762,0.999988,0.999988,0.999988,0.024431,0.028846
9,Autumn,SnowCollector,"м²",14.602867,14.953204,15.241195,0.999988,0.999988,0.999988,0,0
9,Autumn,WaterReservoir,"л",7591.591797,7648.999023,7681.211914,0.999988,0.999988,0.999988,0.493121,1
9,Autumn,LiveBiomassHarvester,"кг сух. в-ва/ч",26.857384,26.857384,26.857384,0.999988,0.999988,0.999988,0.006868,0.006868
9,Autumn,DryBiomassCollector,"кг/ч",45.588661,45.728024,45.828239,0.999988,0.999988,0.999988,0.101458,0.112637
9,Autumn,Dryer,"кг сух. в-ва/ч",11.68325,11.89928,12.058337,0.999988,0.999988,0.999988,0,0
9,Autumn,OrganicStorage,"кг",6400.488281,6461.318359,6501.995605,0.999988,0.999988,0.999988,0.595784,1
9,Autumn,Furnace,"кВт",93.86705,94.083092,94.239098,0.999988,0.999988,0.999988,0.190543,1
9,Autumn,Battery,"кВт·ч",280,280,280,0.999988,0.999988,0.999988,0.357381,0.589286
9,Autumn,ElectricMotor,"кВт",130,130,130,0.999988,0.999988,0.999988,0.009005,0.21978
9,Autumn,ThermalOrgan,"кВт",31.652641,31.667917,31.802429,0.999988,0.999988,0.999988,0.053042,0.989011
9,Autumn,Radiator,"кВт",89.825294,89.97393,90.035263,0.999988,0.999988,0.999988,0.145051,1
9,Autumn,GrowthTissue,"кг структуры/сут",3.478323,3.508353,3.550798,0.999988,0.999988,0.999988,0.264616,0.380495
9,Autumn,Frame,"кг несущей способности",40807.441406,40990.671875,41224.042969,0.999988,0.999988,0.999988,0.884039,1
10,Winter,Sail,"м²",307.687317,311.941223,319.251434,0.999988,0.999988,0.999988,0.140248,0.269444
10,Winter,SolarLeaf,"м²",179.621735,181.205185,184.071716,0.999988,0.999988,0.999988,0.034879,0.284722
10,Winter,WaterIntake,"л/ч",337.793762,338.421509,339.616211,0.999988,0.999988,0.999988,0.022222,0.022222
10,Winter,SnowCollector,"м²",11.807506,13.361528,14.355006,0.999988,0.999988,0.999988,0,0
10,Winter,WaterReservoir,"л",7691.478516,7781.754395,7933.230957,0.999988,0.999988,0.999988,0.603082,1
10,Winter,LiveBiomassHarvester,"кг сух. в-ва/ч",26.658701,26.765612,26.857384,0.999988,0.999988,0.999988,0.001389,0.001389
10,Winter,DryBiomassCollector,"кг/ч",45.846848,46.138206,46.647644,0.999988,0.999988,0.999988,0.097833,0.155556
10,Winter,Dryer,"кг сух. в-ва/ч",10.368051,11.019112,11.484943,0.999988,0.999988,0.999988,0,0
10,Winter,OrganicStorage,"кг",6512.440918,6624.309082,6815.441406,0.999988,0.999988,0.999988,0.595393,1
10,Winter,Furnace,"кВт",94.268074,94.718552,95.506012,0.999988,0.999988,0.999988,0.183586,1
10,Winter,Battery,"кВт·ч",280,280,280,0.999988,0.999988,0.999988,0.23637,0.523611
10,Winter,ElectricMotor,"кВт",130,130,130,0.999988,0.999988,0.999988,0.00531,0.144444
10,Winter,ThermalOrgan,"кВт",30.246017,31.174498,31.662342,0.999988,0.999988,0.999988,0.073255,1
10,Winter,Radiator,"кВт",90.035263,90.388321,91.041298,0.999988,0.999988,0.999988,0.115768,1
10,Winter,GrowthTissue,"кг структуры/сут",3.556773,3.615012,3.731029,0.999988,0.999988,0.999988,0.283599,0.333333
10,Winter,Frame,"кг несущей способности",41431.464844,42197.691406,43433.515625,0.999988,0.999988,0.999988,0.895087,1
10,Spring,Sail,"м²",308.898285,309.695099,310.764221,0.999988,0.999988,0.999988,0.258333,0.376359
10,Spring,SolarLeaf,"м²",179.8414,180.082367,180.530182,0.999988,0.999988,0.999988,0.236901,0.514946
10,Spring,WaterIntake,"л/ч",337.793762,337.793762,337.793762,0.999988,0.999988,0.999988,0.02271,0.023098
10,Spring,SnowCollector,"м²",13.211857,13.551373,13.896648,0.999988,0.999988,0.999988,0,0
10,Spring,WaterReservoir,"л",7721.841309,7740.01123,7762.492188,0.999988,0.999988,0.999988,0.607394,1
10,Spring,LiveBiomassHarvester,"кг сух. в-ва/ч",26.658701,26.658701,26.658701,0.999988,0.999988,0.999988,0.035326,0.035326
10,Spring,DryBiomassCollector,"кг/ч",45.934002,45.980854,46.037704,0.999988,0.999988,0.999988,0.093855,0.095109
10,Spring,Dryer,"кг сух. в-ва/ч",10.894231,11.002986,11.168046,0.999988,0.999988,0.999988,0,0
10,Spring,OrganicStorage,"кг",6548.360352,6568.800293,6593.705566,0.999988,0.999988,0.999988,0.59345,1
10,Spring,Furnace,"кВт",94.403297,94.47599,94.563942,0.999988,0.999988,0.999988,0.176706,1
10,Spring,Battery,"кВт·ч",280,280,280,0.999988,0.999988,0.999988,0.470424,0.665761
10,Spring,ElectricMotor,"кВт",130,130,130,0.999988,0.999988,0.999988,0.01057,0.279891
10,Spring,ThermalOrgan,"кВт",31.662342,31.662342,31.662342,0.999988,0.999988,0.999988,0.008527,0.311141
10,Spring,Radiator,"кВт",90.062202,90.115379,90.225792,0.999988,0.999988,0.999988,0.165279,1
10,Spring,GrowthTissue,"кг структуры/сут",3.559633,3.595666,3.635135,0.999988,0.999988,0.999988,0.356153,0.41712
10,Spring,Frame,"кг несущей способности",41745.390625,42053.785156,42375.03125,0.999988,0.999988,0.999988,0.894273,1
10,Summer,Sail,"м²",310.764221,312.419098,314.072968,0.999988,0.999988,0.999988,0.316438,0.402174
10,Summer,SolarLeaf,"м²",180.530182,181.68779,182.693298,0.999988,0.999988,0.999988,0.324841,0.548913
10,Summer,WaterIntake,"л/ч",337.793762,339.288116,339.616211,0.999988,0.999988,0.999988,0.021704,0.027174
10,Summer,SnowCollector,"м²",12.627002,12.938848,13.210949,0.999988,0.999988,0.999988,0,0
10,Summer,WaterReservoir,"л",7762.492188,7799.077637,7830.576172,0.999988,0.999988,0.999988,0.567837,1
10,Summer,LiveBiomassHarvester,"кг сух. в-ва/ч",26.658701,26.658701,26.658701,0.999988,0.999988,0.999988,0.040343,0.040761
10,Summer,DryBiomassCollector,"кг/ч",46.037704,46.16489,46.301395,0.999988,0.999988,0.999988,0.09066,0.108696
10,Summer,Dryer,"кг сух. в-ва/ч",10.845587,10.88412,10.929284,0.999988,0.999988,0.999988,0,0
10,Summer,OrganicStorage,"кг",6593.705566,6638.00293,6683.083496,0.999988,0.999988,0.999988,0.593328,1
10,Summer,Furnace,"кВт",94.563942,94.75985,94.969963,0.999988,0.999988,0.999988,0.170835,1
10,Summer,Battery,"кВт·ч",280,280,280,0.999988,0.999988,0.999988,0.523723,0.728261
10,Summer,ElectricMotor,"кВт",130,130,130,0.999988,0.999988,0.999988,0.011318,0.3125
10,Summer,ThermalOrgan,"кВт",30.337652,31.097628,31.662342,0.999988,0.999988,0.999988,0.001551,0.069293
10,Summer,Radiator,"кВт",90.225792,90.535049,90.791595,0.999988,0.999988,0.999988,0.173822,1
10,Summer,GrowthTissue,"кг структуры/сут",3.635135,3.663873,3.718755,0.999988,0.999988,0.999988,0.288908,0.407609
10,Summer,Frame,"кг несущей способности",42375.03125,42596.84375,42840.375,0.999988,0.999988,0.999988,0.881993,1
10,Autumn,Sail,"м²",314.072968,316.390961,318.842651,0.999988,0.999988,0.999988,0.221062,0.328297
10,Autumn,SolarLeaf,"м²",182.693298,183.456573,184.013062,0.999988,0.999988,0.999988,0.106211,0.399725
10,Autumn,WaterIntake,"л/ч",339.616211,339.616211,339.616211,0.999988,0.999988,0.999988,0.022676,0.024725
10,Autumn,SnowCollector,"м²",12.010555,12.315784,12.626134,0.999988,0.999988,0.999988,0,0
10,Autumn,WaterReservoir,"л",7830.576172,7874.039551,7923.366211,0.999988,0.999988,0.999988,0.55626,1
10,Autumn,LiveBiomassHarvester,"кг сух. в-ва/ч",26.658701,26.658701,26.658701,0.999988,0.999988,0.999988,0.006868,0.006868
10,Autumn,DryBiomassCollector,"кг/ч",46.309151,46.451744,46.602669,0.999988,0.999988,0.999988,0.097978,0.108516
10,Autumn,Dryer,"кг сух. в-ва/ч",10.546349,10.729124,10.85605,0.999988,0.999988,0.999988,0,0
10,Autumn,OrganicStorage,"кг",6684.470215,6739.876465,6800.893555,0.999988,0.999988,0.999988,0.59468,1
10,Autumn,Furnace,"кВт",94.981903,95.202179,95.436302,0.999988,0.999988,0.999988,0.183547,1
10,Autumn,Battery,"кВт·ч",280,280,280,0.999988,0.999988,0.999988,0.359118,0.596154
10,Autumn,ElectricMotor,"кВт",130,130,130,0.999988,0.999988,0.999988,0.008468,0.196429
10,Autumn,ThermalOrgan,"кВт",30.246017,30.248722,30.335566,0.999988,0.999988,0.999988,0.057661,0.994505
10,Autumn,Radiator,"кВт",90.791595,90.955925,91.041298,0.999988,0.999988,0.999988,0.140996,1
10,Autumn,GrowthTissue,"кг структуры/сут",3.718755,3.724041,3.725007,0.999988,0.999988,0.999988,0.246836,0.365385
10,Autumn,Frame,"кг несущей способности",42840.375,43052.324219,43251.671875,0.999988,0.999988,0.999988,0.880757,1
