file	phase	waypoint	world_x_m	world_z_m	hour	macro_hour	surface_temp_c	air_temp_c	wind_x_ms	wind_z_ms	humidity_mm	precipitation_mm_h	surface_water_mm	root_water_mm	snow_mm	live_biomass_g_m2	dry_biomass_g_m2	crust_fraction	dust_g_m2	burn_fraction	Elevation	Slope	Aspect	FaultInfluence	RockHardness	DepressionStorage	Drainage	Catchments	SoilDepth	SandFraction	SiltFraction	ClayFraction	Porosity	Permeability	MineralContent	SoilCompaction	SolarRadiation	SurfaceTemperature	SoilTemperature	AirTemperature	Pressure	Wind	Humidity	CloudWater	Precipitation	SurfaceWater	RootWater	Groundwater	Snow	FrozenSoil	LiveBiomass	DryBiomass	LitterBiomass	SeedBank	SoilOrganicMatter	AvailableNitrogen	PlantNitrogen	OrganicNitrogen	FireIntensity	BurnScar	LooseSediment	SurfaceCrust	Dust
waypoint-01-night.png	night	1	32	-64	0.008415	1	-5.339901	-6.12288	5.209643	0.130291	6.909363	0.001349	0	44.571495	5.927634	26.716261	24.164194	0.495856	0	0	437.056976	0.025394	2.058607	0	0.40508	0	0	122	1.565737	0.321519	0.40445	0.27403	0.375767	9.304843	0.402127	0	0	-6.841813	0.724705	-6.564953	956.843323	4.382782	5.026019	1.575395	0.141955	0	44.571495	25.323042	6.067247	0.020085	26.716261	24.164194	53.407108	0.365924	1447.77002	0.627033	0.480893	18.801256	0	0	5.174603	0.495856	0
waypoint-02-night.png	night	2	512.360107	-277.870148	0.008415	1	-6.085924	-6.54382	4.583896	-0.396637	6.629446	0.000842	0	44.465565	6.006868	26.792713	24.269735	0.495417	0	0	445.728271	0.011518	-2.630927	0	0.411626	0	0	122	1.582646	0.327477	0.39907	0.273453	0.375629	9.456388	0.401054	0	0	-6.905619	0.694525	-6.6307	955.538513	4.348444	4.997146	1.58361	0.11439	0	44.465565	25.267511	6.120577	0.023786	26.792713	24.269735	53.580624	0.366945	1452.210083	0.629279	0.482269	18.842289	0	0	5.14187	0.495417	0
waypoint-03-night.png	night	3	1024.216675	-505.763428	0.008415	1	-5.110951	-6.068164	5.505744	-0.159202	6.930948	0.001582	0	45.182674	6.184976	27.183704	24.142805	0.492574	0	0	453.266754	0.028824	0.10754	0	0.424801	0	0	122	1.605936	0.344654	0.385765	0.269581	0.374699	9.903234	0.397962	0	0	-6.870146	0.669911	-6.627519	954.535767	4.421749	5.027485	1.582271	0.152015	0	45.182674	25.676138	6.334273	0.02699	27.183704	24.142805	53.728893	0.367817	1456.003906	0.631197	0.489307	18.87149	0	0	5.075994	0.492574	0
waypoint-04-night.png	night	4	1536.661987	-733.918579	0.008415	1	-5.496992	-6.2804	5.209518	-0.308409	7.015849	0.001371	0	46.661331	6.505141	27.94632	24.000034	0.497157	0	0	467.818146	0.018046	1.383512	0	0.449072	0	0	122	1.656064	0.371619	0.350772	0.277608	0.376626	10.541241	0.393109	0	0	-6.819982	0.62207	-6.622945	952.987793	4.476944	5.111765	1.681944	0.154393	0	46.661331	26.325497	6.657232	0.033177	27.94632	24.000034	54.134274	0.370202	1466.377075	0.636444	0.503034	18.956842	0	0	4.95464	0.497157	0
waypoint-05-night.png	night	5	2046.673096	-960.990173	0.008415	1	-5.659211	-6.360581	4.993686	-0.698462	7.082123	0.001306	0	47.911213	6.704291	28.434587	23.679754	0.495228	0	0	471.380585	0.014213	-1.137164	0	0.45289	0	0	122	1.664156	0.381698	0.343036	0.275266	0.376064	10.803748	0.391294	0	0	-6.70669	0.61216	-6.556424	952.934875	4.340321	5.199966	1.763951	0.164292	0	47.911213	26.956203	6.867818	0.034677	28.434587	23.679754	54.140076	0.370236	1466.525513	0.636519	0.511823	18.949472	0	0	4.93555	0.495228	0
waypoint-06-night.png	night	6	2559.800751	-1189.449402	0.008415	1	-4.97394	-5.940183	5.612364	-0.518581	7.496619	0.001929	0	49.242737	6.798986	28.429996	22.917271	0.490871	0	0	463.107056	0.025342	-0.538218	0	0.430741	0	0	168.638351	1.618168	0.405647	0.325795	0.268558	0.374454	11.432667	0.386984	0	0	-6.503407	0.643496	-6.403473	954.47052	4.170862	5.306578	1.814478	0.206972	0	49.242737	27.690802	7.005335	0.031124	28.429996	22.917271	53.291317	0.365243	1444.807251	0.625535	0.51174	18.742107	0	0	5.046293	0.490871	0
waypoint-07-night.png	night	7	3071.844788	-1417.426117	0.008415	1	-5.14855	-5.984591	5.309014	-0.48464	7.632208	0.002085	0	51.394196	6.992412	28.891659	22.142796	0.491481	0	0	456.222626	0.024898	0.745978	0	0.413257	0	0	170.195862	1.583605	0.412089	0.317823	0.270088	0.374821	11.586824	0.385824	0	0	-6.237577	0.671295	-6.189115	956.088074	4.336184	5.478575	2.01836	0.266518	0	51.394196	28.752821	7.257418	0.028153	28.891659	22.142796	52.773891	0.362199	1431.567261	0.618839	0.52005	18.607332	0	0	5.133713	0.491481	0
waypoint-08-night.png	night	8	3583.745728	-1645.339294	0.008415	1	-5.305003	-6.102663	5.037021	-1.0992	7.309355	0.002167	0	50.841621	6.870217	28.599731	22.30197	0.497432	0	0	453.044769	0.03977	1.092569	0	0.413185	0	0	172	1.57956	0.41065	0.310481	0.278869	0.376929	11.511334	0.386083	0.000001	0	-6.291955	0.680968	-6.205391	957.600647	4.203307	5.42261	1.899941	0.281385	0	50.841621	28.424543	7.150402	0.026808	28.594982	22.300518	52.736488	0.361972	1430.562988	0.618331	0.51471	18.603079	0	0	5.134075	0.497413	0
waypoint-09-night.png	night	9	4094.769409	-1872.861877	0.008415	1	-5.148845	-5.991509	5.240247	-1.000072	7.430112	0.002017	0.032802	50.698872	6.850948	28.772755	22.586128	0.503061	0	0	454.837769	0.033739	1.212556	0	0.420596	1.654036	0	172	1.596084	0.387507	0.324741	0.287752	0.37906	10.892791	0.390249	0	0	-6.332884	0.674233	-6.23957	958.729675	4.211116	5.374272	1.857287	0.246858	0	50.731674	28.382322	7.09536	0.027578	28.772755	22.586128	53.177525	0.364574	1441.895508	0.624062	0.51791	18.708126	0	0	5.097021	0.503061	0
waypoint-09-day.png	day	9	4094.769409	-1872.861877	12.019517	13	-7.908232	-8.31458	-0.418644	-2.572087	3.335574	0.115502	0	50.776638	9.486488	28.762789	22.525248	0.501306	0	0	454.837769	0.033739	1.212556	0	0.420596	1.654036	0	172	1.596084	0.387507	0.324741	0.287752	0.37906	10.892791	0.390249	0	58.688618	-7.944713	-1.230641	-8.61975	955.174622	2.314453	3.24368	1.528089	0.081556	0	50.802345	28.412289	9.540558	0.133984	28.762789	22.525248	53.248341	0.364506	1441.895508	0.624063	0.51773	18.708305	0	0	5.097021	0.501306	0
waypoint-08-day.png	day	8	3582.936035	-1644.978638	12.019517	13	-8.186791	-8.432673	-0.469453	-2.456711	3.308059	0.109787	0	50.886185	9.671989	28.533712	22.223825	0.495404	0	0	453.044952	0.039803	1.092689	0	0.413173	0	0	172	1.579537	0.410646	0.310494	0.27886	0.376926	11.511281	0.386084	0.000013	56.728638	-7.968089	-1.222427	-8.606868	954.60022	2.340143	3.246216	1.543728	0.084557	0	50.91103	28.587677	9.729866	0.133039	28.529091	22.222414	52.828125	0.361948	1430.55896	0.618328	0.513524	18.604202	0	0	5.134134	0.495386	0
waypoint-07-day.png	day	7	3072.579956	-1417.753601	12.019517	13	-8.176247	-8.461882	0.180551	-2.431075	3.327524	0.106099	0	51.438595	9.753977	28.882826	22.082554	0.489704	0	0	456.228821	0.02493	0.748225	0	0.413268	0	0	170.207077	1.583622	0.412082	0.317819	0.2701	0.374824	11.586598	0.385825	0	57.309559	-7.984063	-1.229331	-8.669164	953.770874	2.294312	3.234492	1.51803	0.080803	0	51.463692	28.59062	9.807917	0.134105	28.882826	22.082554	52.843731	0.362157	1431.574707	0.618843	0.519891	18.607563	0	0	5.133658	0.489704	0
waypoint-06-day.png	day	6	2561.085083	-1190.021484	12.019517	13	-8.159156	-8.551625	0.609993	-1.235267	3.285435	0.103161	0	49.289314	9.262018	28.419556	22.853544	0.489233	0	0	463.069031	0.025355	-0.536096	0	0.430657	0	0	168.675323	1.617996	0.405703	0.325748	0.268549	0.374452	11.434094	0.386974	0	58.308678	-8.058914	-1.277764	-8.790269	952.827026	1.296024	3.212171	1.480259	0.07487	0	49.314861	27.532997	9.3097	0.138445	28.419556	22.853544	53.360172	0.365139	1444.735229	0.625499	0.511552	18.741608	0	0	5.046714	0.489233	0
waypoint-05-day.png	day	5	2046.037974	-960.707726	12.019517	13	-8.850149	-9.005453	1.28576	-1.68823	3.152354	0.078797	0	47.95488	9.066113	28.422743	23.618404	0.49362	0	0	471.387054	0.014193	-1.140196	0	0.452909	0	0	122	1.664197	0.381669	0.343053	0.275277	0.376067	10.802983	0.3913	0	62.636368	-8.036997	-1.320884	-8.869658	951.98999	2.230481	3.197367	1.445688	0.071831	0	47.98233	26.691067	9.110888	0.142985	28.422743	23.618404	54.214848	0.370115	1466.546997	0.63653	0.511609	18.94989	0	0	4.935453	0.49362	0
waypoint-04-day.png	day	4	1536.856995	-734.005737	12.019517	13	-8.167457	-8.658066	2.296055	-2.529429	3.271889	0.080004	0	46.712994	8.603352	27.93433	23.937551	0.495705	0	0	467.822174	0.018039	1.38018	0	0.449079	0	0	122	1.656079	0.371622	0.350767	0.277611	0.376627	10.541302	0.393108	0	69.119896	-7.886087	-1.31274	-8.829903	952.728027	3.172348	3.203773	1.355854	0.058075	0	46.743294	26.24535	8.629474	0.142005	27.93433	23.937551	54.209137	0.370039	1466.381226	0.636446	0.502818	18.957098	0	0	4.954606	0.495705	0
waypoint-03-day.png	day	3	1024.845703	-506.043579	12.019517	13	-8.112571	-8.628551	2.462754	-2.474546	3.244131	0.081812	0	45.238567	8.313736	27.172609	24.079668	0.49111	0	0	453.288879	0.028847	0.114607	0	0.424842	0	0	122	1.606014	0.344691	0.385726	0.269583	0.3747	9.904164	0.397956	0	72.497383	-7.739545	-1.264519	-8.738178	954.928711	3.294884	3.219004	1.334234	0.060268	0	45.270351	25.80863	8.338931	0.136135	27.172609	24.079668	53.804771	0.367619	1456.021484	0.631207	0.489107	18.871857	0	0	5.075791	0.49111	0
waypoint-02-day.png	day	2	513.682129	-278.459106	12.019517	13	-8.955921	-9.003068	2.369808	-1.872986	3.139271	0.055713	0	44.515919	7.914133	26.780273	24.206903	0.494033	0	0	445.737488	0.011482	-2.628963	0	0.411631	0	0	122	1.582662	0.327489	0.399077	0.273434	0.375624	9.456784	0.401052	0	70.11412	-7.760881	-1.244277	-8.682788	956.533447	3.30539	3.229128	1.366827	0.057587	0	44.546669	25.217337	7.941006	0.133194	26.780273	24.206903	53.656033	0.366715	1452.212891	0.62928	0.482045	18.842539	0	0	5.141844	0.494033	0
waypoint-01-day.png	day	1	32.055786	-64.025208	12.019517	13	-8.349826	-8.636428	2.664069	-2.288406	3.230673	0.066592	0	44.626472	7.961831	26.704384	24.100924	0.494458	0	0	437.058258	0.025392	2.058724	0	0.40508	0	0	122	1.565738	0.32152	0.404448	0.274031	0.375768	9.304861	0.402126	0	73.450294	-7.625932	-1.205242	-8.566298	958.336914	3.520023	3.250261	1.3184	0.055465	0	44.658684	25.36587	7.984345	0.129145	26.704384	24.100924	53.482231	0.365697	1447.77002	0.627034	0.480679	18.80147	0	0	5.174601	0.494458	0
