year,day,goal,from_x,from_y,to_x,to_y,distance_cells,water_mm_cells,live_gm2_cells,dry_gm2_cells,returned_matter_gm2_cells,returned_nitrogen_gm2_cells,compaction,chitin_kg
1,2,WaterSecurity,16,16,18,14,2.8284270763397217,0,0.41999998688697815,0.23999999463558197,0,0,0.011071067303419113,0
1,3,WaterSecurity,18,14,18,14,0,0,0.41999998688697815,0.23999999463558197,0.03359999880194664,0.0015565090579912066,0,0
1,4,WaterSecurity,18,14,18,14,0,0,0.41999998688697815,0.23999999463558197,0.03359999880194664,0.0015565090579912066,0,0
1,5,WaterSecurity,18,14,18,14,0,0,0.41999998688697815,0.23999999463558197,0.03359999880194664,0.0015565090579912066,0,0
1,6,WaterSecurity,18,14,18,14,0,0,0.41999998688697815,0.23999999463558197,0.03359999880194664,0.0015565090579912066,0,0
1,7,WaterSecurity,18,14,18,14,0,0,0.41999998688697815,0.23999999463558197,0.03359999880194664,0.0015565092908218503,0,0
1,8,WaterSecurity,18,14,18,14,0,0,0.41999998688697815,0.23999999463558197,0.03359999880194664,0.0015565094072371721,0,0
1,9,WaterSecurity,18,14,18,14,0,0,0.41999998688697815,0.23999999463558197,0.03359999880194664,0.0015565094072371721,0,0
1,10,WaterSecurity,18,14,18,14,0,0,0,0.23999999463558197,0.03359999880194664,0.0015565094072371721,0,0
1,11,WaterSecurity,18,14,18,14,0,0,0,0.23999999463558197,0.03359999880194664,0.0015367352170869708,0,0
1,12,WaterSecurity,18,14,18,14,0,0,0,0.23999999463558197,0.03359999880194664,0.0015184818767011166,0,0
1,13,WaterSecurity,18,14,18,17,3,0.01553692389279604,0.41999998688697815,0.23999999463558197,0.03359999880194664,0.0015015979297459126,0.011499999091029167,0
1,14,WaterSecurity,18,17,18,17,0,0.045000001788139343,0.41999998688697815,0.23999999463558197,0.03359999880194664,0.0015083847101777792,0,0
1,15,WaterSecurity,18,17,18,12,5,0.0086180958896875381,0.41999998688697815,0.23999999463558197,0.03359999880194664,0.0015137862646952271,0.016499999910593033,0
1,16,WaterSecurity,18,12,20,14,2.8284270763397217,0,0.41999998688697815,0.23999999463558197,0.03359999880194664,0.0015181782655417919,0.011071067303419113,0
1,17,WaterSecurity,20,14,20,14,0,0.0081759318709373474,0.41999998688697815,0.23999999463558197,0.03359999880194664,0.0015218129847198725,0,0
1,18,WaterSecurity,20,14,20,14,0,0,0.40691089630126953,0.23999999463558197,0.03359999880194664,0.0015248663257807493,0,0
1,19,WaterSecurity,20,14,20,14,0,0.032411903142929077,0,0.23999999463558197,0.03359999880194664,0.0015270662261173129,0,0
1,20,WaterSecurity,20,14,20,14,0,0,0,0.23999999463558197,0.03359999880194664,0.0015168659156188369,0,0
1,21,WaterSecurity,20,14,20,14,0,0,0,0.23999999463558197,0.03359999880194664,0.0015071092639118433,0,0
1,22,WaterSecurity,20,14,20,19,5,0.045000001788139343,0.41999998688697815,0.23999999463558197,0.03359999880194664,0.0014977718237787485,0.016499999910593033,0
1,23,WaterSecurity,20,19,18,17,2.8284270763397217,0.045000001788139343,0.12711715698242188,0.23999999463558197,0.03359999880194664,0.0015021141152828932,0.011071067303419113,0
1,24,WaterSecurity,18,17,18,12,5,0,0.41999998688697815,0.23999999463558197,0.03359999880194664,0.0014974371297284961,0.016499999910593033,0
1,25,WaterSecurity,18,12,20,14,2.8284270763397217,0.045000001788139343,0,0.23999999463558197,0.03359999880194664,0.0015014506643638015,0.011071067303419113,0
1,26,WaterSecurity,20,14,20,19,5,0.045000001788139343,0.28597116470336914,0,0.03359999880194664,0.0014936253428459167,0.016499999910593033,0
1,27,ForageSecurity,20,19,18,17,2.8284270763397217,0.028360951691865921,0,0.11999988555908203,0.03359999880194664,0.0015015630051493645,0.011071069166064262,0
1,28,ForageSecurity,18,17,18,12,5,0.045000001788139343,0.11999988555908203,0,0.03359999880194664,0.0014977138489484787,0.016499999910593033,0
1,29,ForageSecurity,18,12,18,15,3,0,0.11999988555908203,0,0.03359999880194664,0.0015009957132861018,0.011500000022351742,0
1,30,ForageSecurity,18,15,13,15,5,0.045000001788139343,0.11999988555908203,0,0.03359999880194664,0.0015042381128296256,0.016499999910593033,0
1,31,SeasonalOpportunity,13,15,18,15,5,0,0,0.11999988555908203,0.03359999880194664,0.0015074416296556592,0.016499998047947884,0
1,32,ForageSecurity,18,15,13,15,5,0.045000001788139343,0.11999988555908203,0,0.03359999880194664,0.0015035220421850681,0.016499999910593033,0
1,33,SeasonalOpportunity,13,15,18,15,5,0,0,0.11999988555908203,0.03359999880194664,0.0015067340573295951,0.016499999910593033,0
1,34,ForageSecurity,18,15,13,15,5,0,0.11999988555908203,0,0.03359999880194664,0.0015028229681774974,0.016499999910593033,0
1,35,SeasonalOpportunity,13,15,18,15,5,0,0,0.11999988555908203,0.03359999880194664,0.0015060435980558395,0.016500003635883331,0
1,36,ForageSecurity,18,15,13,15,5,0,0.11999988555908203,0,0.03359999880194664,0.0015021405415609479,0.016499996185302734,0
1,37,SeasonalOpportunity,13,15,18,15,5,0,0,0.11999988555908203,0.03359999880194664,0.0015053693205118179,0.016499996185302734,0
1,38,ForageSecurity,18,15,13,15,5,0,0.11999988555908203,0,0.03359999880194664,0.001501474529504776,0.016499996185302734,0
1,39,SeasonalOpportunity,13,15,18,15,5,0,0,0.11999988555908203,0.03359999880194664,0.0015047111082822084,0.016499996185302734,0
1,40,ForageSecurity,18,15,13,15,5,0,0.11999988555908203,0,0.03359999880194664,0.0015008242335170507,0.016500003635883331,0
1,41,WaterSecurity,13,15,9,11,5.6568541526794434,0,0.11999988555908203,0,0.03359999880194664,0.0015040684957057238,0.018142135813832283,0
1,42,WaterSecurity,9,11,5,7,5.6568541526794434,0,0.11999988555908203,0,0.03359999880194664,0.0015072742244228721,0.018142135813832283,0
1,43,WaterSecurity,5,7,5,7,0,0,0.084418296813964844,0.035581588745117188,0.03359999880194664,0.0015104414196684957,0,0
1,44,WaterSecurity,5,7,5,7,0,0,0,0.11999988555908203,0.03359999880194664,0.0015114695997908711,0,0
1,45,WaterSecurity,5,7,5,7,0,0,0,0.11999988555908203,0.03359999880194664,0.0015075015835464001,0,0
1,46,WaterSecurity,5,7,5,7,0,0,0,0.11999988555908203,0.03359999880194664,0.0015035811811685562,0,0
1,47,WaterSecurity,5,7,5,7,0,0,0,0.11999988555908203,0.03359999880194664,0.0014997079269960523,0,0
1,48,WaterSecurity,5,7,5,7,0,0,0,0.11999988555908203,0.03359999880194664,0.0014958810061216354,0,0
1,49,WaterSecurity,5,7,5,7,0,0,0,0.11999988555908203,0.03359999880194664,0.0014921000692993402,0,0
1,50,WaterSecurity,5,7,5,7,0,0,0,0.11999988555908203,0.03359999880194664,0.0014883645344525576,0,0
1,51,WaterSecurity,5,7,5,7,0,0,0,0.11999988555908203,0.03359999880194664,0.0014846737030893564,0,0
1,52,WaterSecurity,5,7,5,7,0,0,0,0.11999988555908203,0.03359999880194664,0.0014810273423790932,0,0
1,53,WaterSecurity,5,7,5,7,0,0,0,0.11999988555908203,0.03359999880194664,0.001477424637414515,0,0
1,54,WaterSecurity,5,7,5,7,0,0,0,0.11999988555908203,0.03359999880194664,0.0014738651225343347,0,0
1,55,WaterSecurity,5,7,5,7,0,0,0,0.11999988555908203,0.03359999880194664,0.0014703483320772648,0,0
1,56,WaterSecurity,5,7,5,7,0,0,0,0.11999988555908203,0.03359999880194664,0.0014668739167973399,0,0
1,57,WaterSecurity,5,7,5,7,0,0,0,0.11999988555908203,0.03359999880194664,0.0014634411782026291,0,0
1,58,WaterSecurity,5,7,5,7,0,0,0,0.11999988555908203,0.03359999880194664,0.0014600494178012013,0,0
1,59,WaterSecurity,5,7,5,7,0,0,0,0.11999988555908203,0.03359999880194664,0.001456698402762413,0,0
1,60,WaterSecurity,5,7,5,7,0,0,0,0.12000083923339844,0.03359999880194664,0.0014533876674249768,0,0
1,61,WaterSecurity,5,7,5,7,0,0,0,0.11999988555908203,0.03359999880194664,0.0014501167461276054,0,0
1,62,WaterSecurity,5,7,1,11,5.6568541526794434,0,0.11999988555908203,0,0.03359999880194664,0.0014468848239630461,0.018142135813832283,0
1,63,WaterSecurity,1,11,0,16,5.0990195274353027,0.045000001788139343,0.11999988555908203,0,0.03359999880194664,0.0014507768210023642,0.016747549176216125,0
1,64,WaterSecurity,0,16,0,19,3,0.045000001788139343,0.11999988555908203,0,0.03359999880194664,0.0014546217862516642,0.011500000022351742,0
1,65,WaterSecurity,0,19,0,19,0,0.045000001788139343,0.11999988555908203,0,0.03359999880194664,0.0014584206510335207,0,0
1,66,FollowHarvester,0,19,2,14,5.385164737701416,0,0.11999988555908203,0,0.03359999880194664,0.0014621739974245429,0.017462911084294319,0
1,67,WaterSecurity,2,14,0,19,5.385164737701416,0.045000001788139343,0.11999988555908203,0,0.03359999880194664,0.0014658825239166617,0.017462911084294319,0
1,68,FollowHarvester,0,19,0,19,0,0.045000001788139343,0.12000083923339844,0,0.03359999880194664,0.0014695461140945554,0,0
1,69,FollowHarvester,0,19,0,19,0,0.045000001788139343,0.11999988555908203,0,0.03359999880194664,0.0014731661649420857,0,0
1,70,FollowHarvester,0,19,0,19,0,0.045000001788139343,0.11999988555908203,0,0.03359999880194664,0.001476742560043931,0,0
1,71,FollowHarvester,0,19,0,19,0,0.036999970674514771,0.11999988555908203,0,0.03359999880194664,0.0014802758814767003,0,0
1,72,FollowHarvester,0,19,0,19,0,0.013999998569488525,0.11999988555908203,0,0.03359999880194664,0.0014837670605629683,0,0
1,73,FollowHarvester,0,19,0,19,0,0.013999998569488525,0.11999988555908203,0,0.03359999880194664,0.0014872162137180567,0,0
1,74,FollowHarvester,0,19,0,19,0,0.013999998569488525,0.11999988555908203,0,0.03359999880194664,0.0014906238066032529,0,0
1,75,FollowHarvester,0,19,0,19,0,0.013999998569488525,0.11999988555908203,0,0.03359999880194664,0.0014939908869564533,0,0
1,76,FollowHarvester,0,19,0,19,0,0.013999998569488525,0.12000083923339844,0,0.03359999880194664,0.0014973172219470143,0,0
1,77,FollowHarvester,0,19,0,19,0,0.013999998569488525,0.11999988555908203,0,0.03359999880194664,0.0015006039757281542,0,0
1,78,FollowHarvester,0,19,0,19,0,0.013999998569488525,0.11999988555908203,0,0.03359999880194664,0.001503851031884551,0,0
1,79,FollowHarvester,0,19,0,19,0,0.013999998569488525,0.11999988555908203,0,0.03359999880194664,0.0015070593217387795,0,0
1,80,FollowHarvester,0,19,0,19,0,0.013999998569488525,0.11999988555908203,0,0.03359999880194664,0.0015102288452908397,0,0
1,81,FollowHarvester,0,19,0,19,0,0.013999998569488525,0.11999988555908203,0,0.03359999880194664,0.001513360533863306,0,0
1,82,FollowHarvester,0,19,0,19,0,0.013999998569488525,0.11999988555908203,0,0.03359999880194664,0.0015164546202868223,0,0
1,83,FollowHarvester,0,19,2,14,5.385164737701416,0,0.11999988555908203,0,0.03359999880194664,0.001519511453807354,0.017462911084294319,0
1,84,FollowHarvester,2,14,6,10,5.6568541526794434,0,0.12000083923339844,0,0.03359999880194664,0.0015225316165015101,0.018142135813832283,0
1,85,FollowHarvester,6,10,11,12,5.385164737701416,0,0.11999988555908203,0,0.03359999880194664,0.0015255158068612218,0.017462911084294319,0
1,86,FollowHarvester,11,12,16,14,5.385164737701416,0,0.11999988555908203,0,0.03359999880194664,0.0015284639084711671,0.017462911084294319,12
1,87,FollowHarvester,16,14,19,15,3.1622776985168457,0,0.11999988555908203,0,0.03359999880194664,0.0015313768526539207,0.011905692517757416,12
1,88,FollowHarvester,19,15,19,15,0,0,0.11999988555908203,0,0.03359999880194664,0.0015342546394094825,0,12
1,89,FollowHarvester,19,15,19,15,0,0,0.11999988555908203,0,0.03359999880194664,0.0015370978508144617,0,12
1,90,FollowHarvester,19,15,19,15,0,0,0.11999988555908203,0,0.03359999880194664,0.0015399071853607893,0,12
1,91,FollowHarvester,19,15,19,15,0,0,0.11999988555908203,0,0.03359999880194664,0.0015426826430484653,0,4.4395675659179688
1,92,FollowHarvester,19,15,19,15,0,0,0.12000083923339844,0,0.03359999880194664,0.0015454248059540987,0,0
1,93,FollowHarvester,19,15,19,15,0,0,0.11999988555908203,0,0.03359999880194664,0.001548134139738977,0,0
1,94,WaterSecurity,19,15,19,15,0,0,0.11999988555908203,0,0.03359999880194664,0.0015508111100643873,0,0
1,95,WaterSecurity,19,15,19,15,0,0,0.11999988555908203,0,0.03359999880194664,0.0015534559497609735,0,0
1,96,WaterSecurity,19,15,19,15,0,0,0.11999988555908203,0,0.03359999880194664,0.0015560687752440572,0,0
1,97,WaterSecurity,19,15,19,15,0,0,0.11999988555908203,0,0.03359999880194664,0.0015586502850055695,0,0
1,98,WaterSecurity,19,15,19,15,0,0,0.11999988555908203,0,0.03359999880194664,0.0015612008282914758,0,0
1,99,WaterSecurity,19,15,19,15,0,0,0.11999988555908203,0,0.03359999880194664,0.0015637206379324198,0,0
1,100,WaterSecurity,19,15,19,15,0,0,0.12000083923339844,0,0.03359999880194664,0.0015662105288356543,0,0
1,101,WaterSecurity,19,15,19,15,0,0,0.11999988555908203,0,0.03359999880194664,0.0015686703845858574,0,0
1,102,WaterSecurity,19,15,19,15,0,0,0.11999988555908203,0,0.03359999880194664,0.0015711007872596383,0,0
1,103,WaterSecurity,19,15,19,15,0,0,0.11999988555908203,0,0.03359999880194664,0.0015735019696876407,0,0
1,104,WaterSecurity,19,15,19,15,0,0,0.11999988555908203,0,0.03359999880194664,0.0015758742811158299,0,0
1,105,WaterSecurity,19,15,19,15,0,0,0.11999988555908203,0,0.03359999880194664,0.0015782179543748498,0,0
1,106,WaterSecurity,19,15,19,15,0,0,0.11999988555908203,0,0.03359999880194664,0.0015805339207872748,0,0
1,107,WaterSecurity,19,15,19,15,0,0,0.11999988555908203,0,0.03359999880194664,0.0015828219475224614,0,0
1,108,WaterSecurity,19,15,19,15,0,0,0.12000083923339844,0,0.03359999880194664,0.0015850825002416968,0,0
1,109,WaterSecurity,19,15,19,15,0,0,0.11999988555908203,0,0.03359999880194664,0.0015873161610215902,0,0
1,110,WaterSecurity,19,15,19,15,0,0,0.11999988555908203,0,0.03359999880194664,0.001589522697031498,0,0
1,111,WaterSecurity,19,15,19,15,0,0,0.11999988555908203,0,0.03359999880194664,0.0015917026903480291,0,0
1,112,WaterSecurity,19,15,19,15,0,0,0.11999988555908203,0,0.03359999880194664,0.0015938566066324711,0,0
1,113,WaterSecurity,19,15,19,15,0,0,0.11999988555908203,0,0.03359999880194664,0.0015959847951307893,0,0
1,114,WaterSecurity,19,15,19,15,0,0,0.11999988555908203,0,0.03359999880194664,0.0015980872558429837,0,0
1,115,WaterSecurity,19,15,19,15,0,0,0.11999988555908203,0,0.03359999880194664,0.0016001644544303417,0,0
1,116,WaterSecurity,19,15,19,15,0,0,0.12000083923339844,0,0.03359999880194664,0.0016022169729694724,0,0
1,117,WaterSecurity,19,15,19,15,0,0,0.11999988555908203,0,0.03359999880194664,0.001604244695045054,0,0
1,118,WaterSecurity,19,15,19,15,0,0,0.11999988555908203,0,0.03359999880194664,0.0016062480863183737,0,0
1,119,WaterSecurity,19,15,19,15,0,0,0.11999988555908203,0,0.03359999880194664,0.0016082274960353971,0,0
1,120,WaterSecurity,19,15,19,15,0,0,0.11999988555908203,0,0.03359999880194664,0.0016101833898574114,0,0
1,121,WaterSecurity,19,15,19,15,0,0,0.11999988555908203,0,0.03359999880194664,0.0016121154185384512,0,0
1,122,WaterSecurity,19,15,19,15,0,0,0.11999988555908203,0,0.03359999880194664,0.0016140242805704474,0,0
1,123,WaterSecurity,19,15,19,15,0,0,0.11999988555908203,0,0.03359999880194664,0.0016159104416146874,0,0
1,124,WaterSecurity,19,15,19,15,0,0,0.12000083923339844,0,0.03359999880194664,0.001617774018086493,0,0
1,125,WaterSecurity,19,15,19,15,0,0,0.11999988555908203,0,0.03359999880194664,0.0016196150099858642,0,0
1,126,WaterSecurity,19,15,19,15,0,0,0.11999988555908203,0,0.03359999880194664,0.0016214341158047318,0,0
1,127,WaterSecurity,19,15,19,15,0,0,0.11999988555908203,0,0.03359999880194664,0.0016232314519584179,0,0
1,128,WaterSecurity,19,15,19,15,0,0,0.11999988555908203,0,0.03359999880194664,0.0016250070184469223,0,0
1,129,WaterSecurity,19,15,19,15,0,0,0.11999988555908203,0,0.03359999880194664,0.0016267613973468542,0,0
1,130,WaterSecurity,19,15,19,15,0,0,0.11999988555908203,0,0.03359999880194664,0.0016284945886582136,0,12
1,131,WaterSecurity,19,15,19,15,0,0,0.11999988555908203,0,0.03359999880194664,0.0016302071744576097,0,12
1,132,WaterSecurity,19,15,19,15,0,0,0.12000083923339844,0,0.03359999880194664,0.0016318989219143987,0,2.8729782104492188
1,133,WaterSecurity,19,15,19,15,0,0,0.11999988555908203,0,0.03359999880194664,0.0016335706459358335,0,0
1,134,WaterSecurity,19,15,19,15,0,0,0.11999988555908203,0,0.03359999880194664,0.0016352222301065922,0,0
1,135,WaterSecurity,19,15,19,15,0,0,0.11999988555908203,0,0.03359999880194664,0.0016368539072573185,0,0
1,136,WaterSecurity,19,15,19,15,0,0,0.11999988555908203,0,0.03359999880194664,0.0016384660266339779,0,0
1,137,WaterSecurity,19,15,19,15,0,0,0.11999988555908203,0,0.03359999880194664,0.0016400587046518922,0,0
1,138,WaterSecurity,19,15,19,15,0,0,0.11999988555908203,0,0.03359999880194664,0.0016416324069723487,0,0
1,139,WaterSecurity,19,15,19,15,0,0,0.11999988555908203,0,0.03359999880194664,0.0016431872500106692,0,0
1,140,WaterSecurity,19,15,19,15,0,0,0.12000083923339844,0,0.03359999880194664,0.0016447232337668538,0,0
1,141,WaterSecurity,19,15,19,15,0,0,0.11999988555908203,0,0.03359999880194664,0.001646241289563477,0,0
1,142,WaterSecurity,19,15,19,15,0,0,0.11999988555908203,0,0.03359999880194664,0.0016477406024932861,0,0
1,143,WaterSecurity,19,15,19,15,0,0,0.11999988555908203,0,0.03359999880194664,0.0016492221038788557,0,0
1,144,WaterSecurity,19,15,19,15,0,0,0.11999988555908203,0,0.03359999880194664,0.0016506859101355076,0,0
1,145,WaterSecurity,19,15,19,15,0,0,0.11999988555908203,0,0.03359999880194664,0.0016521321376785636,0,0
1,146,WaterSecurity,19,15,19,15,0,0,0.11999988555908203,0,0.03359999880194664,0.0016535607865080237,0,0
1,147,WaterSecurity,19,15,19,15,0,0,0.11999988555908203,0,0.03359999880194664,0.0016549724387004972,0,0
1,148,WaterSecurity,19,15,19,15,0,0,0.12000083923339844,0,0.03359999880194664,0.0016563672106713057,0,0
1,149,WaterSecurity,19,15,19,15,0,0,0.11999988555908203,0,0.03359999880194664,0.0016577452188357711,0,0
1,150,WaterSecurity,19,15,19,15,0,0,0.11999988555908203,0,0.03359999880194664,0.0016591066960245371,0,0
1,151,WaterSecurity,19,15,19,15,0,0,0.11999988555908203,0,0.03359999880194664,0.0016604518750682473,0,0
1,152,WaterSecurity,19,15,19,15,0,0,0.11999988555908203,0,0.03359999880194664,0.0016617808723822236,0,0
1,153,WaterSecurity,19,15,19,15,0,0,0.11999988555908203,0,0.03359999880194664,0.001663093687966466,0,0
1,154,WaterSecurity,19,15,19,15,0,0,0.11999988555908203,0,0.03359999880194664,0.0016643910203129053,0,0
1,155,WaterSecurity,19,15,19,15,0,0,0.11999988555908203,0,0.03359999880194664,0.001665672636590898,0,0
1,156,WaterSecurity,19,15,19,15,0,0,0.12000083923339844,0,0.03359999880194664,0.0016669388860464096,0,0
1,157,WaterSecurity,19,15,19,15,0,0,0.11999988555908203,0,0.03359999880194664,0.0016681903507560492,0,0
1,158,WaterSecurity,19,15,19,15,0,0,0.11999988555908203,0,0.03359999880194664,0.0016694263322278857,0,0
1,159,WaterSecurity,19,15,19,15,0,0,0.11999988555908203,0,0.03359999880194664,0.0016706476453691721,0,0
1,160,WaterSecurity,19,15,19,15,0,0,0.11999988555908203,0,0.03359999880194664,0.0016718540573492646,0,0
1,161,WaterSecurity,19,15,19,15,0,0,0.11999988555908203,0,0.03359999880194664,0.0016730462666600943,0,0
1,162,WaterSecurity,19,15,19,15,0,0,0.11999988555908203,0,0.03359999880194664,0.0016742241568863392,0,0
1,163,WaterSecurity,19,15,19,15,0,0,0.11999988555908203,0,0.03359999880194664,0.0016753878444433212,0,0
1,164,WaterSecurity,19,15,19,15,0,0,0.12000083923339844,0,0.03359999880194664,0.001676537562161684,0,0
1,165,WaterSecurity,19,15,19,15,0,0,0.11999988555908203,0,0.03359999880194664,0.0016776735428720713,0,0
1,166,WaterSecurity,19,15,19,15,0,0,0.11999988555908203,0,0.03359999880194664,0.0016787957865744829,0,0
1,167,WaterSecurity,19,15,19,15,0,0,0.11999988555908203,0,0.03359999880194664,0.0016799046425148845,0,0
1,168,WaterSecurity,19,15,19,15,0,0,0.11999988555908203,0,0.03359999880194664,0.0016809999942779541,0,0
1,169,WaterSecurity,19,15,19,15,0,0,0.11999988555908203,0,0.03359999880194664,0.0016820825403556228,0,0
1,170,WaterSecurity,19,15,19,15,0,0,0.11999988555908203,0,0.03359999880194664,0.0016831518150866032,0,0
1,171,WaterSecurity,19,15,19,15,0,0,0.11999988555908203,0,0.03359999880194664,0.0016842084005475044,0,0
1,172,WaterSecurity,19,15,19,15,0,0,0.12000083923339844,0,0.03359999880194664,0.0016852521803230047,0,0
1,173,WaterSecurity,19,15,19,15,0,0,0.11999988555908203,0,0.03359999880194664,0.0016862837364897132,0,0
1,174,WaterSecurity,19,15,19,15,0,0,0.11999988555908203,0,0.03359999880194664,0.0016873027198016644,0,0
1,175,WaterSecurity,19,15,19,15,0,0,0.11999988555908203,0,0.03359999880194664,0.0016883093630895019,0,0
1,176,WaterSecurity,19,15,19,15,0,0,0.11999988555908203,0,0.03359999880194664,0.001689304132014513,0,0
1,177,WaterSecurity,19,15,19,15,0,0,0.11999988555908203,0,0.03359999880194664,0.0016902870265766978,0,0
1,178,WaterSecurity,19,15,19,15,0,0,0.11999988555908203,0,0.03359999880194664,0.0016912578139454126,0,0
1,179,WaterSecurity,19,15,19,15,0,0,0.11999988555908203,0,0.03359999880194664,0.0016922169597819448,0,0
1,180,WaterSecurity,19,15,19,15,0,0,0.12000083923339844,0,0.03359999880194664,0.0016931649297475815,0,0
1,181,WaterSecurity,19,15,19,15,0,0,0.11999988555908203,0,0.03359999880194664,0.0016941013745963573,0,0
1,182,WaterSecurity,19,15,19,15,0,0,0.11999988555908203,0,0.03359999880194664,0.0016950266435742378,0,0
1,183,WaterSecurity,19,15,19,15,0,0,0.11999988555908203,0,0.03359999880194664,0.0016959407366812229,0,0
1,184,WaterSecurity,19,15,19,15,0,0,0.11999988555908203,0,0.03359999880194664,0.0016968437703326344,0,0
1,185,WaterSecurity,19,15,19,15,0,0,0.11999988555908203,0,0.03359999880194664,0.0016977359773591161,0,0
1,186,WaterSecurity,19,15,19,15,0,0,0.11999988555908203,0,0.03359999880194664,0.0016986174741759896,0,0
1,187,WaterSecurity,19,15,19,15,0,0,0.11999988555908203,0,0.03359999880194664,0.0016994886100292206,0,0
1,188,WaterSecurity,19,15,19,15,0,0,0.12000083923339844,0,0.03359999880194664,0.0017003490356728435,0,0
1,189,WaterSecurity,19,15,19,15,0,0,0.11999988555908203,0,0.03359999880194664,0.0017011992167681456,0,0
1,190,WaterSecurity,19,15,19,15,0,0,0.11999988555908203,0,0.03359999880194664,0.0017020392697304487,0,0
1,191,WaterSecurity,19,15,19,15,0,0,0.11999988555908203,0,0.03359999880194664,0.0017028694273903966,0,0
1,192,WaterSecurity,19,15,19,15,0,0,0.11999988555908203,0,0.03359999880194664,0.0017036892240867019,0,0
1,193,WaterSecurity,19,15,19,15,0,0,0.11999988555908203,0,0.03359999880194664,0.0017044993583112955,0,0
1,194,WaterSecurity,19,15,19,15,0,0,0.11999988555908203,0,0.03359999880194664,0.0017052998300641775,0,0
1,195,WaterSecurity,19,15,19,15,0,0,0.11999988555908203,0,0.03359999880194664,0.0017060906393453479,0,0
1,196,WaterSecurity,19,15,19,15,0,0,0.12000083923339844,0,0.03359999880194664,0.0017068719025701284,0,0
1,197,WaterSecurity,19,15,19,15,0,0,0.11999988555908203,0,0.03359999880194664,0.0017076438525691628,0,0
1,198,WaterSecurity,19,15,19,15,0,0,0.11999988555908203,0,0.03359999880194664,0.0017084063729271293,0,0
1,199,WaterSecurity,19,15,19,15,0,0,0.11999988555908203,0,0.03359999880194664,0.001709159929305315,0,0
1,200,WaterSecurity,19,15,19,15,0,0,0.11999988555908203,0,0.03359999880194664,0.0017099042888730764,0,0
1,201,WaterSecurity,19,15,19,15,0,0,0.11999988555908203,0,0.03359999880194664,0.0017106399172917008,0,0
1,202,WaterSecurity,19,15,19,15,0,0,0.11999988555908203,0,0.03359999880194664,0.0017113665817305446,0,0
1,203,WaterSecurity,19,15,19,15,0,0,0.11999988555908203,0,0.03359999880194664,0.0017120846314355731,0,0
1,204,WaterSecurity,19,15,19,15,0,0,0.12000083923339844,0,0.03359999880194664,0.0017127939499914646,0,0
1,205,WaterSecurity,19,15,19,15,0,0,0.11999988555908203,0,0.03359999880194664,0.0017134950030595064,0,0
1,206,WaterSecurity,19,15,19,15,0,0,0.11999988555908203,0,0.03359999880194664,0.0017141872085630894,0,0
1,207,WaterSecurity,19,15,19,15,0,0,0.11999988555908203,0,0.03359999880194664,0.0017148714978247881,0,0
1,208,WaterSecurity,19,15,19,15,0,0,0.11999988555908203,0,0.03359999880194664,0.0017155474051833153,0,0
1,209,WaterSecurity,19,15,19,15,0,0,0.11999988555908203,0,0.03359999880194664,0.0017162151634693146,0,0
1,210,WaterSecurity,19,15,19,15,0,0,0.11999988555908203,0,0.03359999880194664,0.0017168750055134296,0,0
1,211,WaterSecurity,19,15,15,19,5.6568541526794434,0,0.11999988555908203,0,0.03359999880194664,0.0017175268149003386,0.018142135813832283,0
1,212,WaterSecurity,15,19,11,23,5.6568541526794434,0,0.12000083923339844,0,0.03359999880194664,0.0017181708244606853,0.018142135813832283,0
1,213,WaterSecurity,11,23,11,23,0,0,0.11999988555908203,0,0.03359999880194664,0.0017188074998557568,0,0
1,214,WaterSecurity,11,23,11,23,0,0,0.11999988555908203,0,0.03359999880194664,0.0017194360261783004,0,0
1,215,WaterSecurity,11,23,11,23,0,0,0.11999988555908203,0,0.03359999880194664,0.0017200573347508907,0,0
1,216,WaterSecurity,11,23,11,23,0,0,0.11999988555908203,0,0.03359999880194664,0.0017206709599122405,0,0
1,217,WaterSecurity,11,23,11,23,0,0,0.11999988555908203,0,0.03359999880194664,0.0017212772509083152,0,0
1,218,WaterSecurity,11,23,11,23,0,0,0.11999988555908203,0,0.03359999880194664,0.0017218762077391148,0,0
1,219,WaterSecurity,11,23,11,23,0,0,0.11999988555908203,0,0.03359999880194664,0.0017224682960659266,0,0
1,220,WaterSecurity,11,23,11,23,0,0,0.12000083923339844,0,0.03359999880194664,0.0017230528173968196,0,0
1,221,WaterSecurity,11,23,11,23,0,0,0.11999988555908203,0,0.03359999880194664,0.0017236309358850121,0,0
1,222,WaterSecurity,11,23,11,23,0,0,0.11999988555908203,0,0.03359999880194664,0.0017242016037926078,0,0
1,223,WaterSecurity,11,23,11,23,0,0,0.11999988555908203,0,0.03359999880194664,0.0017247656360268593,0,0
1,224,WaterSecurity,11,23,11,23,0,0,0.11999988555908203,0,0.03359999880194664,0.0017253226833418012,0,0
1,225,WaterSecurity,11,23,11,23,0,0,0.11999988555908203,0,0.03359999880194664,0.0017258730949833989,0,0
1,226,WaterSecurity,11,23,11,23,0,0,0.11999988555908203,0,0.03359999880194664,0.0017264171037822962,0,0
1,227,WaterSecurity,11,23,11,23,0,0,0.11999988555908203,0,0.03359999880194664,0.0017269544769078493,0,0
1,228,WaterSecurity,11,23,11,23,0,0,0.12000083923339844,0,0.03359999880194664,0.0017274853307753801,0,0
1,229,WaterSecurity,11,23,11,23,0,0,0.11999988555908203,0,0.03359999880194664,0.0017280098982155323,0,0
1,230,WaterSecurity,11,23,11,23,0,0,0.11999988555908203,0,0.03359999880194664,0.0017285285284742713,0,0
1,231,WaterSecurity,11,23,11,23,0,0,0.11999988555908203,0,0.03359999880194664,0.0017290402902290225,0,0
1,232,WaterSecurity,11,23,11,23,0,0,0.11999988555908203,0,0.03359999880194664,0.0017295462312176824,0,0
1,233,WaterSecurity,11,23,11,23,0,0,0.11999988555908203,0,0.03359999880194664,0.0017300461186096072,0,0
1,234,WaterSecurity,11,23,11,23,0,0,0.11999988555908203,0,0.03359999880194664,0.0017305400688201189,0,0
1,235,WaterSecurity,11,23,11,23,0,0,0.11999988555908203,0,0.03359999880194664,0.0017310278490185738,0,0
1,236,WaterSecurity,11,23,10,26,3.1622776985168457,0,0.12000083923339844,0,0.03359999880194664,0.0017315099248662591,0.011905699968338013,12
1,237,WaterSecurity,10,26,10,26,0,0,0.11999988555908203,0,0.03359999880194664,0.0017319862963631749,0,12
1,238,WaterSecurity,10,26,10,26,0,0,0.11999988555908203,0,0.03359999880194664,0.0017324568470939994,0,12
1,239,WaterSecurity,10,26,10,26,0,0,0.11999988555908203,0,0.03359999880194664,0.0017329218098893762,0,12
1,240,WaterSecurity,10,26,10,26,0,0,0.11999988555908203,0,0.03359999880194664,0.0017333810683339834,0,12
1,241,WaterSecurity,10,26,10,26,0,0,0.11999988555908203,0,0.03359999880194664,0.0017338349716737866,0,12
1,242,WaterSecurity,10,26,10,26,0,0,0.11999988555908203,0,0.03359999880194664,0.001734283403493464,0,12
1,243,WaterSecurity,10,26,10,26,0,0,0.11999988555908203,0,0.03359999880194664,0.0017347263637930155,0,12
1,244,WaterSecurity,10,26,10,26,0,0,0.12000083923339844,0,0.03359999880194664,0.0017351640854030848,0,12
1,245,WaterSecurity,10,26,10,26,0,0,0.11999988555908203,0,0.03359999880194664,0.0017355965683236718,0,12
1,246,WaterSecurity,10,26,10,26,0,0,0.11999988555908203,0,0.03359999880194664,0.0017360238125547767,0,12
1,247,WaterSecurity,10,26,10,26,0,0,0.11999988555908203,0,0.03359999880194664,0.0017364459345117211,0,12
1,248,WaterSecurity,10,26,10,26,0,0,0.11999988555908203,0,0.03359999880194664,0.0017368629341945052,0,11.499872207641602
1,249,WaterSecurity,10,26,10,21,5,0,0.11999988555908203,0,0.03359999880194664,0.0017372749280184507,0.016499999910593033,0
1,250,WaterSecurity,10,21,14,17,5.6568541526794434,0,0.11999988555908203,0,0.03359999880194664,0.0017376820323988795,0.018142135813832283,0
1,251,WaterSecurity,14,17,18,13,5.6568541526794434,0,0.11999988555908203,0,0.03359999880194664,0.0017380842473357916,0.018142133951187134,12
1,252,WaterSecurity,18,13,13,11,5.385164737701416,0,0.12000083923339844,0,0.03359999880194664,0.0017384815728291869,0.017462911084294319,0
1,253,WaterSecurity,13,11,17,15,5.6568541526794434,0,0.11999988555908203,0,0.03359999880194664,0.0017388742417097092,0.018142133951187134,12
1,254,WaterSecurity,17,15,17,15,0,0,0.11999988555908203,0,0.03359999880194664,0.0017392622539773583,0,12
1,255,WaterSecurity,17,15,17,15,0,0,0.11999988555908203,0,0.03359999880194664,0.0017396453768014908,0,12
1,256,WaterSecurity,17,15,17,15,0,0,0.11999988555908203,0,0.03359999880194664,0.0017400241922587156,0,12
1,257,WaterSecurity,17,15,17,15,0,0,0.11999988555908203,0,0.03359999880194664,0.0017403982346877456,0,5.5286483764648438
1,258,WaterSecurity,17,15,20,14,3.1622776985168457,0,0.11999988555908203,0,0.03359999880194664,0.0017407678533345461,0.011905699968338013,0
1,259,WaterSecurity,20,14,18,16,2.8284270763397217,0,0.11999988555908203,0,0.03359999880194664,0.0017411329317837954,0.011071071028709412,12
1,260,WaterSecurity,18,16,18,13,3,0,0.12000083923339844,0,0.03359999880194664,0.001741493702866137,0.011500000953674316,12
1,261,WaterSecurity,18,13,13,11,5.385164737701416,0,0.11999988555908203,0,0.03359999880194664,0.0017418503994122148,0.017462911084294319,0
1,262,WaterSecurity,13,11,17,15,5.6568541526794434,0,0.11999988555908203,0,0.03359999880194664,0.0017422024393454194,0.018142133951187134,0
1,263,WaterSecurity,17,15,17,15,0,0,0.11999988555908203,0,0.03359999880194664,0.0017425505211576819,0,0
1,264,WaterSecurity,17,15,20,14,3.1622776985168457,0,0.11999988555908203,0,0.03359999880194664,0.0017428942956030369,0.011905699968338013,0
1,265,WaterSecurity,20,14,18,16,2.8284270763397217,0,0.11999988555908203,0,0.03359999880194664,0.0017432339955121279,0.011071056127548218,12
1,266,WaterSecurity,18,16,18,13,3,0,0.11999988555908203,0,0.03359999880194664,0.0017435696208849549,0.011500000953674316,12
1,267,WaterSecurity,18,13,13,11,5.385164737701416,0,0.11999988555908203,0,0.03359999880194664,0.0017439010553061962,0.01746290922164917,0
1,268,WaterSecurity,13,11,17,15,5.6568541526794434,0,0.12000083923339844,0,0.03359999880194664,0.0017442286480218172,0.018142133951187134,0
1,269,WaterSecurity,17,15,17,15,0,0,0.11999988555908203,0,0.03359999880194664,0.0017445522826164961,0,0
1,270,WaterSecurity,17,15,17,15,0,0,0.11999988555908203,0,0.03359999880194664,0.0017448720755055547,0,0
1,271,WaterSecurity,17,15,17,15,0,0,0.11999988555908203,0,0.03359999880194664,0.0017451882595196366,0,0
1,272,WaterSecurity,17,15,17,15,0,0,0.11999988555908203,0,0.03359999880194664,0.0017455003689974546,0,0
1,273,WaterSecurity,17,15,17,15,0,0,0.11999988555908203,0,0.03359999880194664,0.0017458087531849742,0,0
1,274,WaterSecurity,17,15,17,15,0,0,0.11999988555908203,0,0.03359999880194664,0.0017461134120821953,0,0
1,275,WaterSecurity,17,15,17,15,0,0,0.11999988555908203,0,0.03359999880194664,0.0017464143456891179,0,0
1,276,WaterSecurity,17,15,17,15,0,0,0.12000083923339844,0,0.03359999880194664,0.0017467117868363857,0,0
1,277,WaterSecurity,17,15,17,15,0,0,0.11999988555908203,0,0.03359999880194664,0.0017470058519393206,0,0
1,278,WaterSecurity,17,15,17,15,0,0,0.11999988555908203,0,0.03359999880194664,0.0017472960753366351,0,0
1,279,WaterSecurity,17,15,17,15,0,0,0.11999988555908203,0,0.03359999880194664,0.0017475829226896167,0,0
1,280,WaterSecurity,17,15,17,15,0,0,0.11999988555908203,0,0.03359999880194664,0.0017478662775829434,0,12
1,281,WaterSecurity,17,15,17,15,0,0,0.11999988555908203,0,0.03359999880194664,0.0017481461400166154,0,12
1,282,WaterSecurity,17,15,17,15,0,0,0.11999988555908203,0,0.03359999880194664,0.0017484229756519198,0,5.8359165191650391
1,283,WaterSecurity,17,15,17,15,0,0,0.11999988555908203,0,0.03359999880194664,0.0017486962024122477,0,0
1,284,WaterSecurity,17,15,17,15,0,0,0.12000083923339844,0,0.03359999880194664,0.0017489661695435643,0,0
1,285,WaterSecurity,17,15,17,15,0,0,0.11999988555908203,0,0.03359999880194664,0.0017492331098765135,0,0
1,286,WaterSecurity,17,15,17,15,0,0,0.11999988555908203,0,0.03359999880194664,0.0017494969069957733,0,0
1,287,WaterSecurity,17,15,17,15,0,0,0.11999988555908203,0,0.03359999880194664,0.0017497573280707002,0,0
1,288,WaterSecurity,17,15,17,15,0,0,0.11999988555908203,0,0.03359999880194664,0.0017500144895166159,0,0
1,289,WaterSecurity,17,15,17,15,0,0,0.11999988555908203,0,0.03359999880194664,0.0017502688569948077,0,0
1,290,WaterSecurity,17,15,17,15,0,0,0.11999988555908203,0,0.03359999880194664,0.0017505199648439884,0,0
1,291,WaterSecurity,17,15,17,15,0,0,0.038570404052734375,0,0.03359999880194664,0.0017507681623101234,0,0
1,292,WaterSecurity,17,15,17,15,0,0,0,0,0.03359999880194664,0.0017508475575596094,0,0
1,293,WaterSecurity,17,15,17,15,0,0,0,0,0.03359999880194664,0.0017508475575596094,0,0
1,294,WaterSecurity,17,15,17,15,0,0,0,0,0.03359999880194664,0.0017508475575596094,0,0
1,295,WaterSecurity,17,15,17,15,0,0,0,0,0.03359999880194664,0.0017508473247289658,0,0
1,296,WaterSecurity,17,15,17,15,0,0,0,0,0.03359999880194664,0.0017508473247289658,0,0
1,297,WaterSecurity,17,15,17,15,0,0,0,0,0.03359999880194664,0.0017508473247289658,0,0
1,298,WaterSecurity,17,15,17,15,0,0,0,0,0.03359999880194664,0.0017508475575596094,0,0
1,299,WaterSecurity,17,15,17,15,0,0,0,0,0.03359999880194664,0.0017508475575596094,0,0
1,300,WaterSecurity,17,15,17,15,0,0,0,0,0.03359999880194664,0.0017508473247289658,0,0
1,301,WaterSecurity,17,15,17,15,0,0,0,0,0.03359999880194664,0.0017508476739749312,0,0
1,302,WaterSecurity,17,15,17,15,0,0,0,0,0.03359999880194664,0.0017508475575596094,0,0
1,303,WaterSecurity,17,15,17,15,0,0,0,0,0.03359999880194664,0.0017508476739749312,0,0
1,304,WaterSecurity,17,15,17,15,0,0,0,0,0.03359999880194664,0.0017508475575596094,0,0
1,305,WaterSecurity,17,15,17,15,0,0,0,0,0.03359999880194664,0.0017508473247289658,0,0
1,306,WaterSecurity,17,15,17,15,0,0,0,0,0.03359999880194664,0.0017508475575596094,0,0
1,307,WaterSecurity,17,15,17,15,0,0,0,0,0.03359999880194664,0.0017508475575596094,0,0
1,308,WaterSecurity,17,15,17,15,0,0,0,0,0.03359999880194664,0.0017508475575596094,0,0
1,309,WaterSecurity,17,15,17,15,0,0,0,0,0.03359999880194664,0.0017508472083136439,0,0
1,310,WaterSecurity,17,15,17,15,0,0,0,0,0.03359999880194664,0.0017508473247289658,0,0
1,311,WaterSecurity,17,15,17,15,0,0,0,0,0.03359999880194664,0.0017508473247289658,0,0
1,312,WaterSecurity,17,15,17,15,0,0,0,0,0.03359999880194664,0.0017508475575596094,0,0
1,313,WaterSecurity,17,15,17,15,0,0,0,0,0.03359999880194664,0.0017508476739749312,0,0
1,314,WaterSecurity,17,15,17,15,0,0,0,0,0.03359999880194664,0.0017508473247289658,0,0
1,315,WaterSecurity,17,15,17,15,0,0,0,0,0.03359999880194664,0.0017508475575596094,0,0
1,316,WaterSecurity,17,15,17,15,0,0,0,0,0.03359999880194664,0.0017508476739749312,0,0
1,317,WaterSecurity,17,15,17,15,0,0,0,0,0.03359999880194664,0.0017508475575596094,0,0
1,318,WaterSecurity,17,15,17,15,0,0,0,0,0.03359999880194664,0.0017508475575596094,0,0
1,319,WaterSecurity,17,15,17,15,0,0,0,0,0.03359999880194664,0.0017508475575596094,0,0
1,320,WaterSecurity,17,15,17,15,0,0,0,0,0.03359999880194664,0.0017508475575596094,0,0
1,321,WaterSecurity,17,15,17,15,0,0,0,0,0.03359999880194664,0.0017508475575596094,0,0
1,322,WaterSecurity,17,15,17,15,0,0,0,0,0.03359999880194664,0.0017508475575596094,0,0
1,323,WaterSecurity,17,15,17,15,0,0,0,0,0.03359999880194664,0.0017508473247289658,0,0
1,324,WaterSecurity,17,15,17,15,0,0,0,0,0.03359999880194664,0.0017508473247289658,0,0
1,325,WaterSecurity,17,15,17,15,0,0,0,0,0.03359999880194664,0.0017508473247289658,0,0
1,326,WaterSecurity,17,15,17,15,0,0,0,0,0.03359999880194664,0.0017508473247289658,0,0
1,327,WaterSecurity,17,15,13,19,5.6568541526794434,0.045000001788139343,0.41999998688697815,0.23999999463558197,0.03359999880194664,0.0017508473247289658,0.018142135813832283,0
1,328,WaterSecurity,13,19,8,19,5,0.045000001788139343,0.41999998688697815,0.23999999463558197,0.03359999880194664,0.0017303528729826212,0.016499999910593033,0
1,329,WaterSecurity,8,19,7,16,3.1622776985168457,0.045000001788139343,0.30126953125,0.22210311889648438,0.03359999880194664,0.0017134766094386578,0.011905692517757416,12
1,330,FollowHarvester,7,16,12,16,5,0.045000001788139343,0.41999998688697815,0.23999999463558197,0.03359999880194664,0.0016994638135656714,0.016499999910593033,0
1,331,FollowHarvester,12,16,17,14,5.385164737701416,0,0,0.23999999463558197,0.03359999880194664,0.0016872767591848969,0.01746290922164917,12
1,332,FollowHarvester,17,14,12,12,5.385164737701416,0.045000001788139343,0.41999998688697815,0.23999999463558197,0.03359999880194664,0.0016718158731237054,0.017462911084294319,0
1,333,FollowHarvester,12,12,17,14,5.385164737701416,0,0,0.23999999463558197,0.03359999880194664,0.0016627584118396044,0.01746290922164917,1.7970905303955078
1,334,FollowHarvester,17,14,19,16,2.8284270763397217,0,0,0.23999999463558197,0.03359999880194664,0.0016491853166371584,0.011071056127548218,2.2886066436767578
1,335,FollowHarvester,19,16,14,16,5,0.045000001788139343,0.41999998688697815,0.23999999463558197,0.03359999880194664,0.0016361776506528258,0.016499999910593033,0
1,336,FollowHarvester,14,16,10,12,5.6568541526794434,0.045000001788139343,0.41999998688697815,0.23999999463558197,0.03359999880194664,0.0016304509481415153,0.018142135813832283,0
1,337,FollowHarvester,10,12,6,8,5.6568541526794434,0.045000001788139343,0,0.23999999463558197,0.03359999880194664,0.0016254314687103033,0.018142133951187134,12
1,338,FollowHarvester,6,8,6,8,0,0.019552432000637054,0,0.23999999463558197,0.03359999880194664,0.0016145890112966299,0,8.8585052490234375
1,339,FollowHarvester,6,8,8,6,2.8284270763397217,0.028447523713111877,0,0.15805721282958984,0.03359999880194664,0.0016041386406868696,0.011071067303419113,12
1,340,FollowHarvester,8,6,8,6,0,0.013999998569488525,0,0.11999988555908203,0.03359999880194664,0.0015974473208189011,0,10.277904510498047
1,341,FollowHarvester,8,6,8,11,5,0.013999998569488525,0.11999988555908203,0,0.03359999880194664,0.0015924476319923997,0.016499999910593033,0
1,342,FollowHarvester,8,11,8,16,5,0,0,0.11999988555908203,0.03359999880194664,0.001594592584297061,0.016499996185302734,12
1,343,FollowHarvester,8,16,8,16,0,0,0,0.12000083923339844,0.03359999880194664,0.0015896270051598549,0,12
1,344,FollowHarvester,8,16,8,16,0,0,0,0.11999988555908203,0.03359999880194664,0.001584721147082746,0,12
1,345,FollowHarvester,8,16,13,16,5,0.045000001788139343,0.11999988555908203,0,0.03359999880194664,0.0015798740787431598,0.016499999910593033,0
1,346,FollowHarvester,13,16,18,16,5,0,0,0.11999988555908203,0.03359999880194664,0.0015821699053049088,0.016499996185302734,12
1,347,FollowHarvester,18,16,18,16,0,0,0,0.11999988555908203,0.03359999880194664,0.001577353454194963,0,12
1,348,FollowHarvester,18,16,18,16,0,0,0,0.11999988555908203,0.03359999880194664,0.0015725948614999652,0,12
1,349,FollowHarvester,18,16,18,16,0,0,0,0.11999988555908203,0.03359999880194664,0.0015678934287279844,0,12
1,350,FollowHarvester,18,16,18,16,0,0,0,0.11999988555908203,0.03359999880194664,0.0015632482245564461,0,2.8672218322753906
1,351,FollowHarvester,18,16,14,20,5.6568541526794434,0.033283818513154984,0.12000083923339844,0,0.03359999880194664,0.0015586590161547065,0.018142135813832283,0
1,352,FollowHarvester,14,20,10,24,5.6568541526794434,0,0,0.11999988555908203,0.03359999880194664,0.0015612095594406128,0.018142133951187134,12
1,353,FollowHarvester,10,24,10,24,0,0,0,0.11999988555908203,0.03359999880194664,0.001556644681841135,0,12
1,354,FollowHarvester,10,24,10,24,0,0,0,0.11999988555908203,0.03359999880194664,0.0015521345194429159,0,5.6657791137695312
1,355,FollowHarvester,10,24,14,20,5.6568541526794434,0.030053369700908661,0.11999988555908203,0,0.03359999880194664,0.0015476786065846682,0.018142135813832283,0
1,356,FollowHarvester,14,20,18,16,5.6568541526794434,0,0,0.11999988555908203,0.03359999880194664,0.0015503608155995607,0.018142133951187134,0
1,357,FollowHarvester,18,16,18,13,3,0,0,0.11999988555908203,0.03359999880194664,0.0015459260903298855,0.011500000953674316,12
1,358,FollowHarvester,18,13,18,13,0,0,0,0.11999988555908203,0.03359999880194664,0.0015415445668622851,0,8.9648418426513672
1,359,FollowHarvester,18,13,13,15,5.385164737701416,0.028948228806257248,0.11999988555908203,0,0.03359999880194664,0.0015372156631201506,0.01746290922164917,0
1,360,FollowHarvester,13,15,8,15,5,0.034152098000049591,0,0.11999988555908203,0.03359999880194664,0.0015400234842672944,0.016499999910593033,0
1,361,FollowHarvester,8,15,10,17,2.8284270763397217,0,0.11999988555908203,0,0.03359999880194664,0.0015357127413153648,0.011071067303419113,0
1,362,FollowHarvester,10,17,7,16,3.1622776985168457,0.045000001788139343,0,0.11999988555908203,0.03359999880194664,0.00153853849042207,0.011905692517757416,1.2139320373535156
1,363,ForageSecurity,7,16,10,17,3.1622776985168457,0,0.11999988555908203,0,0.03359999880194664,0.0015342456754297018,0.01190569344907999,0
1,364,SeasonalOpportunity,10,17,10,17,0,0,0.11999988555908203,0,0.03359999880194664,0.0015370890032500029,0,0
1,365,SeasonalOpportunity,10,17,10,17,0,0,0.11999988555908203,0,0.03359999880194664,0.0015398984542116523,0,0
2,1,FollowHarvester,10,17,8,12,5.385164737701416,0.008070165291428566,0.11999988555908203,0,0.03359999880194664,0.0015426741447299719,0.017462911084294319,0
2,2,FollowHarvester,8,12,10,7,5.385164737701416,0.003345021978020668,0.11999988555908203,0,0.03359999880194664,0.0015454164240509272,0.01746290922164917,0
2,3,FollowHarvester,10,7,7,8,3.1622776985168457,0,0,0.11999988555908203,0.03359999880194664,0.0015481257578358054,0.011905692517757416,12
2,4,WaterSecurity,7,8,7,13,5,0.045000001788139343,0.11999988555908203,0,0.03359999880194664,0.0015437178080901504,0.016499999910593033,0
2,5,FollowHarvester,7,13,7,8,5,0,0,0.11999988555908203,0.03359999880194664,0.0015464475145563483,0.016499996185302734,7.2401714324951172
2,6,ForageSecurity,7,8,7,13,5,0.045000001788139343,0.11999988555908203,0,0.03359999880194664,0.0015420598210766912,0.016500001773238182,0
2,7,SeasonalOpportunity,7,13,12,13,5,0.045000001788139343,0.11999988555908203,0,0.03359999880194664,0.0015448095509782434,0.016499999910593033,0
2,8,FollowHarvester,12,13,17,15,5.385164737701416,0,0,0.11999988555908203,0.03359999880194664,0.0015475262189283967,0.01746290922164917,0
2,9,FollowHarvester,17,15,20,15,3,0,0,0.11999988555908203,0.03359999880194664,0.0015431256033480167,0.011500000953674316,12
2,10,FollowHarvester,20,15,20,15,0,0,0,0.11999988555908203,0.03359999880194664,0.0015387777239084244,0,12
2,11,FollowHarvester,20,15,20,15,0,0,0,0.11999988555908203,0.03359999880194664,0.0015344819985330105,0,5.3440780639648438
2,12,ForageSecurity,20,15,15,13,5.385164737701416,0.045000001788139343,0.11999988555908203,0,0.03359999880194664,0.0015302377287298441,0.017462911084294319,0
2,13,SeasonalOpportunity,15,13,13,18,5.385164737701416,0.045000001788139343,0.11999988555908203,0,0.03359999880194664,0.0015331292524933815,0.017462911084294319,0
2,14,FollowHarvester,13,18,11,23,5.385164737701416,0,0.11999988555908203,0,0.03359999880194664,0.0015359860844910145,0.01746290922164917,0
2,15,FollowHarvester,11,23,9,25,2.8284270763397217,0,0,0.11999988555908203,0.03359999880194664,0.0015388086903840303,0.011071085929870605,12
2,16,FollowHarvester,9,25,9,25,0,0,0,0.11999988555908203,0.03359999880194664,0.0015345127321779728,0,12
2,17,FollowHarvester,9,25,9,25,0,0,0,0.11999988555908203,0.03359999880194664,0.0015302681131288409,0,2.3904800415039062
2,18,ForageSecurity,9,25,11,23,2.8284270763397217,0,0.11999988555908203,0,0.03359999880194664,0.0015260746004059911,0.011071067303419113,0
2,19,SeasonalOpportunity,11,23,11,23,0,0,0.11999988555908203,0,0.03359999880194664,0.0015290162991732359,0,0
2,20,WaterSecurity,11,23,11,18,5,0.045000001788139343,0.11999988555908203,0,0.03359999880194664,0.0015319226076826453,0.016499999910593033,0
2,21,SeasonalOpportunity,11,18,16,16,5.385164737701416,0.045000001788139343,0,0.11999988555908203,0.03359999880194664,0.0015347938751801848,0.017462911084294319,0
2,22,ForageSecurity,16,16,16,21,5,0.045000001788139343,0.11999988555908203,0,0.03359999880194664,0.0015305457636713982,0.016499999910593033,0
2,23,SeasonalOpportunity,16,21,18,16,5.385164737701416,0,0,0.11999988555908203,0.03359999880194664,0.0015334336785599589,0.01746290922164917,0
2,24,ForageSecurity,18,16,16,21,5.385164737701416,0.045000001788139343,0.11999988555908203,0,0.03359999880194664,0.0015292020980268717,0.017462911084294319,0
2,25,SeasonalOpportunity,16,21,18,16,5.385164737701416,0,0,0.11999988555908203,0.03359999880194664,0.0015321061946451664,0.01746290922164917,0
2,26,ForageSecurity,18,16,16,21,5.385164737701416,0.045000001788139343,0.11999988555908203,0,0.03359999880194664,0.0015278904465958476,0.017462912946939468,0
2,27,SeasonalOpportunity,16,21,18,16,5.385164737701416,0,0,0.11999988555908203,0.03359999880194664,0.0015308100264519453,0.01746290922164917,0
2,28,ForageSecurity,18,16,14,20,5.6568541526794434,0.045000001788139343,0.11999988555908203,0,0.03359999880194664,0.0015266098780557513,0.018142137676477432,0
2,29,FollowHarvester,14,20,10,24,5.6568541526794434,0,0,0.11999988555908203,0.03359999880194664,0.001529544941149652,0.018142133951187134,12
2,30,FollowHarvester,10,24,10,24,0,0,0,0.11999988555908203,0.03359999880194664,0.0015253600431606174,0,12
2,31,FollowHarvester,10,24,10,24,0,0,0,0.11999988555908203,0.03359999880194664,0.0015212253201752901,0,1.2246818542480469
2,32,ForageSecurity,10,24,15,22,5.385164737701416,0,0.11999988555908203,0,0.03359999880194664,0.0015171401901170611,0.017462911084294319,0
2,33,SeasonalOpportunity,15,22,17,17,5.385164737701416,0,0,0.11999988555908203,0.03359999880194664,0.0015201889909803867,0.017462912946939468,0
2,34,ForageSecurity,17,17,13,21,5.6568541526794434,0,0.11999988555908203,0,0.03359999880194664,0.0015161164337769151,0.018142135813832283,0
2,35,SeasonalOpportunity,13,21,11,23,2.8284270763397217,0,0.11999988555908203,0,0.03359999880194664,0.0015191774582490325,0.011071067303419113,0
2,36,ForageSecurity,11,23,11,23,0,0,0.11999988555908203,0,0.03359999880194664,0.0015222015790641308,0,0
2,37,ForageSecurity,11,23,11,23,0,0,0.11999988555908203,0,0.03359999880194664,0.0015251896111294627,0,0
2,38,ForageSecurity,11,23,11,23,0,0,0.11999988555908203,0,0.03359999880194664,0.0015281415544450283,0,0
2,39,WaterSecurity,11,23,6,21,5.385164737701416,0,0.11999988555908203,0,0.03359999880194664,0.0015310583403334022,0.017462911084294319,0
2,40,WaterSecurity,6,21,1,19,5.385164737701416,0,0.11999988555908203,0,0.03359999880194664,0.0015339400852099061,0.017462911084294319,0
2,41,WaterSecurity,1,19,0,19,1,0.045000001788139343,0.11999988555908203,0,0.03359999880194664,0.0015367870219051838,0.0065000001341104507,0
2,42,WaterSecurity,0,19,0,19,0,0.045000001788139343,0.11999988555908203,0,0.03359999880194664,0.0015395998489111662,0,0
2,43,SeasonalOpportunity,0,19,5,19,5,0,0.11999988555908203,0,0.03359999880194664,0.0015423790318891406,0.016499999910593033,0
2,44,SeasonalOpportunity,5,19,5,14,5,0,0.11999988555908203,0,0.03359999880194664,0.0015451249200850725,0.016499999910593033,0
2,45,SeasonalOpportunity,5,14,1,18,5.6568541526794434,0,0.11999988555908203,0,0.03359999880194664,0.0015478378627449274,0.018142135813832283,0
2,46,WaterSecurity,1,18,0,19,1.4142135381698608,0.045000001788139343,0.11999988555908203,0,0.03359999880194664,0.0015505183255299926,0.0075355339795351028,0
2,47,SeasonalOpportunity,0,19,0,19,0,0.045000001788139343,0.11999988555908203,0,0.03359999880194664,0.0015531664248555899,0,0
2,48,SeasonalOpportunity,0,19,0,19,0,0.045000001788139343,0.11999988555908203,0,0.03359999880194664,0.0015557828592136502,0,0
2,49,SeasonalOpportunity,0,19,0,19,0,0.045000001788139343,0.11999988555908203,0,0.03359999880194664,0.0015583678614348173,0,0
2,50,SeasonalOpportunity,0,19,0,19,0,0.043147161602973938,0.11999988555908203,0,0.03359999880194664,0.0015609217807650566,0,0
2,51,FollowHarvester,0,19,5,17,5.385164737701416,0,0.11999988555908203,0,0.03359999880194664,0.0015634451992809772,0.017462911084294319,0
2,52,FollowHarvester,5,17,8,16,3.1622776985168457,0,0,0.11999988555908203,0.03359999880194664,0.0015659381169825792,0.011905699968338013,12
2,53,FollowHarvester,8,16,8,16,0,0,0,0.11999988555908203,0.03359999880194664,0.0015613165451213717,0,12
2,54,FollowHarvester,8,16,8,16,0,0,0,0.11999988555908203,0.03359999880194664,0.0015567503869533539,0,1.7673225402832031
2,55,ForageSecurity,8,16,3,18,5.385164737701416,0,0.11999988555908203,0,0.03359999880194664,0.0015522389439865947,0.017462911084294319,0
2,56,SeasonalOpportunity,3,18,0,19,3.1622776985168457,0.045000001788139343,0.11999988555908203,0,0.03359999880194664,0.0015548665542155504,0.011905692517757416,0
2,57,SeasonalOpportunity,0,19,0,19,0,0.045000001788139343,0.11999988555908203,0,0.03359999880194664,0.0015574626158922911,0,0
2,58,SeasonalOpportunity,0,19,0,19,0,0.021999984979629517,0.11999988555908203,0,0.03359999880194664,0.0015600273618474603,0,0
2,59,SeasonalOpportunity,0,19,0,19,0,0.013999998569488525,0.11999988555908203,0,0.03359999880194664,0.0015625613741576672,0,0
2,60,SeasonalOpportunity,0,19,0,19,0,0.013999998569488525,0.11999988555908203,0,0.03359999880194664,0.0015650650020688772,0,0
2,61,SeasonalOpportunity,0,19,0,19,0,0.013999998569488525,0.11999988555908203,0,0.03359999880194664,0.0015675385948270559,0,0
2,62,SeasonalOpportunity,0,19,0,19,0,0.013999998569488525,0.11999988555908203,0,0.03359999880194664,0.0015699826180934906,0,0
2,63,SeasonalOpportunity,0,19,0,19,0,0.013999998569488525,0.11999988555908203,0,0.03359999880194664,0.0015723970718681812,0,0
2,64,SeasonalOpportunity,0,19,0,19,0,0.013999998569488525,0.11999988555908203,0,0.03359999880194664,0.0015747828874737024,0,0
2,65,SeasonalOpportunity,0,19,0,19,0,0.013999998569488525,0.11999988555908203,0,0.03359999880194664,0.0015771398320794106,0,0
2,66,SeasonalOpportunity,0,19,0,19,0,0.013999998569488525,0.11999988555908203,0,0.03359999880194664,0.0015794684877619147,0,0
2,67,SeasonalOpportunity,0,19,0,19,0,0.013999998569488525,0.11999988555908203,0,0.03359999880194664,0.0015817693201825023,0,0
2,68,SeasonalOpportunity,0,19,0,19,0,0.013999998569488525,0.11999988555908203,0,0.03359999880194664,0.0015840425621718168,0,0
2,69,SeasonalOpportunity,0,19,0,19,0,0.013999998569488525,0.11999988555908203,0,0.03359999880194664,0.0015862883301451802,0,0
2,70,SeasonalOpportunity,0,19,0,19,0,0.013999998569488525,0.11999988555908203,0,0.03359999880194664,0.0015885073225945234,0,0
2,71,SeasonalOpportunity,0,19,0,19,0,0.013999998569488525,0.11999988555908203,0,0.03359999880194664,0.0015906995395198464,0,0
2,72,SeasonalOpportunity,0,19,0,19,0,0.013999998569488525,0.11999988555908203,0,0.03359999880194664,0.0015928654465824366,0,0
2,73,SeasonalOpportunity,0,19,0,19,0,0.013999998569488525,0.11999988555908203,0,0.03359999880194664,0.0015950055094435811,0,0
2,74,SeasonalOpportunity,0,19,0,19,0,0.013999998569488525,0.11999988555908203,0,0.03359999880194664,0.0015971198445186019,0,0
2,75,SeasonalOpportunity,0,19,0,19,0,0.013999998569488525,0.11999988555908203,0,0.03359999880194664,0.0015992088010534644,0,0
2,76,SeasonalOpportunity,0,19,0,19,0,0.013999998569488525,0.11999988555908203,0,0.03359999880194664,0.0016012727282941341,0,0
2,77,SeasonalOpportunity,0,19,0,19,0,0.013999998569488525,0.11999988555908203,0,0.03359999880194664,0.0016033118590712547,0,0
2,78,SeasonalOpportunity,0,19,0,19,0,0.013999998569488525,0.11999988555908203,0,0.03359999880194664,0.0016053265426307917,0,0
2,79,SeasonalOpportunity,0,19,0,19,0,0.013999998569488525,0.11999988555908203,0,0.03359999880194664,0.0016073170118033886,0,0
2,80,SeasonalOpportunity,0,19,0,19,0,0.013999998569488525,0.11999988555908203,0,0.03359999880194664,0.0016092837322503328,0,0
2,81,SeasonalOpportunity,0,19,0,19,0,0.013999998569488525,0.11999988555908203,0,0.03359999880194664,0.0016112265875563025,0,0
2,82,SeasonalOpportunity,0,19,0,19,0,0.013999998569488525,0.11999988555908203,0,0.03359999880194664,0.0016131462762132287,0,0
2,83,SeasonalOpportunity,0,19,0,19,0,0.013999998569488525,0.11999988555908203,0,0.03359999880194664,0.0016150427982211113,0,0
2,84,SeasonalOpportunity,0,19,0,19,0,0.013999998569488525,0.11999988555908203,0,0.03359999880194664,0.0016169167356565595,0,0
2,85,SeasonalOpportunity,0,19,0,19,0,0.013999998569488525,0.11999988555908203,0,0.03359999880194664,0.0016187679721042514,0,0
2,86,SeasonalOpportunity,0,19,0,19,0,0.013999998569488525,0.11999988555908203,0,0.03359999880194664,0.0016205970896407962,0,0
2,87,SeasonalOpportunity,0,19,0,19,0,0.013999998569488525,0.11999988555908203,0,0.03359999880194664,0.0016224044375121593,0,0
2,88,SeasonalOpportunity,0,19,0,19,0,0.013999998569488525,0.11999988555908203,0,0.03359999880194664,0.001624189899303019,0,0
2,89,SeasonalOpportunity,0,19,0,19,0,0.013999998569488525,0.11999988555908203,0,0.03359999880194664,0.0016259539406746626,0,0
2,90,SeasonalOpportunity,0,19,0,19,0,0.013999998569488525,0.11999988555908203,0,0.03359999880194664,0.0016276969108730555,0,0
2,91,SeasonalOpportunity,0,19,0,19,0,0.013999998569488525,0.11999988555908203,0,0.03359999880194664,0.0016294190427288413,0,0
2,92,SeasonalOpportunity,0,19,0,19,0,0.013999998569488525,0.11999988555908203,0,0.03359999880194664,0.0016311203362420201,0,0
2,93,SeasonalOpportunity,0,19,0,19,0,0.013999998569488525,0.11999988555908203,0,0.03359999880194664,0.0016328011406585574,0,0
2,94,SeasonalOpportunity,0,19,0,19,0,0.013999998569488525,0.11999988555908203,0,0.03359999880194664,0.0016344618052244186,0,0
2,95,SeasonalOpportunity,0,19,0,19,0,0.013999998569488525,0.11999988555908203,0,0.03359999880194664,0.0016361027956008911,0,0
2,96,SeasonalOpportunity,0,19,0,19,0,0.013999998569488525,0.11999988555908203,0,0.03359999880194664,0.0016377238789573312,0,0
2,97,SeasonalOpportunity,0,19,0,19,0,0.013999998569488525,0.11999988555908203,0,0.03359999880194664,0.0016393255209550261,0,0
2,98,SeasonalOpportunity,0,19,0,19,0,0.013999998569488525,0.11999988555908203,0,0.03359999880194664,0.0016409080708399415,0,0
2,99,SeasonalOpportunity,0,19,2,14,5.385164737701416,0,0.11999988555908203,0,0.03359999880194664,0.0016424715286120772,0.01746290922164917,0
2,100,SeasonalOpportunity,2,14,4,9,5.385164737701416,0,0.11999988555908203,0,0.03359999880194664,0.0016440162435173988,0.017462911084294319,0
2,101,ForageSecurity,4,9,6,14,5.385164737701416,0,0.11999988555908203,0,0.03359999880194664,0.0016455424483865499,0.017462911084294319,0
2,102,SeasonalOpportunity,6,14,4,9,5.385164737701416,0,0.11999988555908203,0,0.03359999880194664,0.0016470503760501742,0.01746290922164917,0
2,103,ForageSecurity,4,9,6,14,5.385164737701416,0,0.11999988555908203,0,0.03359999880194664,0.0016485401429235935,0.017462912946939468,0
2,104,SeasonalOpportunity,6,14,4,9,5.385164737701416,0,0.11999988555908203,0,0.03359999880194664,0.0016500119818374515,0.017462912946939468,0
2,105,ForageSecurity,4,9,6,14,5.385164737701416,0,0.11999988555908203,0,0.03359999880194664,0.0016514662420377135,0.017462912946939468,0
2,106,SeasonalOpportunity,6,14,2,17,5,0,0.11999988555908203,0,0.03359999880194664,0.0016529030399397016,0.016499999910593033,0
2,107,SeasonalOpportunity,2,17,4,12,5.385164737701416,0,0.11999988555908203,0,0.03359999880194664,0.0016543226083740592,0.017462911084294319,0
2,108,SeasonalOpportunity,4,12,8,8,5.6568541526794434,0,0.11999988555908203,0,0.03359999880194664,0.0016557250637561083,0.018142137676477432,0
2,109,ForageSecurity,8,8,10,6,2.8284270763397217,0,0.11999988555908203,0,0.03359999880194664,0.0016571107553318143,0.011071067303419113,0
2,110,WaterSecurity,10,6,8,8,2.8284270763397217,0,0.11999988555908203,0,0.03359999880194664,0.0016584796831011772,0.011071063578128815,0
2,111,WaterSecurity,8,8,8,8,0,0,0.11999988555908203,0,0.03359999880194664,0.0016598324291408062,0,0
2,112,WaterSecurity,8,8,8,8,0,0,0.11999988555908203,0,0.03359999880194664,0.0016611686442047358,0,0
2,113,WaterSecurity,8,8,8,8,0,0,0.11999988555908203,0,0.03359999880194664,0.0016624890267848969,0,0
2,114,WaterSecurity,8,8,3,10,5.385164737701416,0,0.11999988555908203,0,0.03359999880194664,0.0016637935768812895,0.017462911084294319,0
2,115,WaterSecurity,3,10,3,7,3,0.045000001788139343,0.11999988555908203,0,0.03359999880194664,0.0016650825273245573,0.011500000022351742,0
2,116,WaterSecurity,3,7,3,7,0,0.045000001788139343,0.11999988555908203,0,0.03359999880194664,0.0016663559945300221,0,0
2,117,WaterSecurity,3,7,4,10,3.1622776985168457,0.045000001788139343,0.11999988555908203,0,0.03359999880194664,0.001667613978497684,0.011905694380402565,0
2,118,SeasonalOpportunity,4,10,4,10,0,0.045000001788139343,0.11999988555908203,0,0.03359999880194664,0.001668857061304152,0,0
2,119,SeasonalOpportunity,4,10,4,10,0,0.045000001788139343,0.11999988555908203,0,0.03359999880194664,0.0016700852429494262,0,0
2,120,SeasonalOpportunity,4,10,4,10,0,0.045000001788139343,0.11999988555908203,0,0.03359999880194664,0.0016712985234335065,0,0
2,121,SeasonalOpportunity,4,10,4,10,0,0.045000001788139343,0.11999988555908203,0,0.03359999880194664,0.0016724973684176803,0,0
2,122,SeasonalOpportunity,4,10,4,10,0,0.0209999680519104,0.11999988555908203,0,0.03359999880194664,0.0016736817779019475,0,0
2,123,SeasonalOpportunity,4,10,0,12,4.4721360206604004,0.013999998569488525,0.11999988555908203,0,0.03359999880194664,0.0016748521011322737,0.01518034003674984,0
2,124,SeasonalOpportunity,0,12,2,17,5.385164737701416,0,0.11999988555908203,0,0.03359999880194664,0.001676008221693337,0.01746290922164917,0
2,125,SeasonalOpportunity,2,17,4,12,5.385164737701416,0,0.11999988555908203,0,0.03359999880194664,0.0016771504888311028,0.01746290922164917,0
2,126,SeasonalOpportunity,4,12,8,8,5.6568541526794434,0,0.11999988555908203,0,0.03359999880194664,0.0016782790189608932,0.018142133951187134,0
2,127,ForageSecurity,8,8,10,6,2.8284270763397217,0,0.11999988555908203,0,0.03359999880194664,0.0016793941613286734,0.011071067303419113,0
2,128,SeasonalOpportunity,10,6,10,6,0,0,0.11999988555908203,0,0.03359999880194664,0.0016804957995191216,0,0
2,129,SeasonalOpportunity,10,6,10,6,0,0,0.11999988555908203,0,0.03359999880194664,0.0016815840499475598,0,0
2,130,FollowHarvester,10,6,14,10,5.6568541526794434,0,0.11999988555908203,0,0.03359999880194664,0.0016826594946905971,0.018142135813832283,0
2,131,FollowHarvester,14,10,18,14,5.6568541526794434,0,0.11999988555908203,0,0.03359999880194664,0.0016837219009175897,0.018142133951187134,12
2,132,FollowHarvester,18,14,18,17,3,0,0.11999988555908203,0,0.03359999880194664,0.0016847716178745031,0.011500000953674316,12
2,133,FollowHarvester,18,17,19,14,3.1622776985168457,0,0.11999988555908203,0,0.03359999880194664,0.0016858087619766593,0.011905699968338013,12
2,134,FollowHarvester,19,14,19,14,0,0,0.11999988555908203,0,0.03359999880194664,0.00168683344963938,0,12
2,135,WaterSecurity,19,14,19,9,5,0,0.11999988555908203,0,0.03359999880194664,0.0016878456808626652,0.016499999910593033,0
2,136,WaterSecurity,19,9,20,12,3.1622776985168457,0,0.11999988555908203,0,0.03359999880194664,0.0016888459213078022,0.011905694380402565,0
2,137,WaterSecurity,20,12,20,12,0,0,0.11999988555908203,0,0.03359999880194664,0.0016898342873901129,0,0
2,138,WaterSecurity,20,12,20,12,0,0,0.11999988555908203,0,0.03359999880194664,0.0016908106626942754,0,0
2,139,WaterSecurity,20,12,20,12,0,0,0.11999988555908203,0,0.03359999880194664,0.0016917753964662552,0,0
2,140,WaterSecurity,20,12,25,10,5.385164737701416,0,0.11999988555908203,0,0.03359999880194664,0.0016927284887060523,0.017462911084294319,0
2,141,WaterSecurity,25,10,21,6,5.6568541526794434,0,0.11999988555908203,0,0.03359999880194664,0.0016936700558289886,0.018142135813832283,0
2,142,WaterSecurity,21,6,18,5,3.1622776985168457,0,0.11999988555908203,0,0.03359999880194664,0.0016946002142503858,0.011905694380402565,0
2,143,WaterSecurity,18,5,18,5,0,0,0.11999988555908203,0,0.03359999880194664,0.0016955197788774967,0,0
2,144,WaterSecurity,18,5,18,5,0,0,0.11999988555908203,0,0.03359999880194664,0.001696427701972425,0,0
2,145,WaterSecurity,18,5,18,5,0,0,0.11999988555908203,0,0.03359999880194664,0.001697325031273067,0,0
2,146,WaterSecurity,18,5,18,5,0,0,0.11999988555908203,0,0.03359999880194664,0.0016982115339487791,0,0
2,147,WaterSecurity,18,5,18,5,0,0,0.11999988555908203,0,0.03359999880194664,0.0016990873264148831,0,0
2,148,WaterSecurity,18,5,18,5,0,0,0.11999988555908203,0,0.03359999880194664,0.0016999527579173446,0,0
2,149,WaterSecurity,18,5,18,5,0,0,0.11999988555908203,0,0.03359999880194664,0.0017008077120408416,0,0
2,150,WaterSecurity,18,5,18,5,0,0,0.11999988555908203,0,0.03359999880194664,0.0017016525380313396,0,0
2,151,WaterSecurity,18,5,18,5,0,0,0.11999988555908203,0,0.03359999880194664,0.0017024870030581951,0,0
2,152,WaterSecurity,18,5,18,5,0,0,0.11999988555908203,0,0.03359999880194664,0.0017033115727826953,0,0
2,153,WaterSecurity,18,5,18,5,0,0,0.11999988555908203,0,0.03359999880194664,0.0017041262472048402,0,0
2,154,WaterSecurity,18,5,18,5,0,0,0.11999988555908203,0,0.03359999880194664,0.0017049310263246298,0,0
2,155,WaterSecurity,18,5,18,5,0,0,0.11999988555908203,0,0.03359999880194664,0.0017057261429727077,0,0
2,156,WaterSecurity,18,5,18,5,0,0,0.11999988555908203,0,0.03359999880194664,0.0017065118299797177,0,0
2,157,WaterSecurity,18,5,18,5,0,0,0.11999988555908203,0,0.03359999880194664,0.0017072880873456597,0,0
2,158,WaterSecurity,18,5,18,5,0,0,0.11999988555908203,0,0.03359999880194664,0.0017080547986552119,0,0
2,159,WaterSecurity,18,5,18,5,0,0,0.11999988555908203,0,0.03359999880194664,0.0017088126624003053,0,0
2,160,WaterSecurity,18,5,18,5,0,0,0.11999988555908203,0,0.03359999880194664,0.0017095614457502961,0,0
2,161,WaterSecurity,18,5,18,5,0,0,0.11999988555908203,0,0.03359999880194664,0.001710300799459219,0,0
2,162,WaterSecurity,18,5,18,5,0,0,0.11999988555908203,0,0.03359999880194664,0.0017110316548496485,0,0
2,163,WaterSecurity,18,5,18,5,0,0,0.11999988555908203,0,0.03359999880194664,0.001711753779090941,0,0
2,164,WaterSecurity,18,5,18,5,0,0,0.11999988555908203,0,0.03359999880194664,0.0017124670557677746,0,0
2,165,WaterSecurity,18,5,18,5,0,0,0.11999988555908203,0,0.03359999880194664,0.0017131719505414367,0,0
2,166,WaterSecurity,18,5,18,5,0,0,0.11999988555908203,0,0.03359999880194664,0.0017138682305812836,0,0
2,167,WaterSecurity,18,5,18,5,0,0,0.11999988555908203,0,0.03359999880194664,0.0017145561287179589,0,0
2,168,WaterSecurity,18,5,18,5,0,0,0.11999988555908203,0,0.03359999880194664,0.0017152359941974282,0,0
2,169,WaterSecurity,18,5,18,5,0,0,0.11999988555908203,0,0.03359999880194664,0.0017159075941890478,0,0
2,170,WaterSecurity,18,5,18,5,0,0,0.11999988555908203,0,0.03359999880194664,0.0017165710451081395,0,0
2,171,WaterSecurity,18,5,18,5,0,0,0.11999988555908203,0,0.03359999880194664,0.0017172266962006688,0,0
2,172,WaterSecurity,18,5,18,5,0,0,0.11999988555908203,0,0.03359999880194664,0.0017178743146359921,0,0
2,173,WaterSecurity,18,5,18,5,0,0,0.11999988555908203,0,0.03359999880194664,0.0017185142496600747,0,0
2,174,WaterSecurity,18,5,18,5,0,0,0.11999988555908203,0,0.03359999880194664,0.001719146384857595,0,0
2,175,WaterSecurity,18,5,18,5,0,0,0.11999988555908203,0,0.03359999880194664,0.0017197710694745183,0,0
2,176,WaterSecurity,18,5,18,5,0,0,0.11999988555908203,0,0.03359999880194664,0.0017203881870955229,0,0
2,177,WaterSecurity,18,5,18,5,0,0,0.11999988555908203,0,0.03359999880194664,0.0017209977377206087,0,0
2,178,WaterSecurity,18,5,18,5,0,0,0.11999988555908203,0,0.03359999880194664,0.0017216003034263849,0,0
2,179,WaterSecurity,18,5,18,5,0,0,0.11999988555908203,0,0.03359999880194664,0.0017221951857209206,0,0
2,180,WaterSecurity,18,5,18,5,0,0,0.11999988555908203,0,0.03359999880194664,0.0017227833159267902,0,0
2,181,WaterSecurity,18,5,18,5,0,0,0.11999988555908203,0,0.03359999880194664,0.0017233644612133503,0,0
2,182,WaterSecurity,18,5,18,5,0,0,0.11999988555908203,0,0.03359999880194664,0.0017239383887499571,0,0
2,183,WaterSecurity,18,5,18,5,0,0,0.11999988555908203,0,0.03359999880194664,0.0017245053313672543,0,0
2,184,WaterSecurity,18,5,18,5,0,0,0.11999988555908203,0,0.03359999880194664,0.0017250657547265291,0,0
2,185,WaterSecurity,18,5,18,5,0,0,0.11999988555908203,0,0.03359999880194664,0.0017256191931664944,0,0
2,186,WaterSecurity,18,5,18,5,0,0,0.11999988555908203,0,0.03359999880194664,0.0017261662287637591,0,0
2,187,WaterSecurity,18,5,18,5,0,0,0.11999988555908203,0,0.03359999880194664,0.0017267065122723579,0,0
2,188,WaterSecurity,18,5,18,5,0,0,0.11999988555908203,0,0.03359999880194664,0.0017272402765229344,0,0
2,189,WaterSecurity,18,5,18,5,0,0,0.11999988555908203,0,0.03359999880194664,0.0017277678707614541,0,0
2,190,WaterSecurity,18,5,18,5,0,0,0.11999988555908203,0,0.03359999880194664,0.0017282890621572733,0,0
2,191,WaterSecurity,18,5,18,5,0,0,0.11999988555908203,0,0.03359999880194664,0.0017288041999563575,0,0
2,192,WaterSecurity,18,5,18,5,0,0,0.11999988555908203,0,0.03359999880194664,0.0017293128184974194,0,0
2,193,WaterSecurity,18,5,18,5,0,0,0.11999988555908203,0,0.03359999880194664,0.0017298154998570681,0,0
2,194,WaterSecurity,18,5,18,5,0,0,0.11999988555908203,0,0.03359999880194664,0.0017303120112046599,0,0
2,195,WaterSecurity,18,5,18,5,0,0,0.11999988555908203,0,0.03359999880194664,0.0017308027017861605,0,0
2,196,WaterSecurity,18,5,18,5,0,0,0.11999988555908203,0,0.03359999880194664,0.0017312874551862478,0,0
2,197,WaterSecurity,18,5,18,5,0,0,0.11999988555908203,0,0.03359999880194664,0.001731766271404922,0,0
2,198,WaterSecurity,18,5,18,5,0,0,0.11999988555908203,0,0.03359999880194664,0.0017322393832728267,0,0
2,199,WaterSecurity,18,5,18,5,0,0,0.11999988555908203,0,0.03359999880194664,0.0017327070236206055,0,0
2,200,WaterSecurity,18,5,18,5,0,0,0.11999988555908203,0,0.03359999880194664,0.0017331688432022929,0,0
2,201,WaterSecurity,18,5,18,5,0,0,0.11999988555908203,0,0.03359999880194664,0.0017336250748485327,0,0
2,202,WaterSecurity,18,5,18,5,0,0,0.11999988555908203,0,0.03359999880194664,0.0017340758349746466,0,0
2,203,WaterSecurity,18,5,18,5,0,0,0.11999988555908203,0,0.03359999880194664,0.0017345214728266001,0,0
2,204,WaterSecurity,18,5,18,5,0,0,0.11999988555908203,0,0.03359999880194664,0.0017349617555737495,0,0
2,205,WaterSecurity,18,5,18,5,0,0,0.11999988555908203,0,0.03359999880194664,0.0017353964503854513,0,0
2,206,WaterSecurity,18,5,18,5,0,0,0.11999988555908203,0,0.03359999880194664,0.0017358262557536364,0,0
2,207,WaterSecurity,18,5,18,5,0,0,0.11999988555908203,0,0.03359999880194664,0.0017362507060170174,0,0
2,208,WaterSecurity,18,5,18,5,0,0,0.11999988555908203,0,0.03359999880194664,0.0017366701504215598,0,0
2,209,WaterSecurity,18,5,18,5,0,0,0.11999988555908203,0,0.03359999880194664,0.00173708435613662,0,0
2,210,WaterSecurity,18,5,18,5,0,0,0.11999988555908203,0,0.03359999880194664,0.0017374937888234854,0,0
2,211,WaterSecurity,18,5,18,5,0,0,0.11999988555908203,0,0.03359999880194664,0.0017378980992361903,0,0
2,212,WaterSecurity,18,5,18,5,0,0,0.11999988555908203,0,0.03359999880194664,0.0017382977530360222,0,0
2,213,WaterSecurity,18,5,18,5,0,0,0.11999988555908203,0,0.03359999880194664,0.0017386925173923373,0,0
2,214,WaterSecurity,18,5,18,5,0,0,0.11999988555908203,0,0.03359999880194664,0.0017390826251357794,0,0
2,215,WaterSecurity,18,5,18,5,0,0,0.11999988555908203,0,0.03359999880194664,0.0017394678434357047,0,0
2,216,WaterSecurity,18,5,18,5,0,0,0.11999988555908203,0,0.03359999880194664,0.0017398487543687224,0,0
2,217,WaterSecurity,18,5,18,5,0,0,0.11999988555908203,0,0.03359999880194664,0.0017402250086888671,0,0
2,218,WaterSecurity,18,5,18,5,0,0,0.11999988555908203,0,0.03359999880194664,0.0017405968392267823,0,0
2,219,WaterSecurity,18,5,18,5,0,0,0.11999988555908203,0,0.03359999880194664,0.0017409637803211808,0,0
2,220,WaterSecurity,18,5,18,5,0,0,0.11999988555908203,0,0.03359999880194664,0.0017413265304639935,0,0
2,221,WaterSecurity,18,5,18,5,0,0,0.11999988555908203,0,0.03359999880194664,0.0017416852060705423,0,0
2,222,WaterSecurity,18,5,18,5,0,0,0.11999988555908203,0,0.03359999880194664,0.001742039225064218,0,0
2,223,WaterSecurity,18,5,18,5,0,0,0.11999988555908203,0,0.03359999880194664,0.0017423891695216298,0,0
2,224,WaterSecurity,18,5,18,5,0,0,0.11999988555908203,0,0.03359999880194664,0.0017427346901968122,0,0
2,225,WaterSecurity,18,5,18,5,0,0,0.11999988555908203,0,0.03359999880194664,0.0017430762527510524,0,0
2,226,WaterSecurity,18,5,18,5,0,0,0.11999988555908203,0,0.03359999880194664,0.0017434136243537068,0,0
2,227,WaterSecurity,18,5,18,5,0,0,0.11999988555908203,0,0.03359999880194664,0.001743747154250741,0,0
2,228,WaterSecurity,18,5,18,5,0,0,0.11999988555908203,0,0.03359999880194664,0.0017440764931961894,0,0
2,229,WaterSecurity,18,5,18,5,0,0,0.11999988555908203,0,0.03359999880194664,0.0017444019904360175,0,0
2,230,WaterSecurity,18,5,18,5,0,0,0.11999988555908203,0,0.03359999880194664,0.0017447237623855472,0,0
2,231,WaterSecurity,18,5,18,5,0,0,0.11999988555908203,0,0.03359999880194664,0.0017450414597988129,0,0
2,232,WaterSecurity,18,5,18,5,0,0,0.11999988555908203,0,0.03359999880194664,0.0017453553155064583,0,0
2,233,WaterSecurity,18,5,18,5,0,0,0.11999988555908203,0,0.03359999880194664,0.0017456655623391271,0,0
2,234,WaterSecurity,18,5,18,5,0,0,0.11999988555908203,0,0.03359999880194664,0.0017459717346355319,0,0
2,235,WaterSecurity,18,5,18,5,0,0,0.11999988555908203,0,0.03359999880194664,0.0017462747637182474,0,0
2,236,WaterSecurity,18,5,18,10,5,0,0.11999988555908203,0,0.03359999880194664,0.001746573718264699,0.016499999910593033,0
2,237,WaterSecurity,18,10,18,15,5,0,0.11999988555908203,0,0.03359999880194664,0.0017468690639361739,0.016499996185302734,12
2,238,WaterSecurity,18,15,18,15,0,0,0.11999988555908203,0,0.03359999880194664,0.0017471612663939595,0,12
2,239,WaterSecurity,18,15,18,15,0,0,0.11999988555908203,0,0.03359999880194664,0.001747449510730803,0,12
2,240,WaterSecurity,18,15,18,15,0,0,0.11999988555908203,0,0.03359999880194664,0.0017477346118539572,0,12
2,241,WaterSecurity,18,15,18,15,0,0,0.11999988555908203,0,0.03359999880194664,0.0017480162205174565,0,12
2,242,WaterSecurity,18,15,18,15,0,0,0.11999988555908203,0,0.03359999880194664,0.0017482943367213011,0,12
2,243,WaterSecurity,18,15,18,15,0,0,0.11999988555908203,0,0.03359999880194664,0.0017485690768808126,0,12
2,244,WaterSecurity,18,15,18,15,0,0,0.11999988555908203,0,0.03359999880194664,0.0017488407902419567,0,6.4145755767822266
2,245,WaterSecurity,18,15,13,15,5,0,0.11999988555908203,0,0.03359999880194664,0.001749109011143446,0.016500003635883331,0
2,246,WaterSecurity,13,15,9,11,5.6568541526794434,0,0.11999988555908203,0,0.03359999880194664,0.0017493739724159241,0.018142135813832283,0
2,247,WaterSecurity,9,11,8,8,3.1622776985168457,0,0.11999988555908203,0,0.03359999880194664,0.0017496359068900347,0.011905692517757416,0
2,248,WaterSecurity,8,8,8,8,0,0,0.11999988555908203,0,0.03359999880194664,0.0017498948145657778,0,0
2,249,WaterSecurity,8,8,8,8,0,0,0.11999988555908203,0,0.03359999880194664,0.0017501503461971879,0,0
2,250,WaterSecurity,8,8,8,8,0,0,0.11999988555908203,0,0.03359999880194664,0.0017504028510302305,0,0
2,251,WaterSecurity,8,8,8,8,0,0,0.11999988555908203,0,0.03359999880194664,0.0017506524454802275,0,0
2,252,WaterSecurity,8,8,8,8,0,0,0.11999988555908203,0,0.03359999880194664,0.0017508991295471787,0,0
2,253,WaterSecurity,8,8,8,8,0,0,0.11999988555908203,0,0.03359999880194664,0.0017511426704004407,0,0
2,254,WaterSecurity,8,8,8,8,0,0,0.11999988555908203,0,0.03359999880194664,0.001751383300870657,0,0
2,255,WaterSecurity,8,8,8,8,0,0,0.11999988555908203,0,0.03359999880194664,0.0017516209045425057,0,0
2,256,WaterSecurity,8,8,8,8,0,0,0.11999988555908203,0,0.03359999880194664,0.0017518559470772743,0,0
2,257,WaterSecurity,8,8,8,8,0,0,0.11999988555908203,0,0.03359999880194664,0.0017520881956443191,0,0
2,258,WaterSecurity,8,8,8,8,0,0,0.11999988555908203,0,0.03359999880194664,0.0017523173009976745,0,0
2,259,WaterSecurity,8,8,8,8,0,0,0.11999988555908203,0,0.03359999880194664,0.0017525438452139497,0,0
2,260,WaterSecurity,8,8,8,8,0,0,0.11999988555908203,0,0.03359999880194664,0.0017527678282931447,0,0
2,261,WaterSecurity,8,8,8,8,0,0,0.11999988555908203,0,0.03359999880194664,0.0017529889009892941,0,0
2,262,WaterSecurity,8,8,8,8,0,0,0.11999988555908203,0,0.03359999880194664,0.0017532072961330414,0,0
2,263,WaterSecurity,8,8,8,8,0,0,0.11999988555908203,0,0.03359999880194664,0.0017534230137243867,0,0
2,264,WaterSecurity,8,8,8,8,0,0,0.11999988555908203,0,0.03359999880194664,0.0017536365194246173,0,0
2,265,WaterSecurity,8,8,8,8,0,0,0.11999988555908203,0,0.03359999880194664,0.001753847231157124,0,0
2,266,WaterSecurity,8,8,8,8,0,0,0.11999988555908203,0,0.03359999880194664,0.0017540553817525506,0,0
2,267,WaterSecurity,8,8,8,8,0,0,0.11999988555908203,0,0.03359999880194664,0.0017542612040415406,0,0
2,268,WaterSecurity,8,8,8,8,0,0,0.11999988555908203,0,0.03359999880194664,0.0017544643487781286,0,0
2,269,WaterSecurity,8,8,8,8,0,0,0.11999988555908203,0,0.03359999880194664,0.0017546653980389237,0,0
2,270,WaterSecurity,8,8,8,8,0,0,0.11999988555908203,0,0.03359999880194664,0.0017548635369166732,0,0
2,271,WaterSecurity,8,8,8,8,0,0,0.11999988555908203,0,0.03359999880194664,0.0017550595803186297,0,0
2,272,WaterSecurity,8,8,8,8,0,0,0.11999988555908203,0,0.03359999880194664,0.0017552534118294716,0,0
2,273,WaterSecurity,8,8,8,8,0,0,0.11999988555908203,0,0.03359999880194664,0.0017554446822032332,0,0
2,274,WaterSecurity,8,8,5,7,3.1622776985168457,0,0.11999988555908203,0,0.03359999880194664,0.0017556337406858802,0.011905692517757416,0
2,275,WaterSecurity,5,7,4,10,3.1622776985168457,0.045000001788139343,0.11999988555908203,0,0.03359999880194664,0.0017558204708620906,0.011905694380402565,0
2,276,WaterSecurity,4,10,0,12,4.4721360206604004,0.045000001788139343,0.11999988555908203,0,0.03359999880194664,0.0017560051055625081,0.01518034003674984,0
2,277,WaterSecurity,0,12,4,16,5.6568541526794434,0,0.11999988555908203,0,0.03359999880194664,0.0017561874119564891,0.018142135813832283,0
2,278,WaterSecurity,4,16,4,11,5,0,0.11999988555908203,0,0.03359999880194664,0.0017563673900440335,0.016499999910593033,0
2,279,WaterSecurity,4,11,6,16,5.385164737701416,0.045000001788139343,0.11999988555908203,0,0.03359999880194664,0.0017565456219017506,0.017462911084294319,0
2,280,WaterSecurity,6,16,7,19,3.1622776985168457,0.045000001788139343,0.11999988555908203,0,0.03359999880194664,0.0017567214090377092,0.011905694380402565,0
2,281,FollowHarvester,7,19,9,24,5.385164737701416,0,0.11999988555908203,0,0.03359999880194664,0.0017568949842825532,0.01746290922164917,12
2,282,WaterSecurity,9,24,7,19,5.385164737701416,0.045000001788139343,0.11999988555908203,0,0.03359999880194664,0.0017570665804669261,0.01746290922164917,0
2,283,FollowHarvester,7,19,9,24,5.385164737701416,0,0.11999988555908203,0,0.03359999880194664,0.0017572363140061498,0.01746290922164917,12
2,284,FollowHarvester,9,24,9,24,0,0,0.11999988555908203,0,0.03359999880194664,0.0017574039520695806,0,12
2,285,FollowHarvester,9,24,9,24,0,0,0.11999988555908203,0,0.03359999880194664,0.0017575694946572185,0,12
2,286,WaterSecurity,9,24,7,19,5.385164737701416,0.045000001788139343,0.11999988555908203,0,0.03359999880194664,0.0017577330581843853,0.01746290922164917,0
2,287,FollowHarvester,7,19,9,24,5.385164737701416,0,0.11999988555908203,0,0.03359999880194664,0.0017578946426510811,0.01746290922164917,12
2,288,FollowHarvester,9,24,10,27,3.1622776985168457,0,0.11999988555908203,0,0.03359999880194664,0.0017580542480573058,0.011905694380402565,0
2,289,WaterSecurity,10,27,8,22,5.385164737701416,0,0.11999988555908203,0,0.03359999880194664,0.0017582121072337031,0.01746290922164917,0
2,290,WaterSecurity,8,22,7,19,3.1622776985168457,0.045000001788139343,0.11999988555908203,0,0.03359999880194664,0.0017583678709343076,0.011905696243047714,0
2,291,FollowHarvester,7,19,9,24,5.385164737701416,0,0.11999988555908203,0,0.03359999880194664,0.0017585220048204064,0.01746290922164917,12
2,292,WaterSecurity,9,24,7,19,5.385164737701416,0.045000001788139343,0.11999988555908203,0,0.03359999880194664,0.0017586739268153906,0.017462912946939468,0
2,293,FollowHarvester,7,19,9,24,5.385164737701416,0,0.11999988555908203,0,0.03359999880194664,0.0017588242189958692,0.01746290922164917,12
2,294,FollowHarvester,9,24,10,27,3.1622776985168457,0,0.11999988555908203,0,0.03359999880194664,0.0017589727649465203,0.01190569344907999,0
2,295,WaterSecurity,10,27,8,22,5.385164737701416,0,0.11999988555908203,0,0.03359999880194664,0.0017591193318367004,0.017462911084294319,0
2,296,WaterSecurity,8,22,7,19,3.1622776985168457,0.045000001788139343,0.11999988555908203,0,0.03359999880194664,0.0017592645017430186,0.011905692517757416,0
2,297,FollowHarvester,7,19,9,24,5.385164737701416,0,0.11999988555908203,0,0.03359999880194664,0.0017594078090041876,0.01746290922164917,9.7729930877685547
2,298,WaterSecurity,9,24,7,19,5.385164737701416,0.045000001788139343,0.11999988555908203,0,0.03359999880194664,0.0017595493700355291,0.01746290922164917,0
2,299,FollowHarvester,7,19,8,16,3.1622776985168457,0,0.11999988555908203,0,0.03359999880194664,0.0017596890684217215,0.011905699968338013,12
2,300,FollowHarvester,8,16,13,16,5,0,0.11999988555908203,0,0.03359999880194664,0.0017598271369934082,0.016499999910593033,0
2,301,FollowHarvester,13,16,18,16,5,0,0.11999988555908203,0,0.03359999880194664,0.0017599636921659112,0.016499996185302734,12
2,302,WaterSecurity,18,16,13,16,5,0,0.11999988555908203,0,0.03359999880194664,0.001760098384693265,0.016499999910593033,0
2,303,WaterSecurity,13,16,18,16,5,0,0.11999988555908203,0,0.03359999880194664,0.0017602314474061131,0.016499996185302734,12
2,304,WaterSecurity,18,16,13,16,5,0,0.11999988555908203,0,0.03359999880194664,0.0017603632295504212,0.016499999910593033,0
2,305,WaterSecurity,13,16,8,16,5,0,0.11999988555908203,0,0.03359999880194664,0.0017604932654649019,0.016499996185302734,12
2,306,WaterSecurity,8,16,7,19,3.1622776985168457,0.045000001788139343,0.11999988555908203,0,0.03359999880194664,0.0017606217879801989,0.011905692517757416,0
2,307,WaterSecurity,7,19,7,19,0,0.045000001788139343,0.11999988555908203,0,0.03359999880194664,0.0017607486806809902,0,0
2,308,WaterSecurity,7,19,7,19,0,0.045000001788139343,0.11999988555908203,0,0.03359999880194664,0.0017608741763979197,0,0
2,309,FollowHarvester,7,19,7,14,5,0,0.11999988555908203,0,0.03359999880194664,0.0017609980423003435,0.016499999910593033,0
2,310,FollowHarvester,7,14,7,9,5,0,0.11999988555908203,0,0.03359999880194664,0.0017611203948035836,0.016499999910593033,12
2,311,WaterSecurity,7,9,4,10,3.1622776985168457,0.045000001788139343,0.11999988555908203,0,0.03359999880194664,0.0017612414667382836,0.011905692517757416,0
2,312,FollowHarvester,4,10,6,8,2.8284270763397217,0,0.11999988555908203,0,0.03359999880194664,0.0017613607924431562,0.011071071028709412,12
2,313,FollowHarvester,6,8,6,8,0,0,0.11999988555908203,0,0.03359999880194664,0.0017614789539948106,0,5.4550437927246094
2,314,FollowHarvester,6,8,8,6,2.8284270763397217,0,0.11999988555908203,0,0.03359999880194664,0.0017615954857319593,0.011071063578128815,12
2,315,WaterSecurity,8,6,4,10,5.6568541526794434,0.045000001788139343,0.11999988555908203,0,0.03359999880194664,0.001761710736900568,0.018142137676477432,0
2,316,FollowHarvester,4,10,8,6,5.6568541526794434,0,0.11999988555908203,0,0.03359999880194664,0.0017618245910853148,0.018142133951187134,8.4742221832275391
2,317,FollowHarvester,8,6,8,11,5,0,0.11999988555908203,0,0.03359999880194664,0.0017619370482861996,0.016499999910593033,0
2,318,WaterSecurity,8,11,13,13,5.385164737701416,0,0.11999988555908203,0,0.03359999880194664,0.0017620481085032225,0.017462911084294319,0
2,319,WaterSecurity,13,13,9,17,5.6568541526794434,0,0.11999988555908203,0,0.03359999880194664,0.0017621581209823489,0.018142133951187134,4.7279205322265625
2,320,WaterSecurity,9,17,7,19,2.8284270763397217,0.045000001788139343,0.11999988555908203,0,0.03359999880194664,0.0017622665036469698,0.011071071028709412,0
2,321,WaterSecurity,7,19,7,19,0,0.045000001788139343,0.11999988555908203,0,0.03359999880194664,0.0017623736057430506,0,0
2,322,FollowHarvester,7,19,9,24,5.385164737701416,0,0,0,0.03359999880194664,0.0017624795436859131,0.01746290922164917,12
2,323,FollowHarvester,9,24,13,20,5.6568541526794434,0,0.23999977111816406,0,0.03359999880194664,0.0017624795436859131,0.018142135813832283,0
2,324,WaterSecurity,13,20,17,16,5.6568541526794434,0,0.11999988555908203,0,0.03359999880194664,0.0017626890912652016,0.018142133951187134,0
2,325,WaterSecurity,17,16,13,12,5.6568541526794434,0.027874020859599113,0.11999988555908203,0,0.03359999880194664,0.0017627909546718001,0.018142135813832283,0
2,326,WaterSecurity,13,12,9,8,5.6568541526794434,0.045000001788139343,0.11999988555908203,0,0.03359999880194664,0.0017628917703405023,0.018142135813832283,0
2,327,SeasonalOpportunity,9,8,13,12,5.6568541526794434,0.045000001788139343,0.11999988555908203,0,0.03359999880194664,0.0017629914218559861,0.018142137676477432,0
2,328,FollowHarvester,13,12,17,16,5.6568541526794434,0,0.019693374633789062,0.10030746459960938,0.03359999880194664,0.0017630900256335735,0.018142133951187134,0
2,329,FollowHarvester,17,16,20,16,3,0,0.11999988555908203,0,0.03359999880194664,0.0017572653014212847,0.011500000953674316,12
2,330,FollowHarvester,20,16,20,16,0,0,0,0.11999988555908203,0.03359999880194664,0.00175743259023875,0,12
2,331,FollowHarvester,20,16,20,16,0,0,0,0.11999988555908203,0.03359999880194664,0.0017505130963400006,0,12
2,332,FollowHarvester,20,16,20,16,0,0,0,0.11999988555908203,0.03359999880194664,0.0017436764901503921,0,12
2,333,WaterSecurity,20,16,17,16,3,0,0,0.11999988555908203,0.03359999880194664,0.0017369220731779933,0.011499986052513123,0
2,334,WaterSecurity,17,16,13,12,5.6568541526794434,0.045000001788139343,0.11999988555908203,0,0.03359999880194664,0.0017302484484389424,0.018142133951187134,0
2,335,FollowHarvester,13,12,17,16,5.6568541526794434,0,0,0.11999988555908203,0.03359999880194664,0.0017307399539276958,0.018142133951187134,0
2,336,WaterSecurity,17,16,13,12,5.6568541526794434,0.045000001788139343,0.11999988555908203,0,0.03359999880194664,0.0017241407185792923,0.018142137676477432,0
2,337,FollowHarvester,13,12,18,14,5.385164737701416,0,0,0.11999988555908203,0.03359999880194664,0.0017247054493054748,0.01746290922164917,0
2,338,FollowHarvester,18,14,18,17,3,0,0,0.11999988555908203,0.03359999880194664,0.001718178391456604,0.011500000953674316,0
2,339,WaterSecurity,18,17,16,12,5.385164737701416,0.045000001788139343,0.069754600524902344,0.050245285034179688,0.03359999880194664,0.0017117299139499664,0.01746290922164917,0
2,340,FollowHarvester,16,12,20,16,5.6568541526794434,0,0,0.11999988555908203,0.03359999880194664,0.0017094771610572934,0.018142133951187134,12
2,341,FollowHarvester,20,16,20,16,0,0,0,0.11999988555908203,0.03359999880194664,0.0017031331080943346,0,12
2,342,WaterSecurity,20,16,17,16,3,0,0,0.11999988555908203,0.03359999880194664,0.0016968651907518506,0.011500000953674316,0
2,343,WaterSecurity,17,16,13,12,5.6568541526794434,0.045000001788139343,0.11999988555908203,0,0.03359999880194664,0.0016906722448766232,0.018142133951187134,0
2,344,FollowHarvester,13,12,17,16,5.6568541526794434,0,0,0.11999988555908203,0.03359999880194664,0.0016916384920477867,0.018142133951187134,0
2,345,WaterSecurity,17,16,13,12,5.6568541526794434,0.045000001788139343,0.11999988555908203,0,0.03359999880194664,0.0016855086432769895,0.018142133951187134,0
2,346,FollowHarvester,13,12,18,14,5.385164737701416,0,0,0.11999988555908203,0.03359999880194664,0.0016865367069840431,0.01746290922164917,0
2,347,FollowHarvester,18,14,18,17,3,0,0,0.11999988555908203,0.03359999880194664,0.0016804680926725268,0.011500000953674316,0
2,348,FollowHarvester,18,17,14,21,5.6568541526794434,0.045000001788139343,0.11999988555908203,0,0.03359999880194664,0.0016744717722758651,0.018142135813832283,0
2,349,FollowHarvester,14,21,10,25,5.6568541526794434,0,0,0.11999988555908203,0.03359999880194664,0.0016756326658651233,0.018142163753509521,12
2,350,FollowHarvester,10,25,10,25,0,0,0,0.11999988555908203,0.03359999880194664,0.0016696947859600186,0,12
2,351,FollowHarvester,10,25,10,25,0,0,0,0.11999988555908203,0.03359999880194664,0.0016638279194012284,0,6.2227516174316406
2,352,WaterSecurity,10,25,8,20,5.385164737701416,0.044123485684394836,0.11999988555908203,0,0.03359999880194664,0.0016580316005274653,0.017462911084294319,0
2,353,FollowHarvester,8,20,13,18,5.385164737701416,0.045000001788139343,0.11999988555908203,0,0.03359999880194664,0.0016593898180872202,0.01746290922164917,0
2,354,FollowHarvester,13,18,18,16,5.385164737701416,0,0,0.11999988555908203,0.03359999880194664,0.0016607313882559538,0.01746290922164917,0.37703323364257812
2,355,FollowHarvester,18,16,18,16,0,0,0,0.11999988555908203,0.03359999880194664,0.0016549723222851753,0,0
2,356,FollowHarvester,18,16,18,16,0,0,0,0.11999988555908203,0.03359999880194664,0.0016492822906002402,0,0
2,357,FollowHarvester,18,16,18,16,0,0,0,0.11999988555908203,0.03359999880194664,0.0016436605947092175,0,0
2,358,WaterSecurity,18,16,13,16,5,0.045000001788139343,0.11999988555908203,0,0.03359999880194664,0.0016381063032895327,0.016499999910593033,0
2,359,FollowHarvester,13,16,18,16,5,0,0,0.11999988555908203,0.03359999880194664,0.0016397034050896764,0.016499996185302734,0
2,360,FollowHarvester,18,16,18,16,0,0,0,0.11999988555908203,0.03359999880194664,0.0016341966111212969,0,0
2,361,WaterSecurity,18,16,13,16,5,0.045000001788139343,0.11999988555908203,0,0.03359999880194664,0.0016287559410557151,0.016500003635883331,0
2,362,FollowHarvester,13,16,18,16,5,0,0,0.11999988555908203,0.03359999880194664,0.0016304650343954563,0.016499996185302734,0
2,363,FollowHarvester,18,16,18,16,0,0,0,0.11999988555908203,0.03359999880194664,0.0016250690678134561,0,0
2,364,FollowHarvester,18,16,18,16,0,0,0,0.11999988555908203,0.03359999880194664,0.0016197379445657134,0,0
2,365,WaterSecurity,18,16,13,16,5,0.045000001788139343,0.11999988555908203,0,0.03359999880194664,0.0016144708497449756,0.016500003635883331,0
3,1,FollowHarvester,13,16,18,16,5,0,0,0.11999988555908203,0.03359999880194664,0.0016163516556844115,0.016499996185302734,12
