year,season,hours,hibernation_hours,distance_km,water_scarcity_hours,organic_scarcity_hours,nitrogen_scarcity_hours,thermal_scarcity_hours,water_min,water_mean,water_max,organic_min,organic_mean,organic_max,electricity_min,electricity_mean,electricity_max,organic_nitrogen_min,organic_nitrogen_mean,organic_nitrogen_max,structural_nitrogen_min,structural_nitrogen_mean,structural_nitrogen_max,heat_min,heat_mean,heat_max,body_temperature_min,body_temperature_mean,body_temperature_max,total_mass_min,total_mass_mean,total_mass_max,activities,actions
1,Winter,2160,744,216.303699,0,0,0,0,1547.686768,2224.98291,2786.724365,255.816208,862.275269,2165.646973,0,181.891907,279.693878,7.098407,12.01009,20.042192,178.884003,180.002625,181.282089,0,0.049251,2.961511,-8.293368,9.09965,18,18401.330078,20262.447266,23121.783203,"Hibernate:248|Travel:303|CollectWater:11|HarvestDryBiomass:139|DryOrganicMatter:10|CollectChitin:9","burn dry organic matter:472|heat caravan:472|reject heat:472|move:258|movement water loss:258|movement organic maintenance:258|maintain caravan water circuit:720|maintain living structure:720|circulate organic nitrogen:720|maintain electrical systems:671|capture dust:367|power intake and harvest:398|generate solar electricity:249|grow Каркас:300|grow Резервуар:300|grow Органическое хранилище:423|harvest dry biomass:387|grow Биореактор / топка:139|grow Парус:265|grow Сборщик сухой массы:131|withdraw surface water:6|grow Охлаждающий орган:10|grow Ростовая ткань:9|collect chitin:4|atrophy Солнечный лист:93|atrophy Водозабор:360|atrophy Снегосборник:360|atrophy Жатка живой массы:360|atrophy Сушильный орган:360|atrophy Электромотор:360|atrophy Тепловой орган:360|spoil wet organic matter:58|grow Солнечный лист:39|collect snow:248|harvest live biomass:248|atrophy Сборщик сухой массы:248|hibernate:248|melt collected snow:62|atrophy Охлаждающий орган:239|atrophy Биореактор / топка:213|atrophy Ростовая ткань:208"
1,Spring,2208,0,414.442393,0,0,0,0,1629.198242,2093.493164,2569.058594,606.451111,763.22467,935.893494,241.672089,276.789581,279.51889,8.032629,9.110669,10.390982,179.93782,180.363571,180.806381,0,0.122424,6.051422,18,18,18,18640.902344,19197.513672,19729.681641,"Travel:442|CollectWater:20|HarvestDryBiomass:261|CollectChitin:13","harvest dry biomass:141|capture dust:525|burn dry organic matter:736|power intake and harvest:578|heat caravan:520|reject heat:736|spoil wet organic matter:736|maintain caravan water circuit:736|maintain living structure:736|circulate organic nitrogen:736|maintain electrical systems:736|grow Сборщик сухой массы:261|grow Органическое хранилище:703|grow Биореактор / топка:261|atrophy Водозабор:736|atrophy Снегосборник:736|atrophy Жатка живой массы:736|atrophy Сушильный орган:736|atrophy Электромотор:736|atrophy Тепловой орган:736|move:342|movement water loss:342|movement organic maintenance:342|grow Парус:442|grow Солнечный лист:442|grow Резервуар:462|grow Каркас:455|generate solar electricity:401|withdraw surface water:10|grow Ростовая ткань:13|collect chitin:6"
1,Summer,2208,0,495.353122,0,0,0,0,1774.188477,2252.221191,2722.38501,667.467957,860.689453,1044.908569,241.478424,276.430603,279.504791,8.904423,10.2617,11.50248,180.807617,181.274597,181.794708,0,0.151023,6.082039,18,18.402176,24.318468,18854.011719,19408.373047,20009.269531,"Travel:467|CollectWater:24|HarvestDryBiomass:230|CollectChitin:15","burn dry organic matter:736|reject heat:736|spoil wet organic matter:736|maintain caravan water circuit:736|maintain living structure:736|circulate organic nitrogen:736|maintain electrical systems:736|grow Парус:467|grow Солнечный лист:467|grow Резервуар:491|grow Органическое хранилище:697|grow Каркас:482|atrophy Водозабор:736|atrophy Снегосборник:736|atrophy Жатка живой массы:736|atrophy Сушильный орган:736|atrophy Электромотор:736|atrophy Тепловой орган:736|move:354|movement water loss:354|movement organic maintenance:354|grow Сборщик сухой массы:230|grow Биореактор / топка:230|harvest dry biomass:124|generate solar electricity:438|power intake and harvest:537|withdraw surface water:12|capture dust:459|grow Ростовая ткань:15|collect chitin:8|heat caravan:31"
1,Autumn,2184,423,364.529103,0,0,0,120,1950.363892,2384.259277,2760.620117,68.236137,957.673218,1952.774658,0,176.0233,279.478638,10.082588,13.837211,16.649122,181.283875,181.75943,182.065109,0,0.20366,4.731358,-6.426313,14.289823,18.000004,19170.478516,21286.802734,22306.220703,"Hibernate:141|Travel:111|CollectWater:19|HarvestLiveBiomass:16|HarvestDryBiomass:55|DryOrganicMatter:383|CollectChitin:3","capture dust:173|burn dry organic matter:201|power intake and harvest:213|reject heat:269|spoil wet organic matter:560|maintain caravan water circuit:728|maintain living structure:728|circulate organic nitrogen:728|maintain electrical systems:676|grow Парус:100|grow Солнечный лист:110|grow Резервуар:106|grow Органическое хранилище:151|grow Каркас:102|atrophy Водозабор:728|atrophy Снегосборник:728|atrophy Жатка живой массы:595|atrophy Сушильный орган:728|atrophy Электромотор:728|atrophy Тепловой орган:728|heat caravan:542|move:209|movement water loss:209|movement organic maintenance:209|grow Сборщик сухой массы:51|grow Биореактор / топка:51|harvest dry biomass:168|generate solar electricity:300|withdraw surface water:9|harvest live biomass:157|grow Охлаждающий орган:10|grow Ростовая ткань:2|collect chitin:1|enter hibernation:3|collect snow:131|hibernate:141|melt collected snow:41|atrophy Сборщик сухой массы:157|leave hibernation:2"
2,Winter,2160,1416,160.169673,0,0,0,0,2134.204834,2514.544434,2842.386963,1201.718262,1365.918335,1588.731934,0,94.22023,272.730225,14.629295,20.750923,27.40781,178.387039,179.341476,180.715103,0,0.044339,2.096899,-8.697495,2.001078,17.999996,22618.072266,23608.53125,24736.898438,"Hibernate:472|Travel:160|CollectWater:6|HarvestDryBiomass:75|DryOrganicMatter:2|CollectChitin:5","collect snow:472|harvest live biomass:472|harvest dry biomass:545|maintain caravan water circuit:720|maintain living structure:720|circulate organic nitrogen:720|atrophy Солнечный лист:472|atrophy Водозабор:720|atrophy Снегосборник:720|atrophy Жатка живой массы:720|atrophy Сборщик сухой массы:472|atrophy Сушильный орган:720|atrophy Биореактор / топка:472|atrophy Электромотор:720|atrophy Тепловой орган:648|atrophy Охлаждающий орган:472|atrophy Ростовая ткань:472|hibernate:472|generate solar electricity:219|melt collected snow:129|maintain electrical systems:677|atrophy Парус:441|atrophy Батарея:403|atrophy Органическое хранилище:339|atrophy Резервуар:249|withdraw surface water:9|atrophy Каркас:126|burn dry organic matter:248|heat caravan:248|reject heat:248|power intake and harvest:182|move:126|movement water loss:126|movement organic maintenance:126|grow Сборщик сухой массы:36|grow Органическое хранилище:76|grow Биореактор / топка:36|grow Парус:40|grow Солнечный лист:40|grow Резервуар:40|grow Каркас:41|spoil wet organic matter:1|capture dust:148|grow Ростовая ткань:1|collect chitin:2"
2,Spring,2208,762,558.560505,0,0,0,0,1946.218384,2602.733643,4138.722656,1143.013672,1513.709351,1769.881958,5.704482,175.603287,271.74646,14.035618,22.65966,32.268127,176.527039,176.946793,178.64003,0,0.335743,7.838146,-2.615065,11.841135,17.999996,22017.337891,23945.048828,25546.494141,"Hibernate:254|Travel:153|CollectWater:12|HarvestDryBiomass:132|DryOrganicMatter:156|CollectChitin:29","collect snow:245|harvest live biomass:254|harvest dry biomass:343|maintain caravan water circuit:736|maintain living structure:736|circulate organic nitrogen:736|maintain electrical systems:736|atrophy Парус:301|atrophy Солнечный лист:269|atrophy Водозабор:736|atrophy Снегосборник:637|atrophy Резервуар:263|atrophy Жатка живой массы:736|atrophy Сборщик сухой массы:297|atrophy Сушильный орган:736|atrophy Органическое хранилище:269|atrophy Биореактор / топка:273|atrophy Батарея:279|atrophy Электромотор:736|atrophy Тепловой орган:736|atrophy Охлаждающий орган:280|atrophy Ростовая ткань:270|atrophy Каркас:262|hibernate:254|generate solar electricity:365|melt collected snow:106|leave hibernation:1|burn dry organic matter:482|heat caravan:225|reject heat:482|spoil wet organic matter:482|move:294|movement water loss:294|movement organic maintenance:294|capture dust:250|collect chitin:15|power intake and harvest:303|dry wet organic matter:2|grow Каркас:62|grow Солнечный лист:101|grow Ростовая ткань:9|grow Органическое хранилище:134|grow Биореактор / топка:83|grow Охлаждающий орган:48|grow Парус:49|grow Резервуар:51|grow Сборщик сухой массы:78|withdraw surface water:6"
2,Summer,2208,0,851.566522,0,0,0,0,1947.10498,2328.133057,2721.839111,648.539063,1015.306641,1536.905029,230.98912,266.545227,272.329315,10.681679,12.141793,15.003834,176.452515,176.674591,177.253311,0,0.419507,5.242851,17.999996,17.999996,17.999996,20901.882813,21646.419922,22626.236328,"Travel:250|CollectWater:28|HarvestDryBiomass:202|DryOrganicMatter:247|CollectChitin:9","capture dust:338|burn dry organic matter:736|power intake and harvest:439|reject heat:736|spoil wet organic matter:736|maintain caravan water circuit:736|maintain living structure:736|circulate organic nitrogen:736|maintain electrical systems:736|atrophy Водозабор:736|atrophy Снегосборник:736|atrophy Жатка живой массы:736|atrophy Сушильный орган:736|atrophy Электромотор:736|atrophy Тепловой орган:736|move:476|movement water loss:476|movement organic maintenance:476|harvest dry biomass:147|generate solar electricity:436|grow Сборщик сухой массы:161|grow Органическое хранилище:331|grow Биореактор / топка:161|grow Солнечный лист:337|grow Охлаждающий орган:167|grow Парус:170|grow Резервуар:186|grow Каркас:177|collect chitin:5|grow Ростовая ткань:7|withdraw surface water:14|heat caravan:21"
2,Autumn,2184,0,825.403917,0,0,0,0,2021.678833,2433.876465,2828.853516,491.686951,1091.682617,1717.372681,183.4245,265.507721,272.719421,11.19219,13.404182,18.232315,177.255478,177.983307,178.395157,0,0.399576,5.113579,17.999996,17.999996,17.999996,20813.884766,21825.779297,23343.818359,"Travel:343|CollectWater:28|HarvestLiveBiomass:10|HarvestDryBiomass:187|DryOrganicMatter:141|CollectChitin:19","capture dust:356|burn dry organic matter:700|power intake and harvest:445|reject heat:700|spoil wet organic matter:605|maintain caravan water circuit:728|maintain living structure:728|circulate organic nitrogen:728|maintain electrical systems:728|grow Парус:257|grow Солнечный лист:351|grow Резервуар:277|grow Органическое хранилище:418|grow Каркас:273|atrophy Водозабор:728|atrophy Снегосборник:728|atrophy Жатка живой массы:692|atrophy Сушильный орган:728|atrophy Электромотор:728|atrophy Тепловой орган:728|heat caravan:707|generate solar electricity:321|move:439|movement water loss:439|movement organic maintenance:439|grow Сборщик сухой массы:161|grow Биореактор / топка:161|harvest dry biomass:112|grow Охлаждающий орган:94|withdraw surface water:14|grow Ростовая ткань:16|collect chitin:8|harvest live biomass:10"
3,Winter,2160,0,516.436884,0,744,744,0,2147.804443,2679.40332,3385.501953,450.526428,1333.148682,2272.123779,239.59523,270.426056,272.741943,14.350553,15.870895,17.859604,178.429657,180.680695,185.397247,0,0.178269,5.303066,17.999996,17.999996,17.999996,22148.755859,22882.890625,23479.462891,"Travel:460|CollectWater:24|HarvestDryBiomass:195|DryOrganicMatter:38|CollectChitin:3","harvest dry biomass:180|capture dust:508|burn dry organic matter:720|power intake and harvest:568|heat caravan:720|reject heat:720|maintain caravan water circuit:720|maintain living structure:720|circulate organic nitrogen:720|maintain electrical systems:720|grow Сборщик сухой массы:130|grow Органическое хранилище:377|grow Биореактор / топка:130|atrophy Водозабор:720|atrophy Снегосборник:720|atrophy Жатка живой массы:720|atrophy Сушильный орган:720|atrophy Электромотор:720|move:380|movement water loss:380|movement organic maintenance:380|grow Парус:247|grow Солнечный лист:252|grow Резервуар:258|grow Каркас:250|generate solar electricity:274|withdraw surface water:14|grow Тепловой орган:3|spoil wet organic matter:315|atrophy Тепловой орган:486|grow Охлаждающий орган:5|grow Ростовая ткань:3|collect chitin:2"
3,Spring,2208,0,802.751517,0,0,0,0,2166.798584,2525.956055,2921.366943,812.77063,1180.19751,1581.785034,229.679108,266.805847,272.741791,12.786004,14.092399,15.857247,178.475922,178.731064,179.450485,0,0.427699,6.073936,17.999996,17.999996,17.999996,22011.363281,22763.173828,23411.023438,"Travel:289|CollectWater:30|HarvestDryBiomass:193|DryOrganicMatter:203|CollectChitin:21","burn dry organic matter:736|heat caravan:393|reject heat:736|spoil wet organic matter:736|maintain caravan water circuit:736|maintain living structure:736|circulate organic nitrogen:736|maintain electrical systems:736|atrophy Водозабор:736|atrophy Снегосборник:736|atrophy Жатка живой массы:736|atrophy Сушильный орган:736|atrophy Электромотор:736|atrophy Тепловой орган:736|capture dust:397|power intake and harvest:464|move:442|movement water loss:442|movement organic maintenance:442|harvest dry biomass:116|generate solar electricity:394|grow Сборщик сухой массы:140|grow Органическое хранилище:297|grow Биореактор / топка:140|grow Парус:157|grow Солнечный лист:287|grow Резервуар:173|grow Каркас:168|grow Охлаждающий орган:130|withdraw surface water:15|grow Ростовая ткань:11|collect chitin:10"
3,Summer,2208,0,853.704176,0,36,36,0,2255.717773,2643.483154,3031.651855,801.111694,1208.282349,1621.616333,235.83876,266.771484,272.448944,12.996151,14.282755,15.461097,179.453461,180.556931,181.714523,0,0.419765,4.260571,17.999996,17.999996,17.999996,21663.134766,22130.681641,22715.083984,"Travel:275|CollectWater:30|HarvestDryBiomass:183|DryOrganicMatter:236|CollectChitin:12","capture dust:311|burn dry organic matter:736|power intake and harvest:399|reject heat:736|spoil wet organic matter:736|maintain caravan water circuit:736|maintain living structure:736|circulate organic nitrogen:736|maintain electrical systems:736|grow Парус:275|grow Солнечный лист:511|grow Резервуар:305|grow Органическое хранилище:458|grow Каркас:287|atrophy Водозабор:736|atrophy Снегосборник:736|atrophy Жатка живой массы:736|atrophy Сушильный орган:736|atrophy Электромотор:736|atrophy Тепловой орган:736|move:448|movement water loss:448|movement organic maintenance:448|generate solar electricity:439|grow Сборщик сухой массы:183|grow Биореактор / топка:183|harvest dry biomass:120|grow Охлаждающий орган:236|withdraw surface water:15|grow Ростовая ткань:12|collect chitin:6|heat caravan:34"
3,Autumn,2184,0,362.354616,0,2178,2178,0,2382.049316,2845.357666,3295.170166,1158.578003,1323.43689,1497.318481,260.909515,270.532196,272.406708,14.061257,15.55876,17.114601,181.717926,183.030701,184.411789,0,0.108069,1.793728,17.999996,17.999996,17.999996,21705.839844,22260.103516,22801.853516,"Travel:509|CollectWater:27|HarvestDryBiomass:184|CollectChitin:8","burn dry organic matter:728|heat caravan:720|reject heat:728|spoil wet organic matter:562|move:321|movement water loss:321|movement organic maintenance:321|maintain caravan water circuit:728|maintain living structure:728|circulate organic nitrogen:728|maintain electrical systems:728|grow Парус:509|grow Солнечный лист:509|grow Резервуар:536|grow Органическое хранилище:693|grow Каркас:517|atrophy Водозабор:728|atrophy Снегосборник:728|atrophy Жатка живой массы:728|atrophy Сушильный орган:728|atrophy Электромотор:728|atrophy Тепловой орган:728|capture dust:462|power intake and harvest:514|generate solar electricity:323|withdraw surface water:14|harvest dry biomass:103|grow Сборщик сухой массы:184|grow Биореактор / топка:184|grow Ростовая ткань:8|collect chitin:4"
4,Winter,2160,0,391.487163,0,1629,1629,0,2761.276855,3590.678711,4769.77832,1377.625732,1748.538086,2368.978027,226.895905,269.511627,271.605408,16.261845,20.557003,27.328444,185.401367,191.007736,200.540024,0,0.160806,7.132732,17.999996,17.999998,18.000004,22354.388672,23975.902344,26628.234375,"Travel:508|CollectWater:28|HarvestLiveBiomass:4|HarvestDryBiomass:166|CollectChitin:14","capture dust:529|burn dry organic matter:720|power intake and harvest:573|heat caravan:720|reject heat:720|spoil wet organic matter:545|maintain caravan water circuit:720|maintain living structure:720|circulate organic nitrogen:720|maintain electrical systems:720|grow Парус:508|grow Солнечный лист:508|grow Резервуар:536|grow Органическое хранилище:678|grow Каркас:522|atrophy Водозабор:720|atrophy Снегосборник:720|atrophy Жатка живой массы:720|atrophy Сушильный орган:720|atrophy Электромотор:720|atrophy Тепловой орган:678|generate solar electricity:281|move:330|movement water loss:330|movement organic maintenance:330|harvest dry biomass:108|grow Сборщик сухой массы:166|grow Биореактор / топка:166|grow Ростовая ткань:14|collect chitin:7|withdraw surface water:14|harvest live biomass:4|grow Тепловой орган:2"
4,Spring,2208,0,312.383286,0,1341,1341,0,2960.04126,3446.456055,3917.311523,1460.756104,1667.561279,1886.725098,258.841278,269.727234,271.665192,17.824282,19.639938,21.480888,187.493439,189.186676,190.881058,0,0.095002,2.016898,17.999996,18.102148,21.640348,22865.482422,23499.957031,24059.851563,"Travel:540|CollectWater:32|HarvestLiveBiomass:4|HarvestDryBiomass:153|CollectChitin:7","capture dust:524|burn dry organic matter:736|power intake and harvest:557|heat caravan:262|reject heat:736|spoil wet organic matter:736|maintain caravan water circuit:736|maintain living structure:736|circulate organic nitrogen:736|maintain electrical systems:736|grow Парус:540|grow Солнечный лист:540|grow Резервуар:572|grow Органическое хранилище:697|grow Каркас:547|atrophy Водозабор:736|atrophy Снегосборник:736|atrophy Жатка живой массы:736|atrophy Сушильный орган:736|atrophy Электромотор:736|atrophy Тепловой орган:736|move:317|movement water loss:317|movement organic maintenance:317|generate solar electricity:401|grow Сборщик сухой массы:153|grow Биореактор / топка:153|harvest dry biomass:77|withdraw surface water:16|grow Ростовая ткань:7|collect chitin:5|harvest live biomass:4"
4,Summer,2208,0,616.200432,0,1344,1344,0,3303.333252,3770.293457,4270.986816,1641.975708,1849.570068,2039.609009,232.951508,267.883789,271.69931,19.7146,21.775839,23.677605,190.885803,192.734863,194.675735,0,0.269574,5.940298,18.000004,20.213066,23.848467,23391.107422,24092.324219,24876.294922,"Travel:540|CollectWater:40|HarvestLiveBiomass:6|HarvestDryBiomass:134|CollectChitin:16","capture dust:359|burn dry organic matter:736|power intake and harvest:457|reject heat:736|spoil wet organic matter:736|maintain caravan water circuit:736|maintain living structure:736|circulate organic nitrogen:736|maintain electrical systems:736|grow Парус:540|grow Солнечный лист:540|grow Резервуар:580|grow Органическое хранилище:680|grow Каркас:556|atrophy Водозабор:736|atrophy Снегосборник:736|atrophy Жатка живой массы:736|atrophy Сушильный орган:736|atrophy Электромотор:736|atrophy Тепловой орган:736|generate solar electricity:434|move:329|movement water loss:329|movement organic maintenance:329|grow Ростовая ткань:16|grow Сборщик сухой массы:134|grow Биореактор / топка:134|harvest dry biomass:113|collect chitin:7|withdraw surface water:20|harvest live biomass:6"
4,Autumn,2184,0,474.167989,0,1434,1434,0,3651.027832,4122.671875,4617.176758,1836.50769,2044.931519,2266.530762,231.28801,268.957458,271.665985,21.968578,24.063107,25.994089,194.681305,196.729172,198.899933,0,0.193851,6.442955,18.000004,18.000004,18.000004,24165.0625,25018.990234,26036.730469,"Travel:527|CollectWater:33|HarvestLiveBiomass:6|HarvestDryBiomass:147|CollectChitin:15","harvest dry biomass:75|capture dust:434|burn dry organic matter:728|power intake and harvest:495|reject heat:728|spoil wet organic matter:728|move:304|movement water loss:304|movement organic maintenance:304|maintain caravan water circuit:728|maintain living structure:728|circulate organic nitrogen:728|maintain electrical systems:728|grow Сборщик сухой массы:147|grow Органическое хранилище:680|grow Биореактор / топка:147|atrophy Водозабор:728|atrophy Снегосборник:728|atrophy Жатка живой массы:728|atrophy Сушильный орган:728|atrophy Электромотор:728|atrophy Тепловой орган:728|grow Парус:527|grow Солнечный лист:527|grow Резервуар:560|grow Каркас:542|generate solar electricity:323|withdraw surface water:16|harvest live biomass:6|heat caravan:581|grow Ростовая ткань:15|collect chitin:7"
5,Winter,2160,0,618.468517,0,1023,1023,0,4174.784668,4963.712891,5985.485352,2089.830566,2533.347656,3061.882813,226.912628,268.15094,272.173218,25.546127,29.93194,36.348675,200.546753,208.906174,221.739487,0,0.292708,7.236969,18.000004,18.000004,18.000004,25919.625,27977.621094,30691.425781,"Travel:474|CollectWater:38|HarvestLiveBiomass:5|HarvestDryBiomass:136|DryOrganicMatter:62|CollectChitin:5","harvest dry biomass:125|burn dry organic matter:720|power intake and harvest:505|heat caravan:720|reject heat:720|maintain caravan water circuit:720|maintain living structure:720|circulate organic nitrogen:720|maintain electrical systems:720|grow Сборщик сухой массы:105|grow Органическое хранилище:383|grow Биореактор / топка:89|atrophy Водозабор:720|atrophy Снегосборник:720|atrophy Жатка живой массы:720|atrophy Сушильный орган:720|atrophy Электромотор:720|move:388|movement water loss:388|movement organic maintenance:388|grow Парус:356|grow Солнечный лист:416|grow Резервуар:356|grow Каркас:294|capture dust:435|generate solar electricity:276|spoil wet organic matter:452|grow Тепловой орган:24|withdraw surface water:18|grow Ростовая ткань:5|collect chitin:2|grow Охлаждающий орган:60|harvest live biomass:5|atrophy Тепловой орган:2"
5,Spring,2208,0,728.961159,0,1734,1734,0,4432.412109,4874.163574,5300.180664,2251.804688,2474.208252,2715.64209,224.565277,265.549347,271.463684,27.229776,29.078764,31.086903,203.8246,206.535858,209.443253,0,0.452368,5.526283,18.000004,18.000004,18.000004,26873.3125,27571.335938,28199.214844,"Travel:282|CollectWater:36|HarvestLiveBiomass:10|HarvestDryBiomass:137|DryOrganicMatter:250|CollectChitin:21","burn dry organic matter:736|heat caravan:329|reject heat:736|spoil wet organic matter:736|maintain caravan water circuit:736|maintain living structure:736|circulate organic nitrogen:736|maintain electrical systems:736|grow Парус:282|grow Солнечный лист:532|grow Резервуар:318|grow Органическое хранилище:429|grow Каркас:303|atrophy Водозабор:736|atrophy Снегосборник:736|atrophy Жатка живой массы:736|atrophy Сушильный орган:736|atrophy Электромотор:736|atrophy Тепловой орган:736|harvest dry biomass:83|power intake and harvest:413|move:443|movement water loss:443|movement organic maintenance:443|grow Сборщик сухой массы:137|grow Биореактор / топка:137|generate solar electricity:390|grow Охлаждающий орган:250|withdraw surface water:18|capture dust:341|harvest live biomass:10|grow Ростовая ткань:21|collect chitin:8"
5,Summer,2208,0,870.977847,0,1905,1905,0,4705.001953,5152.685547,5604.141602,2418.812744,2656.784912,2896.740479,214.880341,263.696564,271.260162,29.241997,31.208479,33.228756,209.451477,212.610352,215.8526,0,0.545406,6.890835,18.000004,18.000004,18.000004,27445.435547,28081.091797,28932.457031,"Travel:258|CollectWater:43|HarvestLiveBiomass:13|HarvestDryBiomass:125|DryOrganicMatter:282|CollectChitin:15","withdraw surface water:20|burn dry organic matter:736|power intake and harvest:396|reject heat:736|spoil wet organic matter:736|maintain caravan water circuit:736|maintain living structure:736|circulate organic nitrogen:736|maintain electrical systems:736|grow Резервуар:301|atrophy Водозабор:736|atrophy Снегосборник:736|atrophy Жатка живой массы:736|atrophy Сушильный орган:736|atrophy Электромотор:736|atrophy Тепловой орган:736|harvest dry biomass:78|move:440|movement water loss:440|movement organic maintenance:440|grow Сборщик сухой массы:125|grow Органическое хранилище:396|grow Биореактор / топка:125|grow Парус:258|grow Солнечный лист:540|grow Каркас:273|capture dust:316|generate solar electricity:438|grow Охлаждающий орган:282|grow Ростовая ткань:15|collect chitin:6|harvest live biomass:13|heat caravan:99"
5,Autumn,2184,0,804.185838,0,1932,1932,0,5015.09668,5512.943359,5985.586426,2394.020996,2870.065918,3293.288574,215.389877,263.720062,271.744019,31.316858,33.718693,35.89719,215.86203,219.307297,221.747604,0,0.486958,6.91357,18.000004,18.000004,18.000004,28266.535156,29624.699219,30675.595703,"Travel:393|CollectWater:38|HarvestLiveBiomass:12|HarvestDryBiomass:128|DryOrganicMatter:143|CollectChitin:14","burn dry organic matter:728|heat caravan:728|reject heat:728|spoil wet organic matter:553|maintain caravan water circuit:728|maintain living structure:728|circulate organic nitrogen:728|maintain electrical systems:728|grow Парус:331|grow Солнечный лист:456|grow Резервуар:338|grow Органическое хранилище:415|grow Каркас:313|atrophy Водозабор:728|atrophy Снегосборник:728|atrophy Жатка живой массы:728|atrophy Сушильный орган:728|atrophy Электромотор:728|atrophy Тепловой орган:520|move:419|movement water loss:419|movement organic maintenance:419|grow Сборщик сухой массы:110|grow Биореактор / топка:101|withdraw surface water:19|generate solar electricity:322|power intake and harvest:382|harvest dry biomass:80|grow Охлаждающий орган:126|capture dust:302|harvest live biomass:12|grow Ростовая ткань:12|collect chitin:6|grow Тепловой орган:4"
