year,day,elapsed_hours,temperature_c,precipitation_mm_h,surface_water_mm,root_water_mm,groundwater_mm,snow_mm,live_biomass_gm2,dry_biomass_gm2,soil_compaction,dust_gm2,climate_temperature_offset_c,climate_moisture_multiplier,climate_wind_multiplier,climate_storm_frequency,climate_storm_intensity,climate_phase_shift_days,heatwave,cold_snap,rain_burst,wind_storm
1,15,360,-10.467443466186523,0.035620518028736115,0.017334682866930962,52.516311645507812,29.93182373046875,20.746477127075195,24.295589447021484,22.624790191650391,0.00021533826657105237,0.033345803618431091,-0.73960524797439575,0.94848209619522095,0.99728578329086304,1.1382597684860229,0.81245481967926025,9.4253749847412109,0,0,0,0
1,30,720,-9.0397872924804688,0.040066469460725784,0.1153697669506073,52.515594482421875,29.93303108215332,33.681427001953125,21.074350357055664,22.952863693237305,0.00038882895023562014,0.024790775030851364,-0.76327866315841675,0.94324588775634766,0.99728578329086304,1.1382597684860229,0.81245481967926025,9.4253749847412109,0,0,0,0
1,45,1080,-6.885350227355957,0.038145817816257477,0.019743490964174271,53.539115905761719,29.934452056884766,46.311023712158203,18.54149055480957,23.046895980834961,0.00056814326671883464,0.046680852770805359,-0.83640152215957642,0.9311034083366394,0.99728578329086304,1.1382597684860229,0.81245481967926025,9.4253749847412109,0,0,0,0
1,60,1440,-3.9612159729003906,0.03558548167347908,0.00021265550458338112,57.464412689208984,29.99711799621582,54.698699951171875,16.858448028564453,22.403478622436523,0.00084029929712414742,0.048035286366939545,-0.94967031478881836,0.91229456663131714,0.99728578329086304,1.1382597684860229,0.81245481967926025,9.4253749847412109,0,0,0,0
1,75,1800,-0.19193762540817261,0.02801547572016716,0.0041836253367364407,72.24530029296875,34.433753967285156,45.371120452880859,16.280788421630859,20.795804977416992,0.0012962545733898878,0.021095670759677887,-1.081578254699707,0.89039069414138794,0.99728578329086304,1.1382597684860229,0.81245481967926025,9.4253749847412109,0,0,0,0
1,90,2160,5.4844117164611816,0.0043932166881859303,0.23380403220653534,79.46844482421875,59.528877258300781,8.3105897903442383,16.907133102416992,18.958375930786133,0.0018656859174370766,0.015316907316446304,-1.2106186151504517,0.86896288394927979,0.99728578329086304,1.1382597684860229,0.81245481967926025,9.4253749847412109,0,0,0,0
1,105,2520,9.9448347091674805,3.280576038378058E-06,0.068565346300601959,77.780609130859375,61.414543151855469,0,20.039943695068359,17.27452278137207,0.0024323267862200737,0.02221047505736351,-1.3152846097946167,0.85158252716064453,0.99728578329086304,1.1382597684860229,0.81245481967926025,9.4253749847412109,0,0,0,0
1,120,2880,14.170055389404297,0,0.059183511883020401,77.586639404296875,59.857585906982422,0,24.591009140014648,15.751200675964355,0.0029935417696833611,0.013645575381815434,-1.3740696907043457,0.84182101488113403,0.99728578329086304,1.1382597684860229,0.81245481967926025,9.4253749847412109,0,0,0,0
1,135,3240,17.828363418579102,0,0.048519011586904526,77.229469299316406,58.162994384765625,0,29.070981979370117,14.457180976867676,0.00354948197491467,0.0026882954407483339,-1.3387799263000488,0.84693354368209839,0.99728578329086304,1.1382597684860229,0.81245481967926025,9.4253749847412109,0,0,0,0
1,150,3600,20.689542770385742,0,0.038440898060798645,76.7156982421875,56.513114929199219,0,32.072006225585938,13.818181037902832,0.0041002286598086357,0.00514631113037467,-1.1209973096847534,0.87914001941680908,0.99728578329086304,1.1382597684860229,0.81245481967926025,9.4253749847412109,0,0,0,0
1,165,3960,22.579385757446289,0,0.031626380980014801,76.058250427246094,54.987850189208984,0,33.81951904296875,13.78292179107666,0.0046458733268082142,0.0041425237432122231,-0.78499734401702881,0.9288288950920105,0.99728578329086304,1.1382597684860229,0.81245481967926025,9.4253749847412109,0,0,0,0
1,180,4320,23.300052642822266,0,0.026605427265167236,75.347816467285156,53.566864013671875,0,35.188869476318359,13.987027168273926,0.005186496302485466,0.0015939606819301844,-0.40959161520004272,0.98434531688690186,0.99728578329086304,1.1382597684860229,0.81245481967926025,9.4253749847412109,0,0,0,0
1,195,4680,27.417469024658203,0,0.020889701321721077,74.612861633300781,52.250705718994141,0,36.434452056884766,14.286972045898438,0.0057221422903239727,0.00041499323560856283,3.8073453903198242,1.0340341329574585,0.99728578329086304,1.1382597684860229,0.97423553466796875,9.4253749847412109,1,0,0,0
1,210,5040,21.378929138183594,0,0.024180233478546143,74.374984741210938,51.224300384521484,0,36.9425048828125,14.864849090576172,0.0062528755515813828,0.0015930240042507648,0.99177873134613037,1.0662407875061035,0.99728578329086304,1.1382597684860229,0.81245481967926025,9.4253749847412109,0,0,0,0
1,225,5400,17.996395111083984,0,0.028073577210307121,73.683395385742188,50.099308013916016,0,41.388038635253906,14.093723297119141,0.0067787319421768188,0.0016283822478726506,0.18138110637664795,1.0733007192611694,0.99728578329086304,1.1382597684860229,0.81245481967926025,9.4253749847412109,0,0,0,0
1,240,5760,14.275735855102539,0,0.031520258635282516,73.031974792480469,49.050529479980469,0,47.241016387939453,12.910501480102539,0.0072997240349650383,0.00050486047985032201,0.14251017570495605,1.0829073190689087,0.99728578329086304,1.1382597684860229,0.81245481967926025,9.4253749847412109,0,0,0,0
1,255,6120,10.129508018493652,0,0.034427821636199951,72.426902770996094,48.082283020019531,0,52.439746856689453,11.802121162414551,0.0078158900141716003,0.0013971574371680617,0.075833678245544434,1.0993858575820923,0.99728578329086304,1.1382597684860229,0.81245481967926025,9.4253749847412109,0,0,0,0
1,270,6480,5.0363936424255371,0,0.036575879901647568,71.950691223144531,47.176197052001953,0,55.815753936767578,10.794301986694336,0.0083273164927959442,0.0047936276532709599,-0.0016244649887084961,1.1185290813446045,0.99728578329086304,1.1382597684860229,0.81245481967926025,9.4253749847412109,0,0,0,0
1,285,6840,0.93895184993743896,2.4762409793765983E-06,0.03843056783080101,71.755165100097656,46.322311401367188,0,56.691856384277344,9.8724956512451172,0.0088340416550636292,0.0067465505562722683,-0.072840571403503418,1.13612961769104,0.99728578329086304,1.1382597684860229,0.81245481967926025,9.4253749847412109,0,0,0,0
1,300,7200,-2.7439658641815186,0.027340339496731758,0.053042750805616379,71.81634521484375,45.549728393554688,0.059781905263662338,56.437339782714844,9.2580280303955078,0.0091631868854165077,0.0032164154108613729,-0.12079089879989624,1.1479800939559937,0.99728578329086304,1.1382597684860229,2.0723745822906494,9.4253749847412109,0,0,1,0
1,315,7560,-5.8706693649291992,0.0039654215797781944,0.051994979381561279,73.37969970703125,45.526756286621094,8.2343511581420898,53.500740051269531,11.219115257263184,0.0091797243803739548,0.014321533031761646,-0.13927415013313293,1.1480000019073486,0.99728578329086304,1.1382597684860229,0.81245481967926025,9.4253749847412109,0,0,0,0
1,330,7920,-8.2309732437133789,0.022719519212841988,0.069002248346805573,73.92462158203125,45.063884735107422,10.6212158203125,48.020984649658203,15.438053131103516,0.0092658596113324165,0.061147056519985199,-0.23948147892951965,1.1146963834762573,1.059471607208252,1.1382597684860229,0.81245481967926025,9.4253749847412109,0,0,0,0
1,345,8280,-9.8514595031738281,0.020266290754079819,0.11640065163373947,73.701904296875,44.370620727539062,15.357932090759277,42.320751190185547,19.486125946044922,0.009354625828564167,0.021792791783809662,-0.4086838960647583,1.0584626197814941,0.99728578329086304,1.1382597684860229,0.81245481967926025,9.4253749847412109,0,0,0,0
1,360,8640,-9.6925554275512695,0.015596396289765835,0.12188021093606949,73.505111694335938,43.652240753173828,21.189340591430664,37.271259307861328,22.551494598388672,0.0094429124146699905,0.017408283427357674,0.26229840517044067,0.85051929950714111,1.0027369260787964,0.97126328945159912,1.0108325481414795,9.8919343948364258,0,0,0,0
1,365,8760,-9.6050643920898438,0.023369692265987396,0.12748821079730988,73.441307067871094,43.419651031494141,27.329097747802734,35.723834991455078,23.370660781860352,0.009472227655351162,0.024779338389635086,0.39197155833244324,0.81466186046600342,1.0037463903427124,0.94033801555633545,1.0475691556930542,9.9783344268798828,0,0,0,0
2,15,9120,-9.2468099594116211,0.024239873513579369,0.1651800274848938,73.243385314941406,42.758914947509766,35.323417663574219,31.448135375976562,25.34221076965332,0.0095598157495260239,0.04520261287689209,0.10535813868045807,0.83083754777908325,1.002350926399231,0.98308908939361572,0.99678444862365723,9.8588953018188477,0,0,0,0
2,30,9480,-7.6311569213867188,0.032494425773620605,0.18214930593967438,73.230949401855469,42.177165985107422,42.113731384277344,27.69343376159668,26.618247985839844,0.0096468748524785042,0.038087856024503708,0.31274113059043884,0.79771524667739868,1.0037463903427124,0.94033801555633545,1.0475691556930542,9.9783344268798828,0,0,0,0
2,45,9840,-5.4764776229858398,0.047713808715343475,0.047355815768241882,74.488739013671875,41.874950408935547,49.784252166748047,24.806093215942383,27.010705947875977,0.009728824719786644,0.024794483557343483,0.21478982269763947,0.80031096935272217,1.0037463903427124,0.94033801555633545,1.0475691556930542,9.9783344268798828,0,0,0,0
2,60,10200,-2.5799345970153809,0.021100394427776337,0.067342005670070648,75.943717956542969,42.485557556152344,52.903228759765625,23.295372009277344,26.072328567504883,0.0097260521724820137,0.028772665187716484,0.063061326742172241,0.80433177947998047,1.0037463903427124,0.94033801555633545,1.0475691556930542,9.9783344268798828,0,0,0,0
2,75,10560,1.0670820474624634,0.011292720213532448,0.22652529180049896,81.732292175292969,50.036674499511719,36.607311248779297,23.030723571777344,24.048435211181641,0.0099599249660968781,0.037872046232223511,-0.11363512277603149,0.80901426076889038,1.0037463903427124,0.94033801555633545,1.0475691556930542,9.9783344268798828,0,0,0,0
2,90,10920,6.3388776779174805,0.015863075852394104,0.30099791288375854,81.979209899902344,64.580467224121094,4.7066788673400879,24.258590698242188,21.960844039916992,0.010441777296364307,0.020578138530254364,-0.28649038076400757,0.8135949969291687,1.0037463903427124,0.94033801555633545,1.0475691556930542,9.9783344268798828,0,0,0,0
2,105,11280,10.796021461486816,3.2575730983808171E-06,0.076029390096664429,80.631980895996094,64.798179626464844,0,28.685548782348633,20.064762115478516,0.010924782603979111,0.0093484297394752502,-0.42669516801834106,0.81731045246124268,1.0037463903427124,0.94033801555633545,1.0475691556930542,9.9783344268798828,0,0,0,0
2,120,11640,14.895386695861816,0,0.063135154545307159,80.226539611816406,63.178668975830078,0,34.248531341552734,18.337930679321289,0.01140221394598484,0.014117823913693428,-0.505440354347229,0.8193972110748291,1.0037463903427124,0.94033801555633545,1.0475691556930542,9.9783344268798828,0,0,0,0
2,135,12000,18.432346343994141,0.00022564419487025589,0.075088605284690857,79.628746032714844,61.466396331787109,0,39.309768676757812,16.94072151184082,0.011874969117343426,0.0096027730032801628,-0.48509538173675537,0.81898677349090576,1.0037463903427124,0.94033801555633545,1.0475691556930542,9.9783344268798828,0,0,0,0
2,150,12360,21.434667587280273,0,0.034253094345331192,78.813652038574219,59.865428924560547,0,42.229194641113281,16.451513290405273,0.012343236245214939,0.0021675380412489176,-0.33591187000274658,0.81571471691131592,1.0037463903427124,0.94033801555633545,1.0475691556930542,9.9783344268798828,0,0,0,0
2,165,12720,23.239742279052734,0,0.025786984711885452,77.920402526855469,58.372806549072266,0,43.648517608642578,16.652442932128906,0.012807132676243782,0.0017451634630560875,-0.10574823617935181,0.81066656112670898,1.0037463903427124,0.94033801555633545,1.0475691556930542,9.9783344268798828,0,0,0,0
2,180,13080,23.835744857788086,0,0.028001680970191956,76.971206665039062,57.059574127197266,0,44.705860137939453,17.072885513305664,0.013266731984913349,0.0028152684681117535,0.151408851146698,0.80502647161483765,1.0037463903427124,0.94033801555633545,1.0475691556930542,9.9783344268798828,0,0,0,0
2,195,13440,23.239255905151367,0,0.01899387314915657,75.974777221679688,55.902984619140625,0,45.864837646484375,17.470930099487305,0.01372207049280405,0.0017541252309456468,0.38157248497009277,0.79997831583023071,1.0037463903427124,0.94033801555633545,1.0475691556930542,9.9783344268798828,0,0,0,0
2,210,13800,21.386096954345703,0,0.021781701594591141,75.021965026855469,54.793144226074219,0,47.807552337646484,17.545154571533203,0.014173182658851147,0.00026103589334525168,0.53075599670410156,0.79670625925064087,1.0037463903427124,0.94033801555633545,1.0475691556930542,9.9783344268798828,0,0,0,0
2,225,14160,18.449905395507812,0,0.02989678829908371,74.153160095214844,53.688194274902344,0,51.952186584472656,16.788259506225586,0.014620060101151466,0.001267734682187438,0.56025683879852295,0.79734599590301514,1.0037463903427124,0.94033801555633545,1.0475691556930542,9.9783344268798828,0,0,0,0
2,240,14520,14.80466365814209,0,0.028455842286348343,73.370155334472656,52.6019287109375,0,57.957324981689453,15.418058395385742,0.015062684193253517,0.0017995700472965837,0.5732458233833313,0.80972570180892944,1.0037463903427124,0.94033801555633545,1.0475691556930542,9.9783344268798828,0,0,0,0
2,255,14880,10.757414817810059,0,0.03566756471991539,74.381782531738281,51.887424468994141,0,63.292182922363281,14.104120254516602,0.015501061454415321,0.0017926570726558566,0.59552621841430664,0.83096086978912354,1.0037463903427124,0.94033801555633545,5.5,9.9783344268798828,0,0,1,0
2,270,15240,5.8254299163818359,0.0032361759804189205,0.043602492660284042,73.541542053222656,51.140270233154297,0,66.960105895996094,12.90748405456543,0.015935264527797699,0.0013520173961296678,0.62140941619873047,0.85562986135482788,1.0037463903427124,0.94033801555633545,1.0475691556930542,9.9783344268798828,0,0,0,0
2,285,15600,1.8258427381515503,0,0.040079161524772644,73.088600158691406,50.291309356689453,0,68.086952209472656,11.816431045532227,0.016365373507142067,0.0079909414052963257,0.64520680904388428,0.87831085920333862,1.0037463903427124,0.94033801555633545,1.0475691556930542,9.9783344268798828,0,0,0,0
2,300,15960,-1.8401501178741455,5.4107043290230195E-09,0.047425951808691025,72.981925964355469,49.526393890380859,0.00077083305222913623,67.99884033203125,10.903493881225586,0.016642536967992783,0.01234793197363615,0.66122972965240479,0.89358210563659668,1.0037463903427124,0.94033801555633545,1.0475691556930542,9.9783344268798828,0,0,0,0
2,315,16320,-4.874366283416748,0.025894990190863609,0.053898114711046219,72.924934387207031,48.817817687988281,0.19267958402633667,65.762031555175781,12.070278167724609,0.01642390713095665,0.0074209216982126236,0.66056817770004272,0.89569729566574097,1.0037463903427124,0.94033801555633545,1.0475691556930542,9.9783344268798828,0,0,0,0
2,330,16680,-7.2571463584899902,0.00089718797244131565,0.058087315410375595,73.497459411621094,48.238559722900391,1.6585698127746582,60.061820983886719,16.4261474609375,0.016290483996272087,0.013805017806589603,0.60675084590911865,0.87946063280105591,1.0037463903427124,0.94033801555633545,1.0475691556930542,9.9783344268798828,0,0,0,0
2,345,17040,-15.531488418579102,0.032633494585752487,0.1609792560338974,73.508644104003906,47.6920166015625,8.390416145324707,53.118625640869141,21.564586639404297,0.016310654580593109,0.034742012619972229,-5.9237298965454102,0.85204464197158813,1.0037463903427124,0.94033801555633545,1.0475691556930542,9.9783344268798828,0,1,0,0
2,360,17400,-8.5188121795654297,0.07681390643119812,0.17513412237167358,73.238868713378906,47.037498474121094,15.610734939575195,46.734443664550781,25.680038452148438,0.016328923404216766,0.028174048289656639,1.370296835899353,0.73678821325302124,0.96864819526672363,1.1186869144439697,1.0342354774475098,2.7286467552185059,0,0,0,0
2,365,17520,-8.1751213073730469,0.012993959710001945,0.16012385487556458,73.186912536621094,46.825641632080078,16.615541458129883,44.779918670654297,26.777496337890625,0.016335168853402138,0.019828205928206444,1.5823047161102295,0.71488851308822632,0.96214854717254639,1.151714563369751,1.0317662954330444,1.3861122131347656,0,0,0,0
3,15,17880,-7.4367499351501465,0.026626724749803543,0.11673678457736969,73.093170166015625,46.168933868408203,22.309671401977539,39.415363311767578,29.437986373901367,0.016354136168956757,0.10806328058242798,1.3682811260223389,0.72391539812088013,1.2753673791885376,1.1060571670532227,1.0351797342300415,3.242032527923584,0,0,0,1
3,30,18240,-5.2280006408691406,0.0093316966667771339,0.060974948108196259,74.026023864746094,45.648738861083984,25.81117057800293,35.429935455322266,30.647497177124023,0.016347717493772507,0.033455312252044678,1.6235736608505249,0.70327764749526978,0.96214854717254639,1.151714563369751,1.0317662954330444,1.3861122131347656,0,0,0,0
3,45,18600,-2.7296767234802246,0.0132259801030159,0.083559237420558929,75.387908935546875,45.642013549804688,27.645420074462891,33.240081787109375,30.036535263061523,0.016070492565631866,0.067906424403190613,1.4665400981903076,0.70693379640579224,1.0300551652908325,1.151714563369751,1.0317662954330444,1.3861122131347656,0,0,0,0
3,60,18960,0.53860980272293091,0.0075609199702739716,0.21755328774452209,79.376541137695312,49.230140686035156,17.142541885375977,32.732833862304688,27.884347915649414,0.01600959338247776,0.015123671852052212,1.2232917547225952,0.71259719133377075,0.96214854717254639,1.151714563369751,1.0317662954330444,1.3861122131347656,0,0,0,0
3,75,19320,4.6024527549743652,7.934725726954639E-05,0.23159836232662201,79.852920532226562,57.163242340087891,1.6448101997375488,33.258323669433594,25.483997344970703,0.016422934830188751,0.012196909636259079,0.94001543521881104,0.71919262409210205,0.96214854717254639,1.151714563369751,1.0317662954330444,1.3861122131347656,0,0,0,0
3,90,19680,9.4581966400146484,1.8789693285725662E-06,0.23086339235305786,78.976112365722656,56.875041961669922,0,36.320976257324219,23.279014587402344,0.016841724514961243,0.017148286104202271,0.66289716958999634,0.72564464807510376,0.96214854717254639,1.151714563369751,1.0317662954330444,1.3861122131347656,0,0,0,0
3,105,20040,13.491565704345703,0,0.24361215531826019,78.632064819335938,55.326942443847656,0,41.461051940917969,21.271577835083008,0.01725434698164463,0.0086717996746301651,0.43812358379364014,0.73087793588638306,0.96214854717254639,1.151714563369751,1.0317662954330444,1.3861122131347656,0,0,0,0
3,120,20400,17.336496353149414,0,0.21357491612434387,78.053443908691406,53.896755218505859,0,46.986217498779297,19.477302551269531,0.017662454396486282,0.0017042070394381881,0.31188082695007324,0.73381721973419189,0.96214854717254639,1.151714563369751,1.0317662954330444,1.3861122131347656,0,0,0,0
3,135,20760,20.566568374633789,0,0.14049343764781952,77.275588989257812,52.643001556396484,0,50.939662933349609,18.441574096679688,0.018066465854644775,0.0039692395366728306,0.32754939794540405,0.73615938425064087,0.96214854717254639,1.151714563369751,1.0317662954330444,1.3861122131347656,0,0,0,0
3,150,21120,22.971426010131836,0,0.037578124552965164,76.288887023925781,51.574466705322266,0,52.489452362060547,18.553508758544922,0.01845988817512989,0.002652270020917058,0.47699844837188721,0.74700981378555298,0.96214854717254639,1.151714563369751,1.0317662954330444,1.3861122131347656,0,0,0,0
3,165,21480,24.333866119384766,0,0.016407255083322525,75.179412841796875,50.687915802001953,0,53.041744232177734,19.182321548461914,0.018834434449672699,0.00085046770982444286,0.70757186412811279,0.76375007629394531,0.96214854717254639,1.151714563369751,1.0317662954330444,1.3861122131347656,0,0,0,0
3,180,21840,24.512723922729492,0,0.017467018216848373,75.072105407714844,50.151096343994141,0,53.426155090332031,19.848321914672852,0.019206056371331215,0.00027388159651309252,0.9651867151260376,0.78245371580123901,0.96214854717254639,1.151714563369751,1.0317662954330444,1.3861122131347656,0,0,0,0
3,195,22200,23.432159423828125,0,0.016659926623106003,73.906044006347656,49.451789855957031,0,54.0709228515625,20.424354553222656,0.0195738784968853,0.0012995768338441849,1.1957600116729736,0.79919403791427612,0.96214854717254639,1.151714563369751,1.0317662954330444,1.3861122131347656,0,0,0,0
3,210,22560,21.175260543823242,0,0.016016857698559761,72.788711547851562,48.818778991699219,0,55.704612731933594,20.527706146240234,0.019937664270401001,0.00074773229425773025,1.3452091217041016,0.81004446744918823,0.96214854717254639,1.151714563369751,1.0317662954330444,1.3861122131347656,0,0,0,0
3,225,22920,17.895435333251953,0,0.01654713973402977,71.767814636230469,48.186080932617188,0,59.952213287353516,19.575523376464844,0.020297728478908539,0.00020398494962137192,1.371633768081665,0.81160908937454224,0.96214854717254639,1.151714563369751,1.0317662954330444,1.3861122131347656,0,0,0,0
3,240,23280,13.957752227783203,0,0.019203396514058113,70.845756530761719,47.541492462158203,0,65.908210754394531,17.972209930419922,0.02065170556306839,0.00083512504352256656,1.3538520336151123,0.80683505535125732,0.96214854717254639,1.151714563369751,1.0317662954330444,1.3861122131347656,0,0,0,0
3,255,23640,9.7082614898681641,0,0.022664321586489677,70.054595947265625,46.887058258056641,0,71.043701171875,16.457094192504883,0.020984366536140442,0.002896500751376152,1.3233509063720703,0.79864603281021118,0.96214854717254639,1.151714563369751,1.0317662954330444,1.3861122131347656,0,0,0,0
3,270,24000,4.6208376884460449,0,0.027466552332043648,69.4591064453125,46.185535430908203,0,74.254783630371094,15.095434188842773,0.021315779536962509,0.0030648433603346348,1.2879173755645752,0.78913277387619019,0.96214854717254639,1.151714563369751,1.0317662954330444,1.3861122131347656,0,0,0,0
3,285,24360,0.66103905439376831,0,0.030621558427810669,69.068893432617188,45.497116088867188,0,74.961326599121094,13.850751876831055,0.021639073267579079,0.0014833594905212522,1.255339503288269,0.78038620948791504,0.96214854717254639,1.151714563369751,1.0317662954330444,1.3861122131347656,0,0,0,0
3,300,24720,-2.8345139026641846,2.9034295948804356E-05,0.033039823174476624,68.9805908203125,44.894935607910156,0.0030675332527607679,74.484512329101562,13.039593696594238,0.021624868735671043,0.0097486162558197975,1.2334045171737671,0.77449709177017212,0.96214854717254639,1.151714563369751,1.0317662954330444,1.3861122131347656,0,0,0,0
3,315,25080,-5.591606616973877,9.9826094810850918E-05,0.036074545234441757,69.203727722167969,44.301662445068359,0.38136497139930725,70.899185180664062,15.262001991271973,0.021168865263462067,0.018704518675804138,1.2340056896209717,0.77229005098342896,0.96214854717254639,1.151714563369751,1.0317662954330444,1.3861122131347656,0,0,0,0
3,330,25440,-7.4375700950622559,0.0012328049633651972,0.040400359779596329,69.833534240722656,43.731773376464844,1.4586507081985474,64.190895080566406,20.298084259033203,0.021006163209676743,0.012701927684247494,1.3037927150726318,0.76078879833221436,0.96214854717254639,1.151714563369751,1.0317662954330444,1.3861122131347656,0,0,0,0
3,345,25800,-8.3408927917480469,0.0067347665317356586,0.086592234671115875,70.152503967285156,43.218669891357422,3.6993348598480225,56.866958618164062,25.488183975219727,0.020972305908799171,0.011167856864631176,1.4216295480728149,0.74136865139007568,0.96214854717254639,1.151714563369751,1.0317662954330444,1.3861122131347656,0,0,0,0
3,360,26160,-4.6276531219482422,0.003145202063024044,0.055119123309850693,70.514183044433594,42.700088500976562,5.7907991409301758,50.750873565673828,29.039152145385742,0.020908115431666374,0.035574659705162048,5.1517949104309082,0.77631902694702148,1.0324180126190186,1.0308989286422729,1.0888429880142212,3.6381261348724365,0,0,0,0
3,365,26280,-3.9638354778289795,0.00087461480870842934,0.061981756240129471,70.725608825683594,42.557727813720703,5.9615836143493652,49.525161743164062,29.3533935546875,0.02074141800403595,0.04208499938249588,5.8621835708618164,0.77022945880889893,1.0454308986663818,1.0085256099700928,1.0994127988815308,4.0551657676696777,0,0,0,0
4,15,26640,-3.6655666828155518,0.0035838945768773556,0.089047037065029144,71.456138610839844,42.157958984375,9.1087121963500977,44.759666442871094,31.237865447998047,0.020565059036016464,0.033951915800571442,5.0177617073059082,0.73089784383773804,1.0274418592453003,1.039454460144043,1.084801197052002,3.4786500930786133,0,0,0,0
4,30,27000,-1.1127257347106934,0.0022626142017543316,0.23533424735069275,73.135147094726562,42.880325317382812,6.7405533790588379,43.319187164306641,29.811300277709961,0.020198490470647812,0.022526787593960762,5.920595645904541,0.73818212747573853,1.0454308986663818,1.0085256099700928,1.0994127988815308,4.0551657676696777,0,0,0,0
4,45,27360,1.5791455507278442,0.05453408882021904,0.46084654331207275,73.845230102539062,45.531112670898438,0.87574338912963867,43.135005950927734,27.373809814453125,0.020217446610331535,0.029574546962976456,5.7776646614074707,0.74831026792526245,1.0454308986663818,1.0085256099700928,1.0994127988815308,4.0551657676696777,0,0,0,0
4,60,27720,4.8135089874267578,3.7931395127088763E-06,0.38155719637870789,73.395736694335938,46.001335144042969,0,43.565471649169922,25.026859283447266,0.020596301183104515,0.036412492394447327,5.5562615394592285,0.76399898529052734,1.0454308986663818,1.0085256099700928,1.0994127988815308,4.0551657676696777,0,0,0,0
4,75,28080,8.4775266647338867,6.4928226493066177E-06,0.32408428192138672,73.394569396972656,45.262569427490234,0,45.6807861328125,22.888837814331055,0.02096995897591114,0.01878339983522892,5.2984247207641602,0.78226941823959351,1.0454308986663818,1.0085256099700928,1.0994127988815308,4.0551657676696777,0,0,0,0
4,90,28440,13.268798828125,0,0.26483950018882751,73.150482177734375,44.427097320556641,0,49.809703826904297,20.941526412963867,0.021321959793567657,0.013976880349218845,5.0461931228637695,0.80014264583587646,1.0454308986663818,1.0085256099700928,1.0994127988815308,4.0551657676696777,0,0,0,0
4,105,28800,17.310531616210938,0,0.20954558253288269,72.669265747070312,43.686424255371094,0,54.824691772460938,19.175971984863281,0.021643081679940224,0.017091544345021248,4.8416051864624023,0.8146398663520813,1.0454308986663818,1.0085256099700928,1.0994127988815308,4.0551657676696777,0,0,0,0
4,120,29160,21.223134994506836,0,0.11574952304363251,71.893997192382812,43.050613403320312,0,58.870708465576172,18.062648773193359,0.021946018561720848,0.011392374522984028,4.7266998291015625,0.82278203964233398,1.0454308986663818,1.0085256099700928,1.0994127988815308,4.0551657676696777,0,0,0,0
4,135,29520,24.555562973022461,0,0.0097251832485198975,70.98992919921875,42.470207214355469,0,59.804584503173828,18.48675537109375,0.022243937477469444,0.0027136572171002626,4.7698421478271484,0.8261110782623291,1.0454308986663818,1.0085256099700928,1.0994127988815308,4.0551657676696777,0,0,0,0
4,150,29880,27.232732772827148,0,0.0058676027692854404,69.928680419921875,41.980556488037109,0,59.2601318359375,19.715093612670898,0.022527972236275673,0.0029155223164707422,5.0587577819824219,0.83944427967071533,1.0454308986663818,1.0085256099700928,1.0994127988815308,4.0551657676696777,0,0,0,0
4,165,30240,28.946832656860352,0,0.0044948593713343143,68.813339233398438,41.567226409912109,0,58.001350402832031,21.339906692504883,0.022810226306319237,0.0039601488970220089,5.5045037269592285,0.86001527309417725,1.0454308986663818,1.0085256099700928,1.0994127988815308,4.0551657676696777,0,0,0,0
4,180,30600,29.493680953979492,0,0.0048610935918986797,67.734565734863281,41.188632965087891,0,56.336666107177734,23.054574966430664,0.023084601387381554,0.0017118920804932714,6.0025262832641602,0.88299870491027832,1.0454308986663818,1.0085256099700928,1.0994127988815308,4.0551657676696777,0,0,0,0
4,195,30960,28.769193649291992,0,0.0034378916025161743,66.730476379394531,40.833518981933594,0,54.938102722167969,24.450405120849609,0.023357393220067024,0.00027220608899369836,6.4482722282409668,0.90356957912445068,1.0454308986663818,1.0085256099700928,1.0994127988815308,4.0551657676696777,0,0,0,0
4,210,31320,26.77104377746582,0,0.0039450656622648239,65.819023132324219,40.487598419189453,0,54.348445892333984,25.227962493896484,0.023629646748304367,0.0015626766253262758,6.7371878623962402,0.91690289974212646,1.0454308986663818,1.0085256099700928,1.0994127988815308,4.0551657676696777,0,0,0,0
4,225,31680,26.041749954223633,0,0.0046243844553828239,65.020713806152344,40.130264282226562,0,54.741001129150391,25.368913650512695,0.023901777341961861,0.0019936971366405487,8.7179288864135742,0.91956841945648193,1.0454308986663818,1.0085256099700928,1.0994127988815308,4.0551657676696777,1,0,0,0
4,240,32040,20.268701553344727,0,0.0065212873741984367,64.336990356445312,39.771472930908203,0,56.076408386230469,25.01738166809082,0.024165548384189606,0.0012771968031302094,7.6454520225524902,0.921012282371521,1.0454308986663818,1.0085256099700928,1.0994127988815308,4.0551657676696777,1,0,0,0
4,255,32400,15.156743049621582,0,0.0081327250227332115,63.757606506347656,39.406452178955078,0,61.578975677490234,22.966609954833984,0.024422215297818184,0.0015011577634140849,6.3252358436584473,0.92348909378051758,1.0454308986663818,1.0085256099700928,1.0994127988815308,4.0551657676696777,0,0,0,0
4,270,32760,9.8015232086181641,0,0.010649754665791988,63.290332794189453,39.038097381591797,0,65.883071899414062,21.019800186157227,0.024691738188266754,0.0075937830843031406,5.9952125549316406,0.92636644840240479,1.0454308986663818,1.0085256099700928,1.0994127988815308,4.0551657676696777,0,0,0,0
4,285,33120,5.5521030426025391,0,0.013931834138929844,62.929485321044922,38.684894561767578,0,68.529563903808594,19.300754547119141,0.024940326809883118,0.0095982644706964493,5.6917848587036133,0.92901188135147095,1.0454308986663818,1.0085256099700928,1.0994127988815308,4.0551657676696777,0,0,0,0
4,300,33480,1.8370547294616699,0,0.017340118065476418,62.851371765136719,38.338680267333984,0,68.971931457519531,17.710042953491211,0.025214856490492821,0.0056556630879640579,5.4874849319458008,0.93079310655593872,1.0454308986663818,1.0085256099700928,1.0994127988815308,4.0551657676696777,0,0,0,0
4,315,33840,-1.0357488393783569,0.017340566962957382,0.033276323229074478,63.080085754394531,38.048160552978516,0.0048870467580854893,68.785041809082031,16.313739776611328,0.025350345298647881,0.012272845022380352,5.4486641883850098,0.92870110273361206,1.0454308986663818,1.0085256099700928,1.0994127988815308,4.0551657676696777,0,0,0,0
4,330,34200,-2.9776995182037354,0,0.019659915938973427,63.332279205322266,37.868564605712891,0.010695237666368484,67.534835815429688,16.030941009521484,0.024850223213434219,0.031556509435176849,5.5315189361572266,0.89694893360137939,1.0454308986663818,1.0085256099700928,1.0994127988815308,4.0551657676696777,0,0,0,0
4,345,34560,-4.0336956977844238,1.2166649867140222E-05,0.025013228878378868,64.031684875488281,37.714595794677734,0.42631256580352783,64.50006103515625,17.487289428710938,0.024273354560136795,0.030046438798308372,5.6714215278625488,0.8433346152305603,1.0454308986663818,1.0085256099700928,1.0994127988815308,4.0551657676696777,0,0,0,0
4,360,34920,-7.3325181007385254,0.0072995098307728767,0.02729259617626667,64.909278869628906,37.488914489746094,2.4411916732788086,59.357357025146484,20.820362091064453,0.023838888853788376,0.020662127062678337,2.6000261306762695,0.7814706563949585,1.0121396780014038,1.1703948974609375,0.85616493225097656,-3.6492300033569336,0,0,0,0
4,365,35040,-7.3851265907287598,0.014223518781363964,0.03136877715587616,65.147773742675781,37.409088134765625,3.6595244407653809,57.095722198486328,22.416057586669922,0.02381955087184906,0.0191959198564291,2.0922861099243164,0.7712472677230835,1.0059746503829956,1.2003706693649292,0.81111901998519897,-5.0759701728820801,0,0,0,0
5,15,35400,-5.362213134765625,0.007018296979367733,0.034212015569210052,66.142539978027344,37.25946044921875,5.9438691139221191,52.827518463134766,24.50141716003418,0.023279633373022079,0.035983830690383911,3.0590105056762695,0.75006407499313354,1.0144971609115601,1.158932089805603,0.87339049577713013,-3.103644847869873,0,0,0,0
5,30,35760,-3.6731464862823486,0.0096955569460988045,0.055241294205188751,67.305427551269531,37.183387756347656,9.5818853378295898,48.986553192138672,26.005508422851562,0.022693375125527382,0.037400141358375549,2.2415924072265625,0.7560456395149231,1.0059746503829956,1.2003706693649292,0.81111901998519897,-5.0759706497192383,0,0,0,0
5,45,36120,-0.81605833768844604,0.0074689481407403946,0.27779853343963623,69.26470947265625,38.512798309326172,7.8842511177062988,47.465831756591797,25.112384796142578,0.022257342934608459,0.016180464997887611,2.0765013694763184,0.77544581890106201,1.0059746503829956,1.2003706693649292,0.81111901998519897,-5.0759706497192383,0,0,0,0
5,60,36480,2.7126643657684326,0.0010233877692371607,0.41244283318519592,70.159912109375,42.97222900390625,0.82900440692901611,47.404911041259766,23.049352645874023,0.022424833849072456,0.017239134758710861,1.8207715749740601,0.80549705028533936,1.0059746503829956,1.2003706693649292,0.81111901998519897,-5.0759706497192383,0,0,0,0
5,75,36840,6.449948787689209,1.0034352271759417E-05,0.42926663160324097,69.603713989257812,43.7840576171875,0,48.698329925537109,21.115304946899414,0.022776756435632706,0.022618064656853676,1.5229599475860596,0.84049338102340698,1.0059746503829956,1.2003706693649292,0.81111901998519897,-5.0759706497192383,0,0,0,0
5,90,37200,11.220524787902832,6.2879485085431952E-06,0.35978737473487854,69.417076110839844,43.236984252929688,0,52.349308013916016,19.346595764160156,0.023123005405068398,0.011171347461640835,1.2316223382949829,0.87472891807556152,1.0059746503829956,1.2003706693649292,0.81111901998519897,-5.0759706497192383,0,0,0,0
5,105,37560,15.084938049316406,7.6869503118359717E-07,0.19557540118694305,69.038032531738281,42.338447570800781,0,57.513435363769531,17.745927810668945,0.02346513420343399,0.0032950411550700665,0.99531519412994385,0.90249782800674438,1.0059746503829956,1.2003706693649292,0.81111901998519897,-5.0759706497192383,0,0,0,0
5,120,37920,18.740976333618164,0,0.12358164042234421,68.4000244140625,41.508022308349609,0,62.545486450195312,16.462228775024414,0.02378632128238678,0.0066804583184421062,0.86259472370147705,0.91809403896331787,1.0059746503829956,1.2003706693649292,0.81111901998519897,-5.0759706497192383,0,0,0,0
5,135,38280,21.638908386230469,0.0026093292981386185,0.02471841499209404,67.5616455078125,40.793056488037109,0,65.060127258300781,16.428707122802734,0.024099463596940041,0.0050490018911659718,0.84107190370559692,0.91682100296020508,1.0059746503829956,1.2003706693649292,0.81111901998519897,-5.0759706497192383,0,0,0,0
5,150,38640,23.515069961547852,0,0.0099792713299393654,66.568328857421875,40.171405792236328,0,65.248809814453125,17.513046264648438,0.024393875151872635,0.0014791449066251516,0.79705190658569336,0.90186607837677002,1.0059746503829956,1.2003706693649292,0.81111901998519897,-5.0759706497192383,0,0,0,0
5,165,39000,24.26097297668457,0,0.0051632309332489967,65.490493774414062,39.613857269287109,0,64.854507446289062,18.886653900146484,0.024685746058821678,0.00047350922250188887,0.7291368842124939,0.87879323959350586,1.0059746503829956,1.2003706693649292,0.81111901998519897,-5.0759706497192383,0,0,0,0
5,180,39360,23.750905990600586,0,0.0042929253540933132,64.396064758300781,39.137638092041016,0,64.547370910644531,20.172031402587891,0.024961253628134727,0.00203365134075284,0.65325683355331421,0.85301446914672852,1.0059746503829956,1.2003706693649292,0.81111901998519897,-5.0759706497192383,0,0,0,0
5,195,39720,22.057073593139648,0,0.0032933349721133709,63.341991424560547,38.716606140136719,0,64.661666870117188,21.107149124145508,0.02523486316204071,0.0014595488319173455,0.58534181118011475,0.82994163036346436,1.0059746503829956,1.2003706693649292,0.81111901998519897,-5.0759706497192383,0,0,0,0
5,210,40080,19.328632354736328,0,0.0036387885920703411,62.344192504882812,38.352474212646484,0,66.421470642089844,21.18549919128418,0.025487406179308891,0.00031524192309007049,0.54132187366485596,0.8149867057800293,1.0059746503829956,1.2003706693649292,0.81111901998519897,-5.0759706497192383,0,0,0,0
5,225,40440,15.812886238098145,0,0.0044636903330683708,61.429176330566406,38.001388549804688,0,70.764312744140625,19.962856292724609,0.025748876854777336,0.001162314903922379,0.54160261154174805,0.81278860569000244,1.0059746503829956,1.2003706693649292,0.81111901998519897,-5.0759706497192383,0,0,0,0
5,240,40800,11.840659141540527,0,0.0055608036927878857,60.580623626708984,37.705268859863281,0,75.915550231933594,18.384958267211914,0.026027930900454521,0.0029395110905170441,0.62620663642883301,0.81895941495895386,1.0059746503829956,1.2003706693649292,0.81111901998519897,-5.0759706497192383,0,0,0,0
5,255,41160,7.7003650665283203,0,0.0081801284104585648,59.847843170166016,37.430797576904297,0,79.956153869628906,16.984922409057617,0.026300854980945587,0.0027316592168062925,0.77133041620254517,0.82954442501068115,1.0059746503829956,1.2003706693649292,0.81111901998519897,-5.0759706497192383,0,0,0,0
5,270,41520,2.8177151679992676,8.6921900219749659E-06,0.013254443183541298,59.273113250732422,37.152725219726562,0,81.768051147460938,15.705514907836914,0.026574103161692619,0.0012257558992132545,0.93992090225219727,0.84184104204177856,1.0059746503829956,1.2003706693649292,0.81111901998519897,-5.0759706497192383,0,0,0,0
5,285,41880,-0.87604784965515137,0,0.014392967335879803,58.987770080566406,36.876300811767578,0,81.7677001953125,14.554478645324707,0.026842961087822914,0.0086039183661341667,1.0949254035949707,0.85314661264419556,1.0059746503829956,1.2003706693649292,0.81111901998519897,-5.0759706497192383,0,0,0,0
5,300,42240,-4.0481595993041992,2.5551669750711881E-05,0.01662185974419117,59.05706787109375,36.622570037841797,0.019102483987808228,80.260589599609375,14.572296142578125,0.026409739628434181,0.017682984471321106,1.1992909908294678,0.86075884103775024,1.0059746503829956,1.2003706693649292,0.81111901998519897,-5.0759706497192383,0,0,0,0
5,315,42600,-6.4938015937805176,8.7647560576442629E-05,0.01740356907248497,59.586219787597656,36.387371063232422,0.48871460556983948,74.572830200195312,18.388296127319336,0.025750230997800827,0.013019099831581116,1.235877513885498,0.86103790998458862,1.0059746503829956,1.2003706693649292,0.81111901998519897,-5.0759706497192383,0,0,0,0
5,330,42960,-7.9242191314697266,0.0042894217185676098,0.030867729336023331,60.484485626220703,36.157253265380859,1.5902156829833984,66.478271484375,24.203062057495117,0.02566545270383358,0.01376582495868206,1.4074718952178955,0.84304708242416382,1.0059746503829956,1.2003706693649292,0.81111901998519897,-5.0759706497192383,0,0,0,0
5,345,43320,-8.3363666534423828,0.012667924165725708,0.066878892481327057,60.764072418212891,35.923984527587891,4.3156852722167969,58.618446350097656,29.487270355224609,0.025576528161764145,0.11025442183017731,1.6972129344940186,0.81266897916793823,1.1684625148773193,1.2003706693649292,0.81111901998519897,-5.0759706497192383,0,0,0,1
5,360,43680,-8.710728645324707,0.019591456279158592,0.075790703296661377,60.800251007080078,35.689937591552734,9.2161350250244141,51.552665710449219,33.503074645996094,0.025489160791039467,0.026038886979222298,1.3328900337219238,0.83815652132034302,0.94491612911224365,1.2242963314056396,0.94789892435073853,-1.2351863384246826,0,0,0,0
5,365,43800,-8.719569206237793,0.019530113786458969,0.089602373540401459,60.782440185546875,35.611133575439453,11.239048957824707,49.381763458251953,34.591453552246094,0.025460448116064072,0.021932670846581459,1.1259732246398926,0.86600136756896973,0.9336090087890625,1.2287269830703735,0.97322851419448853,-0.52393007278442383,0,0,0,0
6,15,44160,-7.434532642364502,0.020317807793617249,0.033311270177364349,61.35540771484375,35.417560577392578,16.810665130615234,43.664459228515625,36.853656768798828,0.025381613522768021,0.015881504863500595,1.2460305690765381,0.86776494979858398,0.94923996925354004,1.2226020097732544,0.93821287155151367,-1.5071709156036377,0,0,0,0
6,30,44520,-5.800384521484375,0.026064533740282059,0.024400006979703903,62.526092529296875,35.281902313232422,35.862953186035156,38.846149444580078,37.955230712890625,0.025302048772573471,0.021717270836234093,0.93910545110702515,0.90220141410827637,0.9336090087890625,1.2287269830703735,0.97322851419448853,-0.52393007278442383,0,0,0,0
6,45,44880,-3.1405510902404785,0.0893750861287117,0.074721254408359528,64.903961181640625,35.25244140625,44.272499084472656,35.894382476806641,37.232418060302734,0.024689720943570137,0.028669390827417374,0.87470889091491699,0.90349102020263672,0.9336090087890625,1.2287269830703735,0.97322851419448853,-0.52393007278442383,0,0,0,0
6,60,45240,0.28715634346008301,0.019431542605161667,0.63598382472991943,71.482734680175781,39.374927520751953,35.405281066894531,35.096515655517578,34.661090850830078,0.024347599595785141,0.011435011401772499,0.77495729923248291,0.90548849105834961,0.9336090087890625,1.2287269830703735,0.97322851419448853,-0.52393007278442383,0,0,0,0
6,75,45600,4.5158376693725586,0.0036638472229242325,0.92007523775100708,73.957618713378906,55.214553833007812,5.9190034866333008,35.387161254882812,31.687627792358398,0.024673217907547951,0.0081280479207634926,0.6587909460067749,0.907814621925354,0.9336090087890625,1.2287269830703735,0.97322851419448853,-0.52393007278442383,0,0,0,0
6,90,45960,9.5165128707885742,2.247546763101127E-05,0.84913581609725952,72.578018188476562,57.092288970947266,0,38.049831390380859,28.983789443969727,0.02499934658408165,0.013551495037972927,0.54514992237091064,0.91009026765823364,0.9336090087890625,1.2287269830703735,0.97322851419448853,-0.52393007278442383,0,0,0,0
6,105,46320,13.75205135345459,1.5009966318757506E-06,0.80647623538970947,72.164703369140625,56.186241149902344,0,42.551639556884766,26.520030975341797,0.025318870320916176,0.007370025385171175,0.45297449827194214,0.91193604469299316,0.9336090087890625,1.2287269830703735,0.97322851419448853,-0.52393007278442383,0,0,0,0
6,120,46680,17.569147109985352,0,0.61234349012374878,71.6082763671875,54.934860229492188,0,47.373577117919922,24.325418472290039,0.025634560734033585,0.0012593838619068265,0.40120470523834229,0.91297274827957153,0.9336090087890625,1.2287269830703735,0.97322851419448853,-0.52393007278442383,0,0,0,0
6,135,47040,20.61717414855957,0,0.30501681566238403,70.898529052734375,53.728588104248047,0,50.642402648925781,22.960054397583008,0.025934610515832901,0.0021255060564726591,0.38034307956695557,0.90783500671386719,0.9336090087890625,1.2287269830703735,0.97322851419448853,-0.52393007278442383,0,0,0,0
6,150,47400,22.802337646484375,0,0.10111111402511597,69.992027282714844,52.620582580566406,0,51.704021453857422,22.711339950561523,0.026227220892906189,0.0028413899708539248,0.29717910289764404,0.88009107112884521,0.9336090087890625,1.2287269830703735,0.97322851419448853,-0.52393007278442383,0,0,0,0
6,165,47760,23.693742752075195,0,0.015843071043491364,68.979476928710938,51.621685028076172,0,51.956996917724609,22.929225921630859,0.026511596515774727,0.0010559149086475372,0.16887181997299194,0.83728712797164917,0.9336090087890625,1.2287269830703735,0.97322851419448853,-0.52393007278442383,0,0,0,0
6,180,48120,23.382862091064453,0,0.014653605408966541,69.169189453125,51.020511627197266,0,52.193687438964844,23.154481887817383,0.02679077722132206,0.00020377617329359055,0.025516748428344727,0.7894631028175354,0.9336090087890625,1.2287269830703735,0.97322851419448853,-0.52393007278442383,0,0,0,0
6,195,48480,21.861127853393555,0,0.015223495662212372,68.132469177246094,50.134941101074219,0,52.745292663574219,23.209270477294922,0.02703661285340786,0.00069849088322371244,-0.10279059410095215,0.74665915966033936,0.9336090087890625,1.2287269830703735,0.97322851419448853,-0.52393007278442383,0,0,0,0
6,210,48840,19.295799255371094,0,0.015780461952090263,67.15704345703125,49.286151885986328,0,54.798698425292969,22.654314041137695,0.027273150160908699,0.0032707538921386003,-0.18595457077026367,0.71891522407531738,1.0808541774749756,1.2287269830703735,0.97322851419448853,-0.52393007278442383,0,0,0,1
6,225,49200,15.936728477478027,0,0.021034320816397667,66.283462524414062,48.455287933349609,0,59.181827545166016,21.150871276855469,0.027506660670042038,0.00030881658312864602,-0.17497420310974121,0.71346813440322876,0.9336090087890625,1.2287269830703735,0.97322851419448853,-0.52393007278442383,0,0,0,0
6,240,49560,12.27016544342041,0,0.020449304953217506,65.494941711425781,47.666103363037109,0,64.109107971191406,19.42439079284668,0.027751138433814049,0.00045446160947903991,0.087709903717041016,0.71143859624862671,0.9336090087890625,1.2287269830703735,0.97322851419448853,-0.52393007278442383,0,0,0,0
6,255,49920,8.495574951171875,0,0.025211034342646599,64.821640014648438,46.893238067626953,0,68.010391235351562,17.82244873046875,0.027997232973575592,0.0027790097519755363,0.53829962015151978,0.70795732736587524,0.9336090087890625,1.2287269830703735,0.97322851419448853,-0.52393007278442383,0,0,0,0
6,270,50280,3.9873089790344238,0,0.028439411893486977,64.263504028320312,46.150211334228516,0,70.014564514160156,16.349723815917969,0.02824699692428112,0.0031201029196381569,1.0617505311965942,0.70391309261322021,0.9336090087890625,1.2287269830703735,0.97322851419448853,-0.52393007278442383,0,0,0,0
6,285,50640,0.51658028364181519,1.1550720046216156E-05,0.030719008296728134,63.881019592285156,45.419097900390625,6.2060860273049911E-07,70.113365173339844,15.02207088470459,0.028514532372355461,0.0016678553074598312,1.5430185794830322,0.7001948356628418,0.9336090087890625,1.2287269830703735,0.97322851419448853,-0.52393007278442383,0,0,0,0
6,300,51000,-2.5222568511962891,0,0.032692268490791321,63.648696899414062,44.700340270996094,0,69.591835021972656,14.062468528747559,0.028373511508107185,0.004511597566306591,1.8670597076416016,0.69769126176834106,0.9336090087890625,1.2287269830703735,0.97322851419448853,-0.52393007278442383,0,0,0,0
6,315,51360,-5.2100648880004883,0.0034149759449064732,0.033132139593362808,63.795063018798828,43.987464904785156,0.24621047079563141,66.622627258300781,15.44700813293457,0.027669640257954597,0.014291954226791859,1.9263656139373779,0.69974517822265625,0.9336090087890625,1.2287269830703735,0.97322851419448853,-0.52393007278442383,0,0,0,0
6,330,51720,-7.2083706855773926,0.00091520074056461453,0.033861957490444183,64.255897521972656,43.328533172607422,0.92571747303009033,60.677547454833984,19.58837890625,0.027237774804234505,0.014453002251684666,1.7659950256347656,0.73305708169937134,0.9336090087890625,1.2287269830703735,0.97322851419448853,-0.52393007278442383,0,0,0,0
6,345,52080,-8.4170560836791992,0.0089054740965366364,0.073625534772872925,64.720123291015625,42.777141571044922,3.0286736488342285,53.800590515136719,24.332965850830078,0.027134591713547707,0.0094756623730063438,1.4952054023742676,0.78930503129959106,0.9336090087890625,1.2287269830703735,0.97322851419448853,-0.52393007278442383,0,0,0,0
6,360,52440,-7.6309633255004883,0.015209170989692211,0.06834787130355835,64.783531188964844,42.260040283203125,6.9758510589599609,47.395332336425781,28.175834655761719,0.027027888223528862,0.019817784428596497,2.2080368995666504,0.86495625972747803,0.92635393142700195,1.0941522121429443,0.91763031482696533,-2.5708990097045898,0,0,0,0
6,365,52560,-7.2182683944702148,0.011652375571429729,0.052948832511901855,64.865425109863281,42.091819763183594,8.5609550476074219,45.514255523681641,29.137353897094727,0.026993546634912491,0.024894801899790764,2.4300017356872559,0.88025212287902832,0.92501038312911987,1.0692309141159058,0.90733432769775391,-2.9499673843383789,0,0,0,0
7,15,52920,-6.2092719078063965,0.016621557995676994,0.042613066732883453,65.286270141601562,41.592617034912109,16.331869125366211,40.278751373291016,31.470058441162109,0.026894543319940567,0.03006073459982872,2.1698000431060791,0.90309083461761475,0.92686766386032104,1.1036820411682129,0.92156749963760376,-2.4259433746337891,0,0,0,0
7,30,53280,-3.8029420375823975,0.11615755409002304,0.077382840216159821,66.643714904785156,41.196388244628906,23.104318618774414,37.007823944091797,31.758937835693359,0.026330895721912384,0.014275950379669666,2.5005481243133545,0.90805745124816895,0.92501038312911987,1.0692309141159058,0.90733432769775391,-2.9499673843383789,0,0,0,0
7,45,53640,-0.90463727712631226,0.015591789968311787,0.32961246371269226,69.82568359375,42.256710052490234,22.078849792480469,35.700275421142578,30.128778457641602,0.025744203478097916,0.01597188226878643,2.4699301719665527,0.91755527257919312,0.92501038312911987,1.0692309141159058,0.90733432769775391,-2.9499673843383789,0,0,0,0
7,60,54000,2.8703083992004395,0.0058589810505509377,0.61703050136566162,72.728294372558594,49.715763092041016,4.9800868034362793,35.606052398681641,27.594770431518555,0.025848619639873505,0.093781113624572754,2.4225025177001953,0.93226772546768188,1.1036477088928223,1.0692309141159058,0.90733432769775391,-2.9499673843383789,0,0,0,1
7,75,54360,6.8776712417602539,2.445593781885691E-05,0.64499235153198242,71.735687255859375,52.923919677734375,0,36.753185272216797,25.240694046020508,0.02616131491959095,0.011353500187397003,2.3672702312469482,0.94940125942230225,0.92501038312911987,1.0692309141159058,0.90733432769775391,-2.9499673843383789,0,0,0,0
7,90,54720,11.876772880554199,7.7285512816160917E-06,0.66789698600769043,71.550506591796875,52.332424163818359,0,40.067558288574219,23.095863342285156,0.02646794356405735,0.0030291462317109108,2.3132386207580566,0.96616226434707642,1.0559935569763184,1.0692309141159058,0.90733432769775391,-2.9499673843383789,0,0,0,1
7,105,55080,15.968796730041504,9.3308044597506523E-06,0.53646671772003174,71.224525451660156,51.195896148681641,0,44.407272338867188,21.150920867919922,0.026769803836941719,0.0077163800597190857,2.2694129943847656,0.97975718975067139,0.92501038312911987,1.0692309141159058,0.90733432769775391,-2.9499673843383789,0,0,0,0
7,120,55440,19.786045074462891,0,0.26434364914894104,70.688911437988281,50.046989440917969,0,48.48309326171875,19.583211898803711,0.027068007737398148,0.0052214614115655422,2.2447986602783203,0.98739278316497803,0.92501038312911987,1.0692309141159058,0.90733432769775391,-2.9499673843383789,0,0,0,0
7,135,55800,22.795475006103516,0,0.13523916900157928,69.948272705078125,49.021968841552734,0,50.220802307128906,19.187938690185547,0.02736169844865799,0.0015934486873447895,2.1896891593933105,0.9821087121963501,0.92501038312911987,1.0692309141159058,0.90733432769775391,-2.9499673843383789,0,0,0,0
7,150,56160,24.51197624206543,0,0.022178368642926216,69.074897766113281,48.08740234375,0,50.439102172851562,19.616544723510742,0.027634020894765854,0.00052126689115539193,1.9109207391738892,0.95011359453201294,0.92501038312911987,1.0692309141159058,0.90733432769775391,-2.9499673843383789,0,0,0,0
7,165,56520,25.019441604614258,0,0.01346010435372591,68.121589660644531,47.245067596435547,0,50.345199584960938,20.252737045288086,0.027880711480975151,0.0015716755297034979,1.4808303117752075,0.90075087547302246,0.92501038312911987,1.0692309141159058,0.90733432769775391,-2.9499673843383789,0,0,0,0
7,180,56880,24.221769332885742,0,0.0094061028212308884,67.141464233398438,46.507247924804688,0,50.369419097900391,20.825345993041992,0.028126724064350128,0.00054818153148517013,1.0002992153167725,0.84559893608093262,0.92501038312911987,1.0692309141159058,0.90733432769775391,-2.9499673843383789,0,0,0,0
7,195,57240,22.279567718505859,0,0.0093818176537752151,66.187461853027344,45.829635620117188,0,50.894695281982422,21.13886833190918,0.028359768912196159,0.00013287154433783144,0.57020878791809082,0.79623615741729736,0.92501038312911987,1.0692309141159058,0.90733432769775391,-2.9499673843383789,0,0,0,0
7,210,57600,26.878833770751953,0,0.0072313826531171799,65.332160949707031,45.152015686035156,0,50.958717346191406,21.577373504638672,0.028593044728040695,0.00039959209971129894,8.1056766510009766,0.76424109935760498,0.92501038312911987,1.0692309141159058,0.90733432769775391,-2.9499673843383789,1,0,0,0
7,225,57960,15.952132225036621,0,0.012365179136395454,64.581901550292969,44.481346130371094,0,54.386116027832031,20.583654403686523,0.028799451887607574,0.00099216029047966003,0.26157832145690918,0.75820964574813843,0.92501038312911987,1.0692309141159058,0.90733432769775391,-2.9499673843383789,0,0,0,0
7,240,58320,12.173351287841797,0,0.014998678117990494,63.898349761962891,43.825065612792969,0,59.390384674072266,18.874855041503906,0.02904713898897171,0.00084323855116963387,0.48595571517944336,0.75833296775817871,0.92501038312911987,1.0692309141159058,0.90733432769775391,-2.9499673843383789,0,0,0,0
7,255,58680,8.3105955123901367,0,0.019132211804389954,63.294208526611328,43.194526672363281,0,63.372264862060547,17.310346603393555,0.029305251315236092,0.00023766393132973462,0.87083685398101807,0.75854432582855225,0.92501038312911987,1.0692309141159058,0.90733432769775391,-2.9499673843383789,0,0,0,0
7,270,59040,3.7016212940216064,0,0.023041635751724243,62.775276184082031,42.608123779296875,0,65.402633666992188,15.921075820922852,0.029556633904576302,0.0030393179040402174,1.3179539442062378,0.75878995656967163,0.92501038312911987,1.0692309141159058,0.90733432769775391,-2.9499673843383789,0,0,0,0
7,285,59400,0.21518802642822266,0.00012201299250591546,0.026431834325194359,62.394298553466797,42.078945159912109,7.365465717157349E-05,65.612442016601562,14.64447021484375,0.029808307066559792,0.006513706874102354,1.7290396690368652,0.75901579856872559,0.92501038312911987,1.0692309141159058,0.90733432769775391,-2.9499673843383789,0,0,0,0
7,300,59760,-2.8012058734893799,0.0030228765681385994,0.027337182313203812,62.178371429443359,41.586254119873047,0.0060462998226284981,65.0794677734375,13.778471946716309,0.029555357992649078,0.0054662968032062054,2.005826473236084,0.75916785001754761,0.92501038312911987,1.0692309141159058,0.90733432769775391,-2.9499673843383789,0,0,0,0
7,315,60120,-5.3375496864318848,3.8476978261314798E-06,0.027164380997419357,62.290374755859375,41.152008056640625,0.053051996976137161,62.149578094482422,15.262939453125,0.028791727498173714,0.005045036319643259,2.0728187561035156,0.76107197999954224,0.92501038312911987,1.0692309141159058,0.90733432769775391,-2.9499673843383789,0,0,0,0
7,330,60480,-6.9952945709228516,0.00046018845750950277,0.027921520173549652,62.860469818115234,40.750720977783203,0.74645107984542847,56.645229339599609,19.114604949951172,0.028349399566650391,0.016328724101185799,2.144385814666748,0.78495150804519653,0.92501038312911987,1.0692309141159058,0.90733432769775391,-2.9499673843383789,0,0,0,0
7,345,60840,-7.6833243370056152,0.0074008931405842304,0.041926506906747818,63.539886474609375,40.380916595458984,2.812579870223999,50.441913604736328,23.283815383911133,0.028238719329237938,0.021359832957386971,2.265228271484375,0.82527261972427368,0.92501038312911987,1.0692309141159058,0.90733432769775391,-2.9499673843383789,0,0,0,0
7,360,61200,-5.6339421272277832,0.0069724898785352707,0.032798077911138535,64.092491149902344,40.003910064697266,5.8148350715637207,45.041355133056641,26.286052703857422,0.028124164789915085,0.02091362327337265,4.2245821952819824,0.95673727989196777,1.0254518985748291,1.0467286109924316,0.80709636211395264,-1.3668961524963379,0,0,0,0
7,365,61320,-5.3184294700622559,0.012698132544755936,0.033205397427082062,64.398757934570312,39.885372161865234,10.197660446166992,43.67962646484375,26.793666839599609,0.027934292331337929,0.024705791845917702,4.4531173706054688,0.98286193609237671,1.0440521240234375,1.0425615310668945,0.78853374719619751,-1.0737347602844238,0,0,0,0
8,15,61680,-4.6001615524291992,0.012291831895709038,0.038194838911294937,65.433563232421875,39.580493927001953,16.159572601318359,39.532974243164062,28.318229675292969,0.027602886781096458,0.033205855637788773,3.8633303642272949,0.98058032989501953,1.0183391571044922,1.0483220815658569,0.81419467926025391,-1.4790010452270508,0,0,0,0
8,30,62040,-2.268836498260498,0.014108555391430855,0.13286058604717255,67.376335144042969,39.811626434326172,18.67552375793457,37.470157623291016,27.732831954956055,0.026903551071882248,0.043669972568750381,4.246579647064209,1.0024998188018799,1.0440521240234375,1.0425615310668945,0.78853374719619751,-1.0737347602844238,0,0,0,0
8,45,62400,0.85357755422592163,0.011023371480405331,0.65370172262191772,71.506797790527344,44.347015380859375,8.3630199432373047,36.971508026123047,25.716886520385742,0.026515841484069824,0.024247614666819572,4.3615398406982422,0.9996635913848877,1.0440521240234375,1.0425615310668945,0.78853374719619751,-1.0737347602844238,0,0,0,0
8,60,62760,4.6967353820800781,0.0013775571715086699,0.71185338497161865,70.6978759765625,50.412254333496094,0.30654144287109375,37.241264343261719,23.515161514282227,0.026818322017788887,0.020372547209262848,4.5396151542663574,0.99527019262313843,1.0440521240234375,1.0425615310668945,0.78853374719619751,-1.0737347602844238,0,0,0,0
8,75,63120,8.8787822723388672,1.5005204659246374E-05,0.78125876188278198,70.523712158203125,50.420444488525391,0,39.137004852294922,21.51506233215332,0.027116565033793449,0.029871599748730659,4.7469944953918457,0.99015378952026367,1.0440521240234375,1.0425615310668945,0.78853374719619751,-1.0737347602844238,0,0,0,0
8,90,63480,14.119635581970215,6.3019056142366026E-06,0.71329736709594727,70.228507995605469,49.399055480957031,0,42.821109771728516,19.703052520751953,0.027408747002482414,0.0205988809466362,4.9498653411865234,0.98514854907989502,1.0440521240234375,1.0425615310668945,0.78853374719619751,-1.0737347602844238,0,0,0,0
8,105,63840,18.631931304931641,0.0062276897951960564,0.50046110153198242,69.827011108398438,48.236118316650391,0,47.08843994140625,18.07757568359375,0.027697267010807991,0.0055847582407295704,5.1144161224365234,0.98108887672424316,1.0440521240234375,1.0425615310668945,0.78853374719619751,-1.0737347602844238,0,0,0,0
8,120,64200,22.496477127075195,0,0.18657577037811279,69.219841003417969,47.194988250732422,0,49.923091888427734,17.265865325927734,0.027982663363218307,0.0059139900840818882,5.2068347930908203,0.97880864143371582,1.0440521240234375,1.0425615310668945,0.78853374719619751,-1.0737347602844238,0,0,0,0
8,135,64560,25.590890884399414,0,0.067212104797363281,68.458778381347656,46.267101287841797,0,50.258766174316406,17.712303161621094,0.028262589126825333,0.0080104116350412369,5.2135648727416992,0.97828036546707153,1.0440521240234375,1.0425615310668945,0.78853374719619751,-1.0737347602844238,0,0,0,0
8,150,64920,27.710258483886719,0,0.0091227246448397636,67.583747863769531,45.479248046875,0,49.657173156738281,18.697324752807617,0.028532464057207108,0.0033001888077706099,5.2005057334899902,0.9766848087310791,1.0440521240234375,1.0425615310668945,0.78853374719619751,-1.0737347602844238,0,0,0,0
8,165,65280,28.693883895874023,0,0.0075508672744035721,66.688591003417969,44.761180877685547,0,48.599109649658203,19.91828727722168,0.028795422986149788,0.00071057822788134217,5.1803579330444336,0.97422325611114502,1.0440521240234375,1.0425615310668945,0.78853374719619751,-1.0737347602844238,0,0,0,0
8,180,65640,28.453805923461914,0,0.0075567220337688923,65.839439392089844,44.048160552978516,0,47.552764892578125,21.068222045898438,0.029051519930362701,0.0019539664499461651,5.1578474044799805,0.97147291898727417,1.0440521240234375,1.0425615310668945,0.78853374719619751,-1.0737347602844238,0,0,0,0
8,195,66000,27.012660980224609,0,0.0095932288095355034,65.036483764648438,43.356990814208984,0,46.989738464355469,21.859935760498047,0.0292959064245224,0.0013020904734730721,5.1376996040344238,0.96901136636734009,1.0440521240234375,1.0425615310668945,0.78853374719619751,-1.0737347602844238,0,0,0,0
8,210,66360,24.491144180297852,0,0.0071679102256894112,64.269233703613281,42.728477478027344,0,47.136684417724609,22.160934448242188,0.029535410925745964,0.00066339131444692612,5.1246404647827148,0.96741580963134766,1.0440521240234375,1.0425615310668945,0.78853374719619751,-1.0737347602844238,0,0,0,0
8,225,66720,26.054342269897461,0,0.0076416651718318462,63.556446075439453,42.152923583984375,0,48.069606781005859,22.022754669189453,0.029783254489302635,0.00047281474689953029,9.6810054779052734,0.96612364053726196,1.0440521240234375,1.0425615310668945,0.78853374719619751,-1.0737347602844238,1,0,0,0
8,240,67080,17.199207305908203,0,0.01040347944945097,62.906284332275391,41.64013671875,0,51.168777465820312,21.012727737426758,0.030027726665139198,0.0032515455968677998,5.1787939071655273,0.95637309551239014,1.0440521240234375,1.0425615310668945,0.78853374719619751,-1.0737347602844238,0,0,0,0
8,255,67440,13.063855171203613,0,0.013624711893498898,62.930057525634766,41.200038909912109,0,56.075141906738281,19.266931533813477,0.030273046344518661,0.0042654904536902905,5.2669577598571777,0.93964779376983643,1.0440521240234375,1.0425615310668945,0.78853374719619751,-1.0737347602844238,0,0,0,0
8,270,67800,8.1360349655151367,0,0.015477928332984447,62.392898559570312,40.80194091796875,0,59.889785766601562,17.692873001098633,0.030482286587357521,0.0023510123137384653,5.3693780899047852,0.92021781206130981,1.0440521240234375,1.0425615310668945,0.78853374719619751,-1.0737347602844238,0,0,0,0
8,285,68160,4.3254575729370117,0,0.01951741985976696,61.976367950439453,40.427349090576172,0,61.590110778808594,16.265708923339844,0.030712375417351723,0.0057266335934400558,5.4635443687438965,0.90235364437103271,1.0440521240234375,1.0425615310668945,0.78853374719619751,-1.0737347602844238,0,0,0,0
8,300,68520,1.0350284576416016,0,0.0212236437946558,61.710693359375,40.037853240966797,0,61.745498657226562,14.961095809936523,0.030948318541049957,0.017153216525912285,5.526947021484375,0.89032554626464844,1.0440521240234375,1.0425615310668945,0.78853374719619751,-1.0737347602844238,0,0,0,0
8,315,68880,-5.5316286087036133,2.4989408302644733E-06,0.023068508133292198,61.933540344238281,39.690090179443359,0.015005996450781822,60.333183288574219,14.901208877563477,0.030665069818496704,0.01805950328707695,1.2636728286743164,0.8891289234161377,1.0440521240234375,1.0425615310668945,3.0433454513549805,-1.0737347602844238,0,1,1,0
8,330,69240,-3.733626127243042,1.2627189789782278E-05,0.02831500768661499,63.112083435058594,39.490531921386719,3.8463866710662842,57.439300537109375,16.252124786376953,0.029847659170627594,0.013888066634535789,5.3095927238464355,0.90790975093841553,1.0440521240234375,1.0425615310668945,0.78853374719619751,-1.0737347602844238,0,0,0,0
8,345,69600,-5.0166015625,0.0012261361116543412,0.032601457089185715,63.726760864257812,39.348564147949219,4.4416708946228027,53.979885101318359,18.068653106689453,0.029029114171862602,0.029390275478363037,4.9472227096557617,0.93962156772613525,1.0440521240234375,1.0425615310668945,0.78853374719619751,-1.0737347602844238,0,0,0,0
8,360,69960,-7.957496166229248,0.020070718601346016,0.035196047276258469,64.53216552734375,39.080497741699219,8.7506246566772461,48.884895324707031,21.275299072265625,0.028594288975000381,0.044975042343139648,1.7884535789489746,0.95032042264938354,1.0525157451629639,1.0980743169784546,0.88822102546691895,-8.5410213470458984,0,0,0,0
8,365,70080,-7.924461841583252,0.025411004200577736,0.057298809289932251,64.595695495605469,38.973484039306641,11.461522102355957,46.884559631347656,22.538692474365234,0.02855151891708374,0.046726040542125702,1.2853696346282959,0.94613313674926758,1.0540831089019775,1.1083544492721558,0.90668165683746338,-9.9238510131835938,0,0,0,0
9,15,70440,-5.9806885719299316,0.022848278284072876,0.03766293078660965,65.570281982421875,38.705131530761719,18.408823013305664,42.49053955078125,24.606739044189453,0.028020404279232025,0.028610005974769592,1.9397629499435425,0.95819342136383057,1.0519163608551025,1.0941431522369385,0.88116168975830078,-8.0122261047363281,0,0,0,0
9,30,70800,-3.9447822570800781,0.023632070049643517,0.057782791554927826,66.91650390625,38.568885803222656,27.233480453491211,38.973331451416016,25.682889938354492,0.027333516627550125,0.034957818686962128,1.3029690980911255,0.94850450754165649,1.0540831089019775,1.1083544492721558,0.90668165683746338,-9.9238519668579102,0,0,0,0
9,45,71160,-0.83698070049285889,0.017849847674369812,0.38936778903007507,70.770401000976562,40.651840209960938,26.512983322143555,37.5660400390625,24.678350448608398,0.026699678972363472,0.039628680795431137,1.2793309688568115,0.95901548862457275,1.0540831089019775,1.1083544492721558,0.90668165683746338,-9.9238519668579102,0,0,0,0
9,60,71520,-1.1479049921035767,0.030920049175620079,0.84059768915176392,72.074913024902344,45.609180450439453,31.270357131958008,36.536067962646484,23.447856903076172,0.0262015201151371,0.023172320798039436,-3.4089334011077881,0.97529733180999756,1.0540831089019775,1.1083544492721558,0.90668165683746338,-9.9238519668579102,0,1,0,0
9,75,71880,7.1181788444519043,0.0007922234944999218,1.1409567594528198,74.497879028320312,56.563087463378906,1.1748230457305908,37.468399047851562,21.512819290161133,0.026383429765701294,0.0096287950873374939,1.2000738382339478,0.99425840377807617,1.0540831089019775,1.1083544492721558,0.90668165683746338,-9.9238519668579102,0,0,0,0
9,90,72240,12.015151977539062,3.0186536605469882E-05,1.0997027158737183,73.831466674804688,56.488002777099609,0,41.197879791259766,19.671773910522461,0.026681011542677879,0.015245125629007816,1.1583595275878906,1.0128073692321777,1.0540831089019775,1.1083544492721558,0.90668165683746338,-9.9238519668579102,0,0,0,0
9,105,72600,16.04986572265625,4.7811490730964579E-06,1.0111892223358154,73.37347412109375,55.347530364990234,0,46.128532409667969,18.009956359863281,0.026973886415362358,0.013835142366588116,1.1245245933532715,1.0278525352478027,1.0540831089019775,1.1083544492721558,0.90668165683746338,-9.9238519668579102,0,0,0,0
9,120,72960,19.609006881713867,0,0.77493643760681152,72.772300720214844,54.117023468017578,0,50.692798614501953,16.698940277099609,0.027263173833489418,0.0025438468437641859,1.1055213212966919,1.0363025665283203,1.0597901344299316,1.1083544492721558,0.90668165683746338,-9.9238519668579102,0,0,0,0
9,135,73320,22.381608963012695,0,0.42485260963439941,71.94012451171875,52.956912994384766,0,52.933509826660156,16.512613296508789,0.027549654245376587,0.0014396894257515669,1.0975747108459473,1.0338447093963623,1.0540831089019775,1.1083544492721558,0.90668165683746338,-9.9238519668579102,0,0,0,0
9,150,73680,24.065095901489258,0,0.14838209748268127,70.988975524902344,51.909873962402344,0,53.424976348876953,17.192836761474609,0.027833404019474983,0.003399781184270978,1.065517783164978,1.0163822174072266,1.0540831089019775,1.1083544492721558,0.90668165683746338,-9.9238519668579102,0,0,0,0
9,165,74040,29.579936981201172,0,0.0145521005615592,69.946083068847656,50.936500549316406,0,52.662837982177734,18.54054069519043,0.028114628046751022,0.001569494022987783,6.3177022933959961,0.98944056034088135,1.0540831089019775,1.1083544492721558,0.90668165683746338,-9.9238519668579102,1,0,0,0
9,180,74400,23.849784851074219,0,0.015413186512887478,68.913154602050781,50.002513885498047,0,52.570522308349609,19.426008224487305,0.028393445536494255,0.00035355132422409952,0.96080106496810913,0.95933932065963745,1.0540831089019775,1.1083544492721558,0.90668165683746338,-9.9238519668579102,0,0,0,0
9,195,74760,21.940528869628906,0,0.013042040169239044,67.931190490722656,49.131816864013672,0,53.325138092041016,19.858888626098633,0.028669804334640503,0.00078376487363129854,0.91134297847747803,0.93239772319793701,1.0540831089019775,1.1083544492721558,0.90668165683746338,-9.9238519668579102,0,0,0,0
9,210,75120,19.022562026977539,0,0.014488154090940952,67.004470825195312,48.315567016601562,0,55.757583618164062,19.562200546264648,0.028943503275513649,0.0022871673572808504,0.87928605079650879,0.91493511199951172,1.0540831089019775,1.1083544492721558,0.90668165683746338,-9.9238519668579102,0,0,0,0
9,225,75480,15.346467018127441,0,0.016522724181413651,66.160308837890625,47.519252777099609,0,60.639884948730469,18.234832763671875,0.029214315116405487,0.0018411992350593209,0.87703776359558105,0.91206085681915283,1.0540831089019775,1.1083544492721558,0.90668165683746338,-9.9238519668579102,0,0,0,0
9,240,75840,11.217917442321777,0,0.018700815737247467,65.381134033203125,46.774021148681641,0,65.939903259277344,16.733419418334961,0.029482036828994751,0.00058615324087440968,0.91450965404510498,0.91623848676681519,1.0540831089019775,1.1083544492721558,0.90668165683746338,-9.9238519668579102,0,0,0,0
9,255,76200,6.973879337310791,0,0.024053784087300301,64.72540283203125,46.03338623046875,0,70.100799560546875,15.364471435546875,0.029746765270829201,0.0044391518458724022,0.97878628969192505,0.92340439558029175,1.0540831089019775,1.1083544492721558,0.90668165683746338,-9.9238519668579102,0,0,0,0
9,270,76560,2.0336410999298096,0,0.028132122009992599,64.334823608398438,45.282955169677734,0,71.758079528808594,14.114609718322754,0.030006213113665581,0.0099314302206039429,1.0534565448760986,0.9317290186882019,1.0540831089019775,1.1083544492721558,0.90668165683746338,-9.9238519668579102,0,0,0,0
9,285,76920,-1.6342794895172119,1.3339034921955317E-05,0.036314237862825394,66.378486633300781,45.150157928466797,0.023833025246858597,71.656730651855469,13.00831413269043,0.030160240828990936,0.0084205474704504013,1.1221094131469727,0.93938279151916504,1.0540831089019775,1.1083544492721558,1.7218718528747559,-9.9238519668579102,0,0,1,0
9,300,77280,-4.6994051933288574,1.6386402421630919E-05,0.045480810105800629,66.370315551757812,44.7130126953125,0.17232672870159149,69.75543212890625,13.510208129882812,0.029441647231578827,0.0089311283081769943,1.1683340072631836,0.94453614950180054,1.0540831089019775,1.1083544492721558,0.90668165683746338,-9.9238519668579102,0,0,0,0
9,315,77640,-6.9902849197387695,0.0012534895213320851,0.054270658642053604,67.080154418945312,44.221908569335938,1.2906101942062378,64.245048522949219,17.400598526000977,0.028801953420042992,0.024509590119123459,1.180235743522644,0.94568610191345215,1.0540831089019775,1.1083544492721558,0.90668165683746338,-9.9238519668579102,0,0,0,0
9,330,78000,-8.3581504821777344,0.012090312317013741,0.10849928855895996,67.62548828125,43.849090576171875,4.3801102638244629,57.112972259521484,22.542858123779297,0.028678886592388153,0.031883209943771362,1.2013008594512939,0.94577568769454956,1.0540831089019775,1.1083544492721558,0.90668165683746338,-9.9238519668579102,0,0,0,0
9,345,78360,-8.7799091339111328,0.01795743964612484,0.13854734599590302,67.508712768554688,43.375045776367188,10.383108139038086,50.234146118164062,26.930019378662109,0.028545370325446129,0.020884694531559944,1.2368699312210083,0.94592690467834473,1.0540831089019775,1.1083544492721558,0.90668165683746338,-9.9238519668579102,0,0,0,0
9,360,78720,-8.4939241409301758,0.034763652831315994,0.11560238152742386,67.382240295410156,42.879020690917969,21.745223999023438,44.223239898681641,30.185592651367188,0.028414400294423103,0.040885467082262039,1.1905050277709961,1.153491735458374,1.1395138502120972,1.0442808866500854,1.0436723232269287,-8.059051513671875,0,0,0,0
9,365,78840,-8.2009468078613281,0.040870971977710724,0.10458941012620926,67.3555908203125,42.718826293945312,26.359226226806641,42.39312744140625,31.036632537841797,0.028371315449476242,0.053351424634456635,1.1931306123733521,1.1994891166687012,1.1553343534469604,1.0324153900146484,1.0690408945083618,-7.7137184143066406,0,0,0,0
10,15,79200,-6.6457056999206543,0.048246763646602631,0.044812537729740143,67.820259094238281,42.300193786621094,39.010971069335938,37.604583740234375,32.784782409667969,0.028251372277736664,0.060889367014169693,1.2452578544616699,1.1563259363174438,1.1334640979766846,1.0488182306289673,1.0339713096618652,-8.1911067962646484,0,0,0,0
10,30,79560,-4.4579544067382812,0.069165326654911041,0.065445028245449066,68.992599487304688,42.012405395507812,55.65704345703125,34.168781280517578,33.105560302734375,0.027826607227325439,0.043771572411060333,1.2239999771118164,1.2177205085754395,1.1553343534469604,1.0324153900146484,1.0690408945083618,-7.7137184143066406,0,0,0,0
10,45,79920,-1.4823837280273438,0.060682602226734161,0.26485219597816467,73.977684020996094,43.726081848144531,61.703983306884766,32.612483978271484,31.617036819458008,0.027132051065564156,0.03509184718132019,1.1908881664276123,1.2286063432693481,1.1553343534469604,1.0324153900146484,1.0690408945083618,-7.7137184143066406,0,0,0,0
10,60,80280,2.3230264186859131,0.20871809124946594,2.7208585739135742,81.805770874023438,57.6392822265625,27.659357070922852,32.427799224853516,28.986886978149414,0.0270566176623106,0.045630481094121933,1.1395974159240723,1.2454688549041748,1.1553343534469604,1.0324153900146484,1.0690408945083618,-7.7137184143066406,0,0,0,0
10,75,80640,6.5152139663696289,0.014963836409151554,2.2518179416656494,79.185264587402344,69.618026733398438,1.3607687950134277,33.441673278808594,26.472623825073242,0.027346130460500717,0.035435453057289124,1.0798662900924683,1.265106201171875,1.1553343534469604,1.0324153900146484,1.0690408945083618,-7.7137184143066406,0,0,0,0
10,90,81000,11.441889762878418,0.004550599493086338,2.3602254390716553,79.080345153808594,69.949333190917969,0,36.953166961669922,24.182037353515625,0.027630500495433807,0.013775330036878586,1.0214337110519409,1.2843165397644043,1.1553343534469604,1.0324153900146484,1.0690408945083618,-7.7137184143066406,0,0,0,0
10,105,81360,15.480375289916992,3.5155033401679248E-05,2.4385569095611572,79.028450012207031,69.199455261230469,0,41.615509033203125,22.10223388671875,0.027909448370337486,0.011375762522220612,0.97403848171234131,1.2998983860015869,1.1553343534469604,1.0324153900146484,1.0690408945083618,-7.7137184143066406,0,0,0,0
10,120,81720,19.091045379638672,0,2.3616600036621094,78.631080627441406,67.799270629882812,0,46.452903747558594,20.313940048217773,0.028179462999105453,0.014217778109014034,0.94741916656494141,1.3086497783660889,1.1553343534469604,1.0324153900146484,1.0690408945083618,-7.7137184143066406,0,0,0,0
10,135,82080,21.930864334106445,0,2.145230770111084,78.0086669921875,66.059906005859375,0,49.337379455566406,19.49580192565918,0.028433537110686302,0.0052232705056667328,0.92313694953918457,1.3055046796798706,1.1553343534469604,1.0324153900146484,1.0690408945083618,-7.7137184143066406,0,0,0,0
10,150,82440,23.912975311279297,0.006933924276381731,1.7922860383987427,77.204963684082031,64.37091064453125,0,50.372108459472656,19.636188507080078,0.028685536235570908,0.0011772243306040764,0.808616042137146,1.2842448949813843,1.1553343534469604,1.0324153900146484,1.0690408945083618,-7.7137184143066406,0,0,0,0
10,165,82800,24.401689529418945,0,1.3593937158584595,76.320289611816406,62.766613006591797,0,50.885509490966797,20.089975357055664,0.028931664302945137,0.0034995791502296925,0.63193047046661377,1.2514448165893555,1.1553343534469604,1.0324153900146484,1.0690408945083618,-7.7137184143066406,0,0,0,0
10,180,83160,23.634040832519531,0,0.91882473230361938,75.360649108886719,61.239780426025391,0,51.414424896240234,20.544486999511719,0.029170617461204529,0.0027358315419405699,0.43452334403991699,1.2147979736328125,1.1553343534469604,1.0324153900146484,1.0690408945083618,-7.7137184143066406,0,0,0,0
10,195,83520,21.663818359375,0,0.4953453540802002,74.408836364746094,59.831466674804688,0,52.547874450683594,20.707393646240234,0.029403287917375565,0.00071963295340538025,0.25783783197402954,1.1819978952407837,1.1553343534469604,1.0324153900146484,1.0690408945083618,-7.7137184143066406,0,0,0,0
10,210,83880,18.720678329467773,0,0.33329829573631287,73.480339050292969,58.567501068115234,0,55.468250274658203,20.120098114013672,0.029631089419126511,0.00065909815020859241,0.14331680536270142,1.1607381105422974,1.1553343534469604,1.0324153900146484,1.0690408945083618,-7.7137184143066406,0,0,0,0
10,225,84240,14.932544708251953,2.209194099123124E-05,0.27047383785247803,72.611106872558594,57.374141693115234,0,60.562858581542969,18.628271102905273,0.029865063726902008,0.0040436252020299435,0.13281357288360596,1.1563248634338379,1.1553343534469604,1.0324153900146484,1.0690408945083618,-7.7137184143066406,0,0,0,0
10,240,84600,11.021559715270996,1.0080724450745038E-06,0.18887330591678619,71.831138610839844,56.239402770996094,0,65.793022155761719,17.059364318847656,0.030092881992459297,0.0052170860581099987,0.24235492944717407,1.1524145603179932,1.1553343534469604,1.0324153900146484,1.0690408945083618,-7.7137184143066406,0,0,0,0
10,255,84960,6.8779430389404297,2.5407958673895337E-05,0.14248383045196533,71.315353393554688,55.143360137939453,0,69.772491455078125,15.641302108764648,0.030328033491969109,0.0029786617960780859,0.43025442957878113,1.1457072496414185,1.1553343534469604,1.0324153900146484,1.0690408945083618,-7.7137184143066406,0,0,0,0
10,270,85320,2.1081764698028564,2.2397491193260066E-05,0.11171112209558487,71.138076782226562,54.109260559082031,5.6768215017655166E-07,71.344001770019531,14.344958305358887,0.030560819432139397,0.0068932604044675827,0.64853757619857788,1.1379153728485107,1.1553343534469604,1.0324153900146484,1.0690408945083618,-7.7137184143066406,0,0,0,0
10,285,85680,-1.4751088619232178,4.2272185964975506E-05,0.10127009451389313,71.387550354003906,53.19573974609375,9.6878138720057905E-05,71.060295104980469,13.164121627807617,0.030725665390491486,0.020425973460078239,0.84923022985458374,1.130751371383667,1.2925050258636475,1.0324153900146484,1.0690408945083618,-7.7137184143066406,0,0,0,1
10,300,86040,-4.60809326171875,0.0016332394443452358,0.10803175717592239,72.057907104492188,52.407474517822266,1.3240343332290649,69.294937133789062,13.488250732421875,0.029993623495101929,0.020819904282689095,0.98435795307159424,1.1259278059005737,1.1553343534469604,1.0324153900146484,1.0690408945083618,-7.7137184143066406,0,0,0,0
10,315,86400,-6.9037480354309082,0.10833936929702759,0.13861985504627228,72.977897644042969,51.786365509033203,3.5262753963470459,63.962543487548828,17.268148422241211,0.029291972517967224,0.017956683412194252,1.0170897245407104,1.1260111331939697,1.1553343534469604,1.0324153900146484,1.0690408945083618,-7.7137184143066406,0,0,0,0
10,330,86760,-8.343266487121582,0.015155441127717495,0.25537973642349243,73.475563049316406,51.170398712158203,8.3718233108520508,56.841999053955078,22.407505035400391,0.029148226603865623,0.035958621650934219,1.0523622035980225,1.1407335996627808,1.1553343534469604,1.0324153900146484,1.0690408945083618,-7.7137184143066406,0,0,0,0
10,345,87120,-8.8629026412963867,0.16596326231956482,0.31649932265281677,73.251556396484375,50.400993347167969,18.745702743530273,50.051906585693359,26.784534454345703,0.029005056247115135,0.049901966005563736,1.1119204759597778,1.1655926704406738,1.1553343534469604,1.0324153900146484,1.0690408945083618,-7.7137184143066406,0,0,0,0
10,360,87480,-9.9720363616943359,0.062632620334625244,0.32278656959533691,72.972862243652344,49.723529815673828,35.327812194824219,44.037296295166016,30.039571762084961,0.028863655403256416,0.021114572882652283,0.002098768949508667,1.4605716466903687,1.0002858638763428,1.1667056083679199,1.2553031444549561,-0.66729354858398438,0,0,0,0
10,365,87600,-9.9045448303222656,0.072628974914550781,0.32991814613342285,72.881759643554688,49.502803802490234,44.833938598632812,42.19976806640625,30.896022796630859,0.028816906735301018,0.014919915236532688,-0.11949026584625244,1.5233907699584961,0.97157317399978638,1.1915740966796875,1.2897961139678955,0.63759994506835938,0,0,0,0
