year,stored_water_mm_per_cell,input_mm_per_cell,output_mm_per_cell,water_error,nitrogen_gm2_per_cell,nitrogen_error,climate_temperature_anomaly_c,climate_moisture_multiplier,climate_wind_multiplier,climate_storm_frequency,climate_storm_intensity,climate_phase_shift_days,severe_heat,severe_cold,severe_drought,extreme_wet,severe_wind,temperature_c,surface_water_mm,root_water_mm,groundwater_mm,snow_mm,live_biomass_gm2,dry_biomass_gm2,available_nitrogen_gm2,plant_nitrogen_gm2,organic_nitrogen_gm2,soil_compaction,soil_depth_m,dust_gm2,non_finite
1,99.873995203375813,17.98999034011047,15.301315631301359,1.8246698567737794E-06,19.838721702806652,-1.3394296398512631E-06,-0.59993124008178711,0.90255343914031982,0.99728578329086304,1.1382597684860229,0.81245481967926025,9.4253749847412109,0,0,0,0,0,-9.6949872970581055,0.026223646476864815,60.849464416503906,33.032882690429688,1.6740295886993408,37.078262329101562,24.899190902709961,0.75609695911407471,0.66740870475769043,18.415216445922852,9.4455717771779746E-05,1.524425745010376,0.38550388813018799,0
2,97.528688351288437,14.424184693790972,16.769495331777811,1.6507994878694731E-06,19.838695045411587,-2.6831331182540276E-06,0.43707931041717529,0.74671679735183716,1.0037463903427124,0.94033801555633545,1.0475691556930542,9.9783344268798828,0,0,0,0,0,-8.3259201049804688,0.020827220752835274,58.271076202392578,33.739025115966797,1.0672787427902222,44.079765319824219,27.59242057800293,0.77831721305847168,0.79343575239181519,18.266942977905273,0.00016320818394888192,1.524425745010376,0.34008786082267761,0
3,92.744509734157475,10.26846332669979,15.052636147520566,1.4881638238178259E-06,19.838682283647358,-3.326407787158388E-06,0.9590333104133606,0.71359556913375854,0.96214854717254639,1.151714563369751,1.0317662954330444,1.3861122131347656,0,0,0,0,0,-4.1483936309814453,0.0061536896973848343,54.877815246582031,32.895851135253906,0.30146327614784241,45.207767486572266,29.145092010498047,0.77055108547210693,0.8137398362159729,18.254390716552734,0.00021118734730407596,1.524425745010376,0.49493426084518433,0
4,85.738645305689431,7.464224131445417,14.47008899265661,1.415706739486335E-06,19.838680371884255,-3.4227728942344928E-06,5.7839756011962891,0.77621561288833618,1.0454308986663818,1.0085256099700928,1.0994127988815308,4.0551657676696777,1,0,0,0,0,-7.5769796371459961,0.0054536499083042145,49.85504150390625,31.14703369140625,0.20765872299671173,47.95263671875,21.610149383544922,0.92035740613937378,0.86314743757247925,18.05517578125,0.0002516693202778697,1.524425745010376,0.46900367736816406,0
5,81.933854219000793,10.063582028170959,13.868502991904634,2.1503524176381422E-06,19.838680768553168,-3.4027782400620919E-06,1.1425231695175171,0.79255056381225586,1.0059746503829956,1.2003706693649292,0.81111901998519897,-5.0759706497192383,0,0,0,0,0,-8.851750373840332,0.021815085783600807,46.822620391845703,29.713325500488281,0.9350358247756958,38.306957244873047,29.786867141723633,0.83920174837112427,0.68952518701553345,18.309953689575195,0.00027220248011872172,1.524425745010376,0.3408312201499939,0
6,80.302974176686263,13.989047623246996,15.620065011504266,2.7762228798526728E-06,19.838682763669638,-3.3022115891551501E-06,0.67243671417236328,0.7945026159286499,0.9336090087890625,1.2287269830703735,0.97322851419448853,-0.52393007278442383,0,0,0,0,0,-7.4155464172363281,0.0087366793304681778,46.117958068847656,28.974298477172852,0.66200911998748779,32.725025177001953,24.180456161499023,0.80298817157745361,0.58905041217803955,18.446643829345703,0.00029373710276558995,1.524425745010376,0.33650055527687073,0
7,78.172234384585167,11.953276015764505,14.084155861502131,3.3591284913088518E-06,19.838685652948914,-3.156573404929927E-06,1.5286036729812622,0.81815534830093384,0.92501038312911987,1.0692309141159058,0.90733432769775391,-2.9499673843383789,0,0,0,0,0,-5.5094752311706543,0.0033490306232124567,45.018112182617188,28.025259017944336,0.4186764657497406,28.934738159179688,20.84033203125,0.82499933242797852,0.52082526683807373,18.492860794067383,0.00030959167634136975,1.524425745010376,0.57871943712234497,0
8,75.518696600235998,11.202140869471204,13.855805891386044,3.8197439235458189E-06,19.838679585363717,-3.4624185679330189E-06,4.4619688987731934,0.93604212999343872,1.0440521240234375,1.0425615310668945,0.78853374719619751,-1.0737347602844238,1,0,0,0,0,-8.1449518203735352,0.0081352582201361656,43.419040679931641,27.05259895324707,0.50759321451187134,29.502927780151367,16.758125305175781,0.91090118885040283,0.53105270862579346,18.396726608276367,0.00032008381094783545,1.524425745010376,0.64923602342605591,0
9,76.638530688751487,17.699690852202437,16.580043469597403,4.3808906747876497E-06,19.838679281845689,-3.477717820832121E-06,1.3911352157592773,0.97963917255401611,1.0540831089019775,1.1083544492721558,0.90668165683746338,-9.9238519668579102,0,0,0,0,0,-8.4081974029541016,0.013599671423435211,43.712932586669922,26.463350296020508,1.9279617071151733,25.601419448852539,21.355215072631836,0.86014461517333984,0.46082553267478943,18.517709732055664,0.00032165099401026964,1.524425745010376,0.87790000438690186,0
10,80.267823512572789,25.51603755007487,21.886911763813021,4.6132913171122972E-06,19.838676067478954,-3.6397424954438446E-06,0.78083473443984985,1.0848779678344727,1.1553343534469604,1.0324153900146484,1.0690408945083618,-7.7137184143066406,0,0,0,0,0,-10.146917343139648,0.031107151880860329,45.716178894042969,27.057348251342773,3.1567683219909668,24.699159622192383,20.3836669921875,0.83036571741104126,0.44458484649658203,18.563726425170898,0.00033122661989182234,1.524425745010376,0.4591183066368103,0
11,89.388036429360511,52.485137986664014,43.365083356014217,4.3244171524268919E-06,19.83867505667731,-3.6906933734478683E-06,-0.10266381502151489,1.5221859216690063,0.97157317399978638,1.1915740966796875,1.2897961139678955,0.63760042190551758,0,0,0,1,0,-7.7589263916015625,0.018417524173855782,51.960697174072266,29.744562149047852,3.1246044635772705,24.691484451293945,20.368324279785156,0.81127256155014038,0.44444668292999268,18.582956314086914,0.00033391566830687225,1.5244256258010864,0.34828516840934753,0
12,87.510216138027602,17.978053150951528,19.856006949863477,4.5053371758136816E-06,19.838673839196563,-3.7520622023674149E-06,1.2918494939804077,0.97341936826705933,0.93442785739898682,1.087633490562439,1.0622619390487671,0.57387399673461914,0,0,0,0,0,-8.6279315948486328,0.019930044189095497,51.796123504638672,29.69679069519043,1.4998035430908203,27.853668212890625,19.572744369506836,0.90443980693817139,0.5013660192489624,18.432868957519531,0.00033590124803595245,1.5244256258010864,1.1489509344100952,0
13,87.889892458803956,24.760525456621107,24.380986938794667,4.5841661634229713E-06,19.83866949936375,-3.970817577066431E-06,0.38415417075157166,1.0172392129898071,1.3274095058441162,1.2876853942871094,0.93925988674163818,-3.8962314128875732,0,0,0,0,0,-8.637202262878418,0.019023802131414413,51.351676940917969,29.784826278686523,2.2795801162719727,28.209712982177734,23.236162185668945,0.91455590724945068,0.50777482986450195,18.416337966918945,0.00034142471849918365,1.5244256258010864,0.52811962366104126,0
14,88.904696342423563,24.098000020760956,23.083363587133789,4.7437414988143133E-06,19.838666774723677,-4.1081568906948355E-06,0.97519940137863159,1.1559661626815796,1.0029282569885254,0.99482548236846924,1.0350583791732788,-3.6106224060058594,0,0,0,0,0,-9.5725517272949219,0.023105766624212265,52.3768310546875,29.759403228759766,2.4130396842956543,28.3582763671875,23.640892028808594,0.92089366912841797,0.51044893264770508,18.407323837280273,0.00034179753856733441,1.5244255065917969,0.60092443227767944,0
15,84.546828276943415,11.257824162238249,15.615888083659193,5.1304862326646425E-06,19.838666175119577,-4.1383807783950498E-06,0.55166441202163696,0.60855191946029663,1.0603740215301514,0.90695929527282715,0.97653692960739136,-6.3081607818603516,0,0,1,0,0,-7.7217106819152832,0.0092655709013342857,49.545867919921875,29.33955192565918,1.178719162940979,27.644514083862305,23.618207931518555,0.93078744411468506,0.4976012110710144,18.4102783203125,0.00034210251760669053,1.5244255065917969,0.38409176468849182,0
16,84.745925568640232,20.72399685228309,20.525133138212222,5.457566063911744E-06,19.838669602945448,-3.9655963960064796E-06,2.2066075801849365,1.2088291645050049,0.94136548042297363,0.79003673791885376,0.76625841856002808,-4.2360310554504395,0,0,0,0,0,-9.2573575973510742,0.021971940994262695,49.511409759521484,28.688955307006836,2.0748412609100342,30.955587387084961,21.270109176635742,0.92978650331497192,0.55720055103302002,18.351682662963867,0.00034175210748799145,1.5244255065917969,1.386508584022522,0
17,85.723981908168639,27.817508634680088,26.839673975257099,5.6251556619725615E-06,19.838671212550253,-3.8844620026787172E-06,1.1446069478988647,1.1669951677322388,1.4348448514938354,0.78276330232620239,0.91287940740585327,-7.0677590370178223,0,0,0,0,1,-10.23540210723877,0.026326453313231468,48.729019165039062,29.358278274536133,3.3275408744812012,28.8209228515625,23.078287124633789,0.91421931982040405,0.51877659559249878,18.405675888061523,0.00034181808587163687,1.5244255065917969,0.50366318225860596,0
18,88.947001178506767,32.565100880242646,29.342300058100374,5.7036183834279856E-06,19.8386729940027,-3.7946653873658591E-06,-0.36781978607177734,1.3242758512496948,0.97651195526123047,1.0611555576324463,1.0113592147827148,-6.0485343933105469,0,0,0,0,0,-11.896379470825195,0.04196818545460701,51.250095367431641,29.794044494628906,3.836012601852417,25.975013732910156,22.97004508972168,0.88197594881057739,0.46755024790763855,18.489147186279297,0.00034142853110097349,1.5244255065917969,0.378834068775177,0
19,93.677942967377604,37.759822247560443,33.029024333171691,5.556876014269014E-06,19.838668428044766,-4.0248189167255138E-06,-1.9114727973937988,1.3501052856445312,0.94498550891876221,0.98045653104782104,1.2061358690261841,-8.6297569274902344,0,0,0,0,0,-12.013948440551758,0.049069583415985107,54.943798065185547,30.238519668579102,4.4539923667907715,24.354175567626953,23.432504653930664,0.85611224174499512,0.43837514519691467,18.544181823730469,0.00033931131474673748,1.5244253873825073,0.65604233741760254,0
20,95.396066260095679,28.671730770772921,26.953722247675469,5.4705067069231676E-06,19.838666087482125,-4.1427982674954043E-06,-2.1009306907653809,1.1350480318069458,1.100659966468811,0.99480241537094116,1.3246381282806396,-3.4626357555389404,0,0,0,0,0,-11.193197250366211,0.042517229914665222,56.150470733642578,31.138221740722656,3.9611167907714844,25.631284713745117,23.832080841064453,0.86720645427703857,0.46136307716369629,18.510095596313477,0.00033538811840116978,1.5244253873825073,1.118025541305542,0
21,97.741072544399643,32.514386477030712,30.169519696707503,5.4005449278083822E-06,19.838662961870433,-4.3003491194582034E-06,-1.3172907829284668,1.2071110010147095,1.326136589050293,1.0040994882583618,0.97927337884902954,-0.6469876766204834,0,0,0,0,0,-12.791318893432617,0.0379897840321064,57.114646911621094,33.301982879638672,3.4008848667144775,28.120040893554688,23.489274978637695,0.89229798316955566,0.50616073608398438,18.440204620361328,0.0003308186715003103,1.5244253873825073,0.5950237512588501,0
22,97.870759374331683,24.514377060028927,24.384789103226286,5.3420395413254233E-06,19.83865810532123,-4.545150310338502E-06,-1.7662308216094971,0.96283644437789917,1.0649828910827637,0.8135066032409668,0.91460955142974854,1.0012166500091553,0,0,0,0,0,-11.696404457092285,0.040077205747365952,57.532604217529297,33.737525939941406,2.5381112098693848,29.269577026367188,23.877700805664062,0.88192671537399292,0.52685236930847168,18.429878234863281,0.00032830348936840892,1.5244252681732178,0.50703209638595581,0
23,98.089362214487039,22.940671060458627,22.722212919347658,5.3792122140795649E-06,19.838657861016692,-4.5574648240558765E-06,-0.96390563249588013,0.99730229377746582,1.0267232656478882,0.86363595724105835,0.94417405128479004,-6.4737567901611328,0,0,0,0,0,-11.490092277526855,0.04112321138381958,57.564933776855469,33.43768310546875,2.9890909194946289,28.649951934814453,24.754795074462891,0.91901874542236328,0.51569914817810059,18.403940200805664,0.00032356232986785471,1.5244252681732178,0.45138612389564514,0
24,97.183196334894745,22.505460932044226,23.411791735094884,5.4501460307458574E-06,19.838655178956689,-4.6926578294837687E-06,-1.0312058925628662,0.9686540961265564,1.0054911375045776,0.91795265674591064,0.94092035293579102,-0.65699195861816406,0,0,0,0,0,-10.192716598510742,0.03556394949555397,57.484100341796875,33.374965667724609,2.0439190864562988,30.333992004394531,24.822874069213867,0.90663939714431763,0.54601186513900757,18.386003494262695,0.00031997315818443894,1.5244252681732178,0.41519933938980103,0
25,95.755247467253355,20.5958123371048,22.023953949410789,5.5761264924355348E-06,19.838654721509666,-4.7157160898058949E-06,0.3654722273349762,1.0160804986953735,1.001489520072937,0.95167195796966553,1.1730871200561523,6.9433097839355469,0,0,0,0,0,-8.6220760345458984,0.025404453277587891,57.102878570556641,33.087795257568359,1.1331969499588013,32.814994812011719,23.438211441040039,0.93783485889434814,0.59066987037658691,18.310150146484375,0.00031837599817663431,1.5244252681732178,0.34865128993988037,0
26,92.024819967541845,11.733535232627837,15.464194153508579,5.8312351197263369E-06,19.83865532927215,-4.6850809672011207E-06,1.6716892719268799,0.8184049129486084,0.95196390151977539,0.64993375539779663,1.1786097288131714,1.2000808715820312,0,0,0,0,0,-10.039199829101562,0.036442968994379044,54.583015441894531,32.420722961425781,0.74591594934463501,35.689739227294922,22.618085861206055,0.99306386709213257,0.64241528511047363,18.203176498413086,0.00031731373746879399,1.5244252681732178,0.38736438751220703,0
27,90.142888344824314,15.422292163322636,17.304455316923121,6.0438156254156813E-06,19.838657633326946,-4.5689418456845124E-06,0.054724365472793579,0.83686739206314087,0.98404216766357422,0.61860543489456177,1.0904638767242432,3.2457683086395264,0,0,0,0,0,-10.046666145324707,0.031340673565864563,52.760654449462891,31.807109832763672,1.3011190891265869,34.746818542480469,24.931900024414062,0.93412226438522339,0.62544268369674683,18.279092788696289,0.00031872582621872425,1.5244252681732178,0.5704880952835083,0
28,90.551518403887755,18.748423356422137,18.340080741182756,6.298078916904893E-06,19.838661801069975,-4.3588608985727808E-06,-0.34262055158615112,0.9618685245513916,1.0657463073730469,0.672832190990448,1.0447710752487183,-3.798835277557373,0,0,0,0,0,-6.2195224761962891,0.0049397405236959457,52.749576568603516,31.273984909057617,1.9052045345306396,31.268512725830078,25.395172119140625,0.88876634836196899,0.56283318996429443,18.387062072753906,0.00031774866511113942,1.5244251489639282,0.92480713129043579,0
29,86.793955565802747,12.273380286493994,16.031244997589166,6.6202239090634173E-06,19.838664088509976,-4.2435592691449119E-06,2.5474934577941895,0.9488869309425354,1.2191841602325439,0.92082333564758301,0.90229111909866333,-4.0871744155883789,1,0,0,0,0,-9.6825284957885742,0.027787234634160995,50.511573791503906,30.737800598144531,1.2204653024673462,33.232254028320312,22.589599609375,0.9522559642791748,0.59818059206008911,18.288227081298828,0.00032133993227034807,1.5244251489639282,0.87675958871841431,0
30,81.127608251925551,6.7093230879747718,12.376052051705409,7.0993624801881442E-06,19.838665905334054,-4.1519796970198178E-06,-0.2731049656867981,0.4586605429649353,1.1976521015167236,0.69290667772293091,1.0042164325714111,0.64409375190734863,0,0,1,0,0,-9.6689033508300781,0.023623544722795486,46.055221557617188,30.042455673217773,0.77401882410049438,31.148880004882812,23.97352409362793,0.87907963991165161,0.56067979335784912,18.398906707763672,0.00032330199610441923,1.5244251489639282,0.4548073410987854,0
31,83.093745478484777,18.899431360059026,16.933650986948486,7.4074711348929188E-06,19.838667308334262,-4.0812594990376726E-06,0.2934080958366394,1.0163414478302002,0.97291874885559082,0.93768602609634399,0.85416793823242188,-0.70394134521484375,0,0,0,0,0,-10.047727584838867,0.030110698193311691,47.462261199951172,29.401552200317383,1.904762864112854,28.018651962280273,22.057306289672852,0.82368671894073486,0.50433570146560669,18.510644912719727,0.00032668365747667849,1.5244251489639282,0.58475112915039062,0
32,83.600040116049342,19.272218368924804,18.766236280649608,7.6362989738989819E-06,19.838668727222831,-4.0097384257733587E-06,-0.47617471218109131,1.0194871425628662,1.0440391302108765,1.0460505485534668,1.0360305309295654,-7.8685493469238281,0,0,0,0,0,-10.982693672180176,0.032757401466369629,48.291271209716797,29.050758361816406,2.073833703994751,26.837553024291992,21.627857208251953,0.77187156677246094,0.48307591676712036,18.583721160888672,0.00032736477442085743,1.5244251489639282,0.55039620399475098,0
33,81.883713453188534,15.30157450362989,17.018219804903055,7.9027585802218041E-06,19.838666997496038,-4.0969277366799069E-06,0.031619906425476074,0.86771225929260254,1.0358171463012695,0.91067081689834595,0.88535457849502563,-0.32700109481811523,0,0,0,0,0,-10.289263725280762,0.029962653294205666,47.656959533691406,28.694944381713867,1.2854068279266357,25.144630432128906,19.932424545288086,0.79689544439315796,0.45260334014892578,18.589168548583984,0.00033115624682977796,1.5244251489639282,0.35574474930763245,0
34,82.988045213557783,17.407560442433169,16.303544265066886,8.1325411052493165E-06,19.838669456094504,-3.9729986242885621E-06,-0.080616235733032227,0.93953418731689453,0.92529350519180298,0.979389488697052,0.94734996557235718,-4.8092608451843262,0,0,0,0,0,-11.897086143493652,0.041236083954572678,48.513771057128906,28.18681526184082,2.2298414707183838,24.416948318481445,20.580154418945312,0.78798341751098633,0.43950507044792175,18.611181259155273,0.00033362925751134753,1.5244251489639282,0.27843919396400452,0
35,83.947096301559355,19.510044037733895,18.551279716256833,8.2938313985287E-06,19.838668829277157,-4.0045942338964526E-06,-1.1708412170410156,0.86977225542068481,0.90311634540557861,0.87446033954620361,1.1258111000061035,3.7608480453491211,0,0,0,0,0,-13.035730361938477,0.044762756675481796,49.898605346679688,27.87652587890625,2.2823081016540527,23.833774566650391,20.299192428588867,0.77495509386062622,0.42900791764259338,18.634706497192383,0.00033848438761197031,1.5244251489639282,0.33033180236816406,0
36,86.644570615421983,25.08955546862213,22.392342719950829,8.3591016269898867E-06,19.838669666983186,-3.9623684836734264E-06,-1.9520347118377686,1.0417932271957397,0.92769467830657959,0.78443664312362671,0.93831664323806763,-2.7616744041442871,0,0,0,0,0,-9.238102912902832,0.027564134448766708,51.894985198974609,27.80070686340332,2.5796842575073242,23.033504486083984,21.015411376953125,0.75925678014755249,0.41460308432579041,18.664810180664062,0.00033513267408125103,1.5244251489639282,0.32673352956771851,0
37,86.178331763502214,22.894084690826421,23.360580961754021,8.4375207551760085E-06,19.838669204637409,-3.9856736727167839E-06,2.1172692775726318,1.1420907974243164,0.92500686645507812,0.90356928110122681,1.1484720706939697,-0.25618696212768555,0,0,0,0,0,-11.516841888427734,0.037762332707643509,51.974674224853516,27.681236267089844,2.3952484130859375,26.832647323608398,18.324214935302734,0.90204125642776489,0.48298764228820801,18.453639984130859,0.00033527228515595198,1.5244250297546387,0.79561907052993774,0
38,91.149367833640426,33.919515725164381,28.948677638046938,8.3368346799602428E-06,19.838667938094588,-4.0495155444185474E-06,-0.91318380832672119,1.2577449083328247,1.1797622442245483,1.0726765394210815,0.89535355567932129,2.7073988914489746,0,0,0,0,0,-12.407975196838379,0.043493133038282394,53.798671722412109,29.423131942749023,3.9291112422943115,28.593967437744141,22.271743774414062,0.87131303548812866,0.51469135284423828,18.452663421630859,0.00033143960172310472,1.5244250297546387,0.18139500916004181,0
39,93.403667678758495,31.702941085459752,29.44877866607203,8.1970764401093976E-06,19.83866807810962,-4.0424578896752181E-06,-1.269614577293396,1.1716954708099365,0.83603906631469727,1.0808947086334229,0.93844521045684814,3.9464354515075684,0,0,0,0,0,-10.876350402832031,0.03326975554227829,55.806652069091797,30.321939468383789,3.0767064094543457,28.560556411743164,23.376014709472656,0.85885500907897949,0.51409000158309937,18.465723037719727,0.0003275988856330514,1.5244250297546387,1.3225153684616089,0
40,94.753768730089064,32.314544795021213,30.964574333651107,8.0542312630603743E-06,19.838665143623949,-4.1903747659400926E-06,-0.20343776047229767,1.0737466812133789,1.4389188289642334,1.1651381254196167,1.0010236501693726,-5.079533576965332,0,0,0,0,1,-8.4879150390625,0.019476527348160744,55.488700866699219,31.668951034545898,3.1462454795837402,28.858282089233398,23.980968475341797,0.91631227731704712,0.51944905519485474,18.402904510498047,0.00032450939761474729,1.5244249105453491,0.62720000743865967,0
41,93.696142648346722,22.847368578596651,23.905166335522807,8.0414140924479988E-06,19.838662650156767,-4.3160614850468181E-06,0.78638947010040283,1.0329785346984863,1.0504642724990845,1.0469317436218262,1.1582555770874023,-8.2353973388671875,0,0,0,0,0,-9.0070619583129883,0.025757219642400742,54.848506927490234,31.962314605712891,2.4426419734954834,29.725761413574219,25.082298278808594,0.96322387456893921,0.53506368398666382,18.340375900268555,0.00032258708961308002,1.5244249105453491,0.54103231430053711,0
42,93.52410787591711,23.632161503094395,23.804381849305354,8.0368913728040415E-06,19.838664956577123,-4.1998031241857373E-06,0.51520782709121704,1.1176820993423462,1.0296162366867065,1.10490882396698,1.1102186441421509,-12.281834602355957,0,0,0,0,0,-9.4396743774414062,0.024515043944120407,54.568893432617188,31.860834121704102,2.715409517288208,29.356924057006836,26.444597244262695,0.95172929763793945,0.52842462062835693,18.358510971069336,0.00032067860593087971,1.5244249105453491,0.79971116781234741,0
43,92.025262422077361,20.948480356975487,22.447532524557754,8.0749562804269973E-06,19.838667138218881,-4.0898344040224837E-06,0.22438311576843262,1.0224845409393311,1.1636741161346436,1.199001669883728,0.9245721697807312,-7.0956954956054688,0,0,0,0,0,-8.2625818252563477,0.016345277428627014,53.853221893310547,31.7491455078125,1.9196372032165527,30.599822998046875,25.182151794433594,0.94292992353439331,0.55079680681228638,18.344940185546875,0.00031954073347151279,1.5244249105453491,0.5293431282043457,0
44,89.735241989139467,18.708492628921231,20.998757700186978,8.1661284277640978E-06,19.838671294171363,-3.8803477758481639E-06,0.94143247604370117,0.88024795055389404,1.033933162689209,1.1013060808181763,1.1067032814025879,2.2716352939605713,0,0,0,0,0,-10.536594390869141,0.046105686575174332,52.573410034179688,31.445371627807617,1.4496046304702759,34.285301208496094,23.254589080810547,0.92610806226730347,0.61713540554046631,18.295427322387695,0.00031839200528338552,1.5244249105453491,0.16755878925323486,0
45,88.51503621106967,18.152477003207022,19.372930233907972,8.2611247649304556E-06,19.838675135988741,-3.6866955692843597E-06,-0.35726609826087952,0.87154442071914673,0.8380662202835083,0.993630051612854,1.155888557434082,4.3471002578735352,0,0,0,0,0,-13.684919357299805,0.057583305984735489,51.5347900390625,30.959188461303711,2.2030456066131592,32.101119995117188,23.610565185546875,0.89430421590805054,0.57782012224197388,18.366550445556641,0.00031905679497867823,1.5244247913360596,0.15678945183753967,0
46,89.695895874425773,23.603483008234907,22.422879668638199,8.3185502602287555E-06,19.83867558542639,-3.6640410327269844E-06,-2.5859375,0.91191840171813965,0.84256970882415771,1.1767847537994385,1.0571229457855225,3.3244748115539551,0,0,0,0,0,-9.5391063690185547,0.038215704262256622,52.394371032714844,30.570930480957031,2.3871526718139648,27.992279052734375,24.422233581542969,0.80701541900634766,0.50386101007461548,18.527799606323242,0.00031874954584054649,1.5244247913360596,0.27424749732017517,0
47,88.41157386861741,17.458797815710131,18.743359002186917,8.4050996055537465E-06,19.838677519578486,-3.566547376894529E-06,0.6087527871131897,0.92266374826431274,0.91673141717910767,1.1989518404006958,1.1191695928573608,4.863405704498291,0,0,0,0,0,-10.265043258666992,0.040425792336463928,52.534095764160156,30.178787231445312,1.4258327484130859,29.235860824584961,21.827192306518555,0.83995527029037476,0.52624547481536865,18.472476959228516,0.00032253129757009447,1.5244247913360596,0.17394860088825226,0
48,85.670110641736542,12.308551286767761,15.050319854928821,8.5890003530655266E-06,19.838675098754464,-3.6885724153442127E-06,0.45688444375991821,0.79097431898117065,0.84161919355392456,1.1652706861495972,1.0631177425384521,-0.35922765731811523,0,0,1,0,0,-10.012534141540527,0.031229786574840546,50.716823577880859,29.553798675537109,1.1513075828552246,28.267618179321289,22.952896118164062,0.86909294128417969,0.50881707668304443,18.460765838623047,0.00032427109545096755,1.5244247913360596,0.35180878639221191,0
49,83.020513685755432,10.882835404999787,13.532795443689102,8.8321803145788533E-06,19.83867966927588,-3.4581888573278978E-06,0.53034687042236328,0.74875319004058838,0.95267945528030396,1.0571287870407104,0.96430540084838867,-0.023245811462402344,0,0,1,0,0,-10.873498916625977,0.031673289835453033,48.622104644775391,28.815982818603516,1.4142504930496216,27.675474166870117,22.923755645751953,0.86129182577133179,0.49815851449966431,18.479228973388672,0.00032707041827961802,1.5244247913360596,0.47987118363380432,0
50,83.801374669298525,20.056951485374011,19.27643859351636,8.9836277190214682E-06,19.838683373443782,-3.27147506616295E-06,0.2770056426525116,0.99384737014770508,1.0118374824523926,1.1316794157028198,1.0916804075241089,1.7428543567657471,0,0,0,0,0,-10.151235580444336,0.025024749338626862,49.101203918457031,28.455249786376953,1.9665862321853638,27.092979431152344,22.082378387451172,0.8209301233291626,0.48767361044883728,18.530078887939453,0.00032911536982282996,1.5244247913360596,0.80262875556945801,0
51,84.690034739132969,21.999032126637466,21.110674266158604,9.0745067452686445E-06,19.838688001334667,-3.0381997193200479E-06,1.1825883388519287,1.0919691324234009,1.1559783220291138,0.871337890625,0.96530866622924805,-0.15070587396621704,0,0,0,0,0,-12.223050117492676,0.038781806826591492,49.099788665771484,28.520381927490234,3.0056610107421875,26.9620361328125,21.225944519042969,0.83006888628005981,0.48531660437583923,18.52330207824707,0.00033131081727333367,1.5244247913360596,0.82266795635223389,0
52,91.593504743613309,43.591483203902605,36.688246082435363,8.9382899306480185E-06,19.838690646830948,-2.904849759822867E-06,0.015268206596374512,1.5372054576873779,1.1614755392074585,0.90365493297576904,0.94471889734268188,0.061270594596862793,0,0,0,1,0,-9.5895185470581055,0.025286357849836349,53.125564575195312,30.08308219909668,4.0195884704589844,27.556358337402344,22.859100341796875,0.77106863260269165,0.49601444602012634,18.57160758972168,0.00032968784216791391,1.52442467212677,0.70766478776931763,0
53,89.72858569130301,19.476959671736985,21.342043044308085,8.9302405205388757E-06,19.838689597528429,-2.9577413285751232E-06,1.1969149112701416,0.87875092029571533,1.1052454710006714,0.92828154563903809,0.82574814558029175,-4.6391286849975586,0,0,0,0,0,-8.8790683746337891,0.022677864879369736,52.912788391113281,30.824115753173828,1.5662961006164551,28.042034149169922,22.405275344848633,0.82596731185913086,0.5047566294670105,18.507965087890625,0.0003239354700781405,1.52442467212677,0.76623475551605225,0
54,86.933909790273759,13.233414982904941,16.028333045442995,9.031283371580936E-06,19.838687881920485,-3.0442189589847393E-06,1.6931198835372925,0.80536121129989624,1.1331841945648193,0.75451868772506714,0.75847560167312622,-8.152165412902832,0,0,0,0,0,-8.6158666610717773,0.017722105607390404,51.159511566162109,30.17848014831543,1.1646990776062012,28.982330322265625,23.202703475952148,0.85396045446395874,0.52168190479278564,18.463045120239258,0.00032480168738402426,1.52442467212677,0.59441429376602173,0
55,85.414217798225579,13.574247629655439,15.094275162623235,9.2029302120610884E-06,19.83868768554181,-3.0541177023609425E-06,2.302128791809082,0.81268918514251709,1.0545015335083008,0.90729469060897827,0.99337095022201538,-2.0258216857910156,0,0,0,0,0,-13.58665943145752,0.044539429247379303,49.189769744873047,29.530336380004883,2.8585696220397949,30.811574935913086,21.79176139831543,0.86957770586013794,0.55460828542709351,18.414501190185547,0.00032629305496811867,1.52442467212677,0.52373260259628296,0
56,97.159197516385461,64.541370720506535,52.796658496547167,8.9527878094125713E-06,19.838688476905226,-3.0142279166186135E-06,-1.871077299118042,1.5991330146789551,1.0199850797653198,1.0877025127410889,1.1759319305419922,-5.6543002128601074,0,1,0,1,0,-8.6092281341552734,0.031271696090698242,55.338565826416016,31.282907485961914,6.056767463684082,27.425348281860352,24.507049560546875,0.75002551078796387,0.49365624785423279,18.595006942749023,0.00032309212838299572,1.5244245529174805,0.36296755075454712,0
57,94.769557308405638,28.880000826983597,31.269832601083035,8.9025715748314938E-06,19.838689443487674,-2.9655059693530046E-06,1.0778416395187378,1.1414493322372437,0.94298118352890015,0.85023808479309082,1.2293661832809448,-3.5812010765075684,0,0,0,0,0,-8.4578266143798828,0.035244166851043701,55.70074462890625,31.781455993652344,2.7137665748596191,32.2880859375,21.411697387695312,0.81034433841705322,0.58118551969528198,18.447158813476562,0.00032033529714681208,1.5244244337081909,0.10254093259572983,0
58,94.102138481549915,27.168993059940114,27.83658247131374,8.850199414152915E-06,19.838689869139344,-2.9440503984876913E-06,1.3294230699539185,1.2050206661224365,0.79012346267700195,1.0083812475204468,1.2037938833236694,-2.4210371971130371,0,0,0,0,0,-8.4231595993041992,0.027895644307136536,55.857738494873047,31.269033432006836,2.3914711475372314,34.333133697509766,22.971988677978516,0.85670602321624756,0.61799639463424683,18.363986968994141,0.00031729054171591997,1.5244244337081909,0.21592727303504944,0
59,94.047053735386584,26.86194100821929,26.917200106890377,8.8045381405467903E-06,19.838692265059798,-2.8232806592786399E-06,1.4492497444152832,1.2253108024597168,0.88004386425018311,1.0894107818603516,1.2779369354248047,-5.2782316207885742,0,0,0,0,0,-8.5247011184692383,0.030637608841061592,55.941257476806641,30.911033630371094,2.5989110469818115,37.220813751220703,23.390295028686523,0.88327896595001221,0.66997462511062622,18.285438537597656,0.00031400818261317909,1.5244244337081909,0.3056316077709198,0
60,94.27776855120436,26.224394661712576,25.993804535034723,8.7294444600340327E-06,19.838693136591463,-2.7793498803188985E-06,0.38074254989624023,1.1061602830886841,0.9288485050201416,0.98940157890319824,1.1961296796798706,-8.8293466567993164,0,0,0,0,0,-10.757593154907227,0.029035171493887901,56.384658813476562,30.759855270385742,2.8879680633544922,35.615036010742188,27.429540634155273,0.86649006605148315,0.64107054471969604,18.331132888793945,0.0003113702405244112,1.5244244337081909,1.4168593883514404,0
61,93.904488911740486,22.930447032811063,23.30382634326379,8.659518656898047E-06,19.838693282566965,-2.7719917799831967E-06,-1.6894700527191162,0.92550045251846313,0.96425503492355347,1.1377302408218384,1.0689007043838501,-4.9995265007019043,0,0,0,0,0,-9.5512514114379883,0.043610982596874237,56.167186737060547,30.723361968994141,2.6630630493164062,32.050628662109375,28.060886383056641,0.82310831546783447,0.57691127061843872,18.43867301940918,0.0003096705477219075,1.5244243144989014,0.45409345626831055,0
62,94.696330512687567,24.531831613187094,23.74010346207535,8.5918028423827704E-06,19.838691798709334,-2.8467877102043726E-06,-1.0582389831542969,0.9946938157081604,0.99715703725814819,1.1676218509674072,1.0811338424682617,-10.819108963012695,0,0,0,0,0,-11.802225112915039,0.036134660243988037,56.948089599609375,30.785896301269531,2.897519588470459,30.318666458129883,27.077714920043945,0.83584898710250854,0.54573601484298706,18.457107543945312,0.00030469894409179688,1.5244243144989014,1.1293981075286865,0
63,95.8719513666816,27.946952558248302,26.771444357872824,8.5062414475304172E-06,19.838691851925105,-2.8441052943999706E-06,-1.5585958957672119,0.97345030307769775,1.3648297786712646,1.0836659669876099,0.89154255390167236,4.4724054336547852,0,0,0,0,1,-7.5049190521240234,0.010313634760677814,57.066703796386719,32.556953430175781,1.7717397212982178,30.23798942565918,25.390926361083984,0.82659626007080078,0.54428380727767944,18.467811584472656,0.00030548303038813174,1.5244243144989014,0.4072546660900116,0
64,93.277734778467561,20.05196538173972,22.646308453117381,8.4770422137702452E-06,19.838688071295618,-3.0346732391795739E-06,3.3096146583557129,1.0696451663970947,0.97089707851409912,1.1146690845489502,0.99405777454376221,8.6230745315551758,1,0,0,0,0,-10.465936660766602,0.03929697722196579,55.616634368896484,32.468807220458984,0.93306916952133179,34.355167388916016,21.255126953125,0.96418458223342896,0.61839300394058228,18.256111145019531,0.00031150798895396292,1.5244243144989014,0.59063392877578735,0
65,91.779129545260218,20.442194789163477,21.940929012701964,8.4480923431352876E-06,19.8386883174628,-3.0222648362145824E-06,0.001553952693939209,0.93097448348999023,1.1135774850845337,1.1615393161773682,0.91949009895324707,11.922234535217285,0,0,0,0,0,-10.51233959197998,0.033798679709434509,54.148357391357422,32.148403167724609,1.270268440246582,34.751426696777344,24.79911994934082,0.92317020893096924,0.62552559375762939,18.289993286132812,0.00031230694730766118,1.5244243144989014,0.60618960857391357,0
66,91.001923693846905,19.051646677647952,19.829030590266047,8.4591371356471117E-06,19.838688328787683,-3.0216939895890745E-06,-0.54219353199005127,0.96810454130172729,1.0920023918151855,1.0797667503356934,0.96884411573410034,4.1679487228393555,0,0,0,0,0,-11.062195777893066,0.033041667193174362,53.341434478759766,31.794963836669922,1.7382086515426636,31.715911865234375,26.252023696899414,0.86584681272506714,0.57088637351989746,18.401954650878906,0.00031317889806814492,1.5244241952896118,0.64542317390441895,0
67,91.711869603451348,19.406939116075229,18.697205119334395,8.4895752332268772E-06,19.838689852021634,-2.9449132406732863E-06,-1.5273802280426025,0.97274196147918701,1.1055142879486084,1.0341776609420776,1.100704550743103,5.0047564506530762,0,0,0,0,0,-8.7941246032714844,0.01626133918762207,53.939483642578125,31.670066833496094,1.7060613632202148,29.91063117980957,25.062738418579102,0.80971866846084595,0.5383913516998291,18.490579605102539,0.00031371158547699451,1.5244241952896118,1.5603348016738892,0
68,91.910837922301141,25.774704239853598,25.575929482110077,8.4737356081507662E-06,19.838688907288017,-2.9925338670643545E-06,0.0048957467079162598,1.0558985471725464,1.5416761636734009,1.1935557126998901,1.0842058658599854,2.7049670219421387,0,0,0,0,1,-9.7087993621826172,0.022595815360546112,53.277641296386719,32.342105865478516,1.941460132598877,31.894260406494141,23.275117874145508,0.82646441459655762,0.5740966796875,18.438127517700195,0.00031401979504153132,1.5244241952896118,0.85160541534423828,0
69,91.822931434251373,22.642136829284137,22.730234296477864,8.4731887328823363E-06,19.838690224569291,-2.9261344522575186E-06,-0.047134697437286377,1.0348721742630005,1.1790435314178467,0.98162925243377686,1.1226538419723511,3.4489150047302246,0,0,0,0,0,-10.888182640075684,0.034266948699951172,53.149600982666016,32.672298431396484,1.8111519813537598,31.279624938964844,23.343399047851562,0.82814109325408936,0.56303322315216064,18.447515487670898,0.00031468577799387276,1.5244241952896118,0.64276158809661865,0
70,88.873923800587647,13.805039504694287,16.754286302034743,8.5481121673216279E-06,19.838690887670964,-2.8927098801060588E-06,-0.6537935733795166,0.57334816455841064,1.0939033031463623,0.8372809886932373,1.1354787349700928,-8.8503646850585938,0,0,1,0,0,-11.132207870483398,0.031748522073030472,50.370140075683594,32.083240509033203,2.2877113819122314,27.550857543945312,25.269203186035156,0.79895979166030884,0.49591538310050964,18.543815612792969,0.00031564477831125259,1.5244241952896118,0.57058382034301758,0
71,91.407380195818845,25.475306923606841,22.942098559717707,8.5663845752242464E-06,19.838691809270532,-2.8462553581703873E-06,-0.53639262914657593,1.1190623044967651,1.0408598184585571,0.94915854930877686,1.2042206525802612,-5.2864789962768555,0,0,0,0,0,-11.274287223815918,0.03512934222817421,52.354396820068359,31.795486450195312,3.1297690868377686,25.523075103759766,22.880620956420898,0.79665172100067139,0.45941534638404846,18.582624435424805,0.00031805186881683767,1.5244241952896118,0.56795787811279297,0
72,87.839323393087838,13.887595682466635,17.455908062722884,8.6481758005504214E-06,19.838695072680711,-2.6817585796689223E-06,-0.55238938331604004,0.59450024366378784,1.0403749942779541,0.73170357942581177,0.87397205829620361,-8.2555656433105469,0,0,1,0,0,-10.785001754760742,0.029869724065065384,50.187946319580078,31.426219940185547,2.0676560401916504,25.305505752563477,23.257242202758789,0.7811884880065918,0.4554990828037262,18.602006912231445,0.00031958296312950552,1.5244240760803223,0.67581009864807129,0
73,90.327363257445398,23.332760267237319,20.84499167512142,8.6892052730830225E-06,19.838701246678831,-2.3705495239495021E-06,-0.65345442295074463,1.0261667966842651,1.1046066284179688,0.90508657693862915,0.83979010581970215,4.8008623123168945,0,0,0,0,0,-9.5896711349487305,0.020009666681289673,51.595310211181641,31.19734001159668,3.140181303024292,26.202651977539062,21.625869750976562,0.76505023241043091,0.471647709608078,18.60200309753418,0.00032077162177301943,1.5244240760803223,1.2995278835296631,0
74,103.96493340421468,73.484819931193201,59.847406819078316,8.4167241587621323E-06,19.838697743285447,-2.5471429931138719E-06,-0.2502962052822113,1.7229732275009155,1.4198957681655884,1.0565961599349976,1.2031146287918091,10.393625259399414,0,0,0,1,1,-9.0049753189086914,0.037407055497169495,58.310451507568359,36.512504577636719,4.6532387733459473,29.211765289306641,21.145055770874023,0.789040207862854,0.52581173181533813,18.523845672607422,0.00031760614365339279,1.5244239568710327,0.60385119915008545,0
75,100.73037906410173,22.705027782167306,25.939642358571874,8.343605183765356E-06,19.838696433044969,-2.6131875065647177E-06,0.29858049750328064,0.99468916654586792,1.0733339786529541,0.74066025018692017,0.9697573184967041,4.7575511932373047,0,0,0,0,0,-8.8708343505859375,0.023837694898247719,57.473476409912109,37.005680084228516,1.7845512628555298,33.008125305175781,22.202266693115234,0.86602169275283813,0.5941462516784668,18.378528594970703,0.00031332953949458897,1.5244239568710327,1.3843927383422852,0
76,97.926096908133474,21.821029366804286,24.62541769730451,8.3017128374114712E-06,19.838695945013313,-2.6377874283327062E-06,0.064184784889221191,0.95691299438476562,1.5060017108917236,0.96951413154602051,0.88640207052230835,9.8561534881591797,0,0,0,0,1,-15.554268836975098,0.053964972496032715,55.283790588378906,36.473133087158203,2.6073224544525146,36.505508422851562,23.687154769897461,0.88563978672027588,0.65709912776947021,18.295957565307617,0.00030969080398790538,1.5244239568710327,0.29251635074615479,0
77,100.42375389546156,26.242417291192105,23.744769681892357,8.1882750637835587E-06,19.838696426041423,-2.6135405301357556E-06,-4.6054463386535645,0.93581336736679077,0.89214944839477539,0.80695432424545288,0.9620058536529541,2.1507999897003174,0,1,0,0,0,-9.1333656311035156,0.055123317986726761,57.291667938232422,36.046596527099609,2.7024796009063721,29.412130355834961,27.369466781616211,0.73615849018096924,0.52941828966140747,18.5731201171875,0.00030343155958689749,1.5244238376617432,0.4132513701915741,0
78,100.34453187985346,23.921871310804853,24.001180380870355,8.129822274360375E-06,19.838696942403914,-2.5875125529115205E-06,-0.13814455270767212,1.0315424203872681,0.99729812145233154,1.0133005380630493,1.0821254253387451,-0.15923500061035156,0,0,0,0,0,-15.706603050231934,0.056519001722335815,57.548614501953125,35.840904235839844,3.3948853015899658,32.180141448974609,23.738151550292969,0.80211561918258667,0.5792425274848938,18.457338333129883,0.00030052589136175811,1.5244238376617432,0.35020396113395691,0
79,103.57224549384787,32.262017647146713,29.034273352293241,7.9751424061627311E-06,19.838695747237651,-2.6477565886446217E-06,-4.5601382255554199,1.1328955888748169,0.95905971527099609,0.88934773206710815,0.96810925006866455,-0.45634078979492188,0,1,0,0,0,-9.4327573776245117,0.066430121660232544,59.786899566650391,36.476249694824219,2.9544525146484375,28.921318054199219,26.346744537353516,0.69673794507980347,0.52058368921279907,18.621374130249023,0.00029711969546042383,1.5244238376617432,0.095727220177650452,0
80,101.34403863452376,18.481284202756651,20.709538743519516,7.9230065361347335E-06,19.838693208359182,-2.7757323276082366E-06,0.54129612445831299,1.0562273263931274,0.80178248882293701,1.0656825304031372,0.94194602966308594,5.7654051780700684,0,0,0,0,0,-11.091708183288574,0.062545299530029297,59.479423522949219,36.1328125,1.5330905914306641,34.616035461425781,21.386123657226562,0.83173751831054688,0.62308865785598755,18.383867263793945,0.00029978540260344744,1.5244238376617432,0.12427548319101334,0
81,101.74306086447091,21.631284030299284,21.23228982312401,7.8488840468104423E-06,19.838689898792655,-2.9425556816656371E-06,-0.48300546407699585,1.1836311817169189,0.83263146877288818,0.9863923192024231,0.99723565578460693,1.5877959728240967,0,0,0,0,0,-4.6128520965576172,0.0071036466397345066,59.70147705078125,36.085186004638672,1.2526824474334717,35.367382049560547,24.893583297729492,0.8558429479598999,0.63661283254623413,18.346233367919922,0.00029783733771182597,1.5244237184524536,0.10393443703651428,0
82,97.754618945345285,12.250728948478063,16.23931481548323,7.8734391056487474E-06,19.838691555187108,-2.8590627904377485E-06,5.331139087677002,1.0463047027587891,0.81447774171829224,1.0113478899002075,1.1107227802276611,2.6415510177612305,1,0,0,0,0,-8.7628660202026367,0.014134748838841915,57.453895568847656,35.431098937988281,0.41763597726821899,45.631332397460938,18.420915603637695,1.0603306293487549,0.82136392593383789,17.956996917724609,0.00030284980311989784,1.5244237184524536,0.15295577049255371,0
83,95.294205815438175,12.987959701835644,15.448576404313791,7.9251460706471427E-06,19.838692595567554,-2.8066209511815753E-06,0.95321142673492432,0.78481179475784302,0.84783428907394409,1.0572720766067505,0.93579739332199097,-5.0785531997680664,0,0,0,0,0,-8.870305061340332,0.024698352441191673,54.742221832275391,34.536655426025391,1.566426157951355,40.883644104003906,30.795669555664062,0.96854716539382935,0.73590552806854248,18.134239196777344,0.00029765511862933636,1.5244237184524536,1.395733118057251,0
84,94.949727895725516,22.698676543944458,23.043365140668467,7.9406787356295307E-06,19.838693650010974,-2.7534702481058978E-06,0.89896106719970703,0.82296454906463623,1.4933755397796631,0.93368273973464966,1.1216892004013062,-6.6456136703491211,0,0,0,0,1,-8.57208251953125,0.020373526960611343,52.874809265136719,34.066188812255859,3.5220406055450439,34.671783447265625,30.303569793701172,0.92550015449523926,0.62409204244613647,18.289100646972656,0.00030012166826054454,1.5244237184524536,0.26842769980430603,0
85,100.1542460377328,41.217087928838446,36.012713224792677,7.8498095048462617E-06,19.838692729230971,-2.7998834587726181E-06,1.993746280670166,1.5222806930541992,0.86080002784729004,1.2000312805175781,1.1867775917053223,-2.8286168575286865,0,0,0,1,0,-8.4225931167602539,0.028416689485311508,57.856868743896484,34.694770812988281,3.0568540096282959,34.677345275878906,27.340463638305664,0.88613176345825195,0.62419217824935913,18.328369140625,0.00030845747096464038,1.5244237184524536,0.16771860420703888,0
86,94.657874624207622,12.664813437678676,18.161251705732138,7.8338160061423508E-06,19.838693364541978,-2.7678597141955964E-06,1.7543115615844727,0.75707006454467773,0.85722362995147705,1.076851487159729,1.2319698333740234,2.3038196563720703,0,0,0,0,0,-9.4559745788574219,0.040555384010076523,55.3663330078125,33.924236297607422,0.9681132435798645,38.197292327880859,24.680545806884766,0.91485625505447388,0.68755120038986206,18.236286163330078,0.00030789655284024775,1.5244237184524536,0.22535073757171631,0
87,92.458794166706497,12.728679823694401,14.927929799237463,7.8678887773045396E-06,19.838693322483451,-2.7699797334067759E-06,0.89327681064605713,0.86985427141189575,0.89226102828979492,0.97858601808547974,1.1863138675689697,-0.47143071889877319,0,0,0,0,0,-8.5516586303710938,0.025909295305609703,53.618083953857422,33.207416534423828,1.1522955894470215,36.636127471923828,26.506664276123047,0.88384151458740234,0.65945029258728027,18.295400619506836,0.00030821727705188096,1.5244235992431641,0.21640455722808838,0
88,90.662977692205459,13.004768485781678,14.800830579427419,7.9373948841663752E-06,19.838693545982242,-2.7587139625852769E-06,1.7302262783050537,0.85224956274032593,0.88518655300140381,0.98665857315063477,1.1632968187332153,3.1223189830780029,0,0,0,0,0,-9.3439464569091797,0.03974253311753273,51.862220764160156,32.428123474121094,1.9172147512435913,36.905353546142578,24.692174911499023,0.87157964706420898,0.66429632902145386,18.302818298339844,0.00030945421895012259,1.5244235992431641,0.17227844893932343,0
89,97.48551294282079,49.480593054277705,42.658242687949972,7.8389357178344845E-06,19.83869495473802,-2.6877036468279967E-06,0.67885643243789673,1.6874136924743652,0.85756134986877441,1.0839961767196655,1.3854247331619263,5.6876125335693359,0,0,0,1,0,-11.249754905700684,0.061665009707212448,56.635665893554688,33.332088470458984,3.3296864032745361,38.412029266357422,23.792179107666016,0.82745653390884399,0.69141650199890137,18.319822311401367,0.00030925421742722392,1.5244235992431641,0.13976623117923737,0
90,97.826921361982826,26.299555956508847,25.958167000717076,7.7515902263313012E-06,19.838693880885838,-2.7418326758638374E-06,-0.82843738794326782,1.093726634979248,0.84324485063552856,0.94159930944442749,1.2126070261001587,4.3458080291748047,0,0,0,0,0,-15.649459838867188,0.075189054012298584,57.299278259277344,33.413120269775391,3.5389103889465332,36.171516418457031,26.546003341674805,0.77382528781890869,0.65108728408813477,18.413782119750977,0.00030558451544493437,1.5244234800338745,0.11034196615219116,0
91,101.66759761299937,38.758503322046892,34.917756756364831,7.5812234383454472E-06,19.838693075664342,-2.7824209976084327E-06,-4.4701933860778809,1.1572334766387939,0.83423793315887451,0.95703220367431641,1.0480612516403198,10.202362060546875,0,1,0,0,0,-10.624137878417969,0.086203768849372864,59.886268615722656,34.24749755859375,3.2791938781738281,31.661964416503906,26.215723037719727,0.65996330976486206,0.56991535425186157,18.608814239501953,0.00030007716850377619,1.5244234800338745,0.17730908095836639,0
92,102.14454329203814,25.432412785604829,24.955386051112438,7.4568328121988769E-06,19.838690104000271,-2.9322119032557317E-06,-1.0574158430099487,1.0875097513198853,0.86008274555206299,1.0482832193374634,1.145077109336853,-5.1595125198364258,0,0,0,0,0,-11.277630805969238,0.065782941877841949,60.25921630859375,34.468124389648438,3.2490487098693848,31.126686096191406,25.443401336669922,0.75899392366409302,0.56028032302856445,18.519414901733398,0.00029902384267188609,1.5244234800338745,0.37120696902275085,0
93,103.28965613374487,29.150538477367082,28.00529613357212,7.3013400956904455E-06,19.838688359763474,-3.0201326114012127E-06,-1.7627862691879272,1.1333398818969727,0.97977185249328613,1.1272643804550171,1.0161302089691162,-4.3607821464538574,0,0,0,0,0,-10.174570083618164,0.066446073353290558,60.685855865478516,35.281646728515625,3.0255081653594971,31.501081466674805,26.811792373657227,0.78290534019470215,0.56701940298080444,18.488763809204102,0.00029672076925635338,1.524423360824585,0.21008129417896271,0
94,103.05033815216274,23.629752478476441,23.868950412293199,7.1715614078842257E-06,19.838687757514418,-3.0504898218330426E-06,-0.82413071393966675,1.0521152019500732,0.86427921056747437,1.1681575775146484,1.0031776428222656,-12.585792541503906,0,0,0,0,0,-11.96799373626709,0.08498469740152359,60.496311187744141,35.199188232421875,3.256744384765625,31.437337875366211,27.702390670776367,0.842307448387146,0.56587207317352295,18.430507659912109,0.00029617187101393938,1.524423360824585,0.42121115326881409,0
95,102.95762580199167,24.244545151522907,24.337133192559996,7.0407043162629074E-06,19.838686268106102,-3.1255655420121155E-06,-1.4052211046218872,1.0277917385101318,0.99852824211120605,1.1922891139984131,1.0835064649581909,-4.0947327613830566,0,0,0,0,0,-10.618197441101074,0.10377120971679688,60.282478332519531,35.46221923828125,2.9464726448059082,31.535270690917969,27.677276611328125,0.85346388816833496,0.56763482093811035,18.417587280273438,0.00029541674302890897,1.524423360824585,0.46066167950630188,0
96,101.02571165353059,19.446214155057095,21.378058030215325,6.9505486602083207E-06,19.838685797452925,-3.1492894770998422E-06,-0.61704683303833008,1.0592054128646851,1.0207934379577637,1.0675978660583496,0.97027420997619629,-9.1037654876708984,0,0,0,0,0,-6.1869940757751465,0.01516574714332819,59.434623718261719,35.135250091552734,1.7964469194412231,32.1046142578125,27.31828498840332,0.87739020586013794,0.57788306474685669,18.383413314819336,0.00029552230262197554,1.524423360824585,0.73134678602218628,0
97,97.034821592085066,13.231347053588834,17.222340821830731,6.9556286686600311E-06,19.838685813043266,-3.1485036240972928E-06,3.1640534400939941,1.1069036722183228,1.1528133153915405,1.1830452680587769,0.87298309803009033,-6.8878412246704102,1,0,0,0,0,-10.51680850982666,0.046193838119506836,56.871330261230469,34.442432403564453,1.4383680820465088,41.736114501953125,22.568336486816406,0.97720688581466675,0.75124996900558472,18.1102294921875,0.00029517660732381046,1.524423360824585,0.4598003625869751,0
98,101.13334497272969,36.354796080071537,32.256289724233504,6.8551706769966257E-06,19.838686443101615,-3.1167446471985492E-06,-0.51303184032440186,1.5080775022506714,1.0121201276779175,1.0698519945144653,1.134433388710022,-3.9537954330444336,0,0,0,1,0,-6.4163699150085449,0.010951931588351727,59.056724548339844,34.96954345703125,2.4468314647674561,40.138088226318359,29.290327072143555,0.88048768043518066,0.72248554229736328,18.235713958740234,0.00029376198654063046,1.5244232416152954,0.18585065007209778,0
99,95.562231021095073,13.610081556745863,19.181228136125426,6.8294766446914558E-06,19.838687255755065,-3.075781707355964E-06,4.62548828125,0.96511292457580566,0.86697840690612793,1.0799874067306519,0.99635255336761475,5.3539943695068359,1,0,0,0,0,-10.331240653991699,0.049251798540353775,55.853225708007812,34.364524841308594,1.0482733249664307,44.254302978515625,22.361288070678711,1.0111883878707886,0.79657745361328125,18.030921936035156,0.00029419985366985202,1.5244232416152954,0.20710812509059906,0
100,92.829544378388675,15.62493842778029,18.357755553985189,6.8394783080109166E-06,19.838687630295752,-3.0569024574452465E-06,1.4607653617858887,0.8623422384262085,0.89767932891845703,1.0797021389007568,1.0963761806488037,7.1387462615966797,0,0,0,0,0,-10.151572227478027,0.045570354908704758,53.609130859375,33.647380828857422,1.2886464595794678,38.792568206787109,28.115650177001953,0.93505209684371948,0.69826620817184448,18.20536994934082,0.00029667076887562871,1.5244232416152954,0.26966631412506104,0
